appointment_month,appointment_status,hcp_type,appointment_mode,time_between_book_and_appointment,count_of_appointments
2020-01,Attended,GP,Face-to-Face,1 Day,653846
2020-01,Attended,GP,Face-to-Face,15  to 21 Days,620789
2020-01,Attended,GP,Face-to-Face,2 to 7 Days,1723834
2020-01,Attended,GP,Face-to-Face,22  to 28 Days,421189
2020-01,Attended,GP,Face-to-Face,8  to 14 Days,1123186
2020-01,Attended,GP,Face-to-Face,More than 28 Days,324732
2020-01,Attended,GP,Face-to-Face,Same Day,5170695
2020-01,Attended,GP,Face-to-Face,Unknown / Data Quality,1330
2020-01,Attended,GP,Home Visit,1 Day,9214
2020-01,Attended,GP,Home Visit,15  to 21 Days,467
2020-01,Attended,GP,Home Visit,2 to 7 Days,7332
2020-01,Attended,GP,Home Visit,22  to 28 Days,211
2020-01,Attended,GP,Home Visit,8  to 14 Days,1280
2020-01,Attended,GP,Home Visit,More than 28 Days,242
2020-01,Attended,GP,Home Visit,Same Day,58917
2020-01,Attended,GP,Home Visit,Unknown / Data Quality,321
2020-01,Attended,GP,Telephone,1 Day,210957
2020-01,Attended,GP,Telephone,15  to 21 Days,46666
2020-01,Attended,GP,Telephone,2 to 7 Days,427405
2020-01,Attended,GP,Telephone,22  to 28 Days,21000
2020-01,Attended,GP,Telephone,8  to 14 Days,126425
2020-01,Attended,GP,Telephone,More than 28 Days,11365
2020-01,Attended,GP,Telephone,Same Day,1621977
2020-01,Attended,GP,Telephone,Unknown / Data Quality,786
2020-01,Attended,GP,Unknown,1 Day,26463
2020-01,Attended,GP,Unknown,15  to 21 Days,18786
2020-01,Attended,GP,Unknown,2 to 7 Days,60393
2020-01,Attended,GP,Unknown,22  to 28 Days,13545
2020-01,Attended,GP,Unknown,8  to 14 Days,36241
2020-01,Attended,GP,Unknown,More than 28 Days,10347
2020-01,Attended,GP,Unknown,Same Day,214199
2020-01,Attended,GP,Unknown,Unknown / Data Quality,144
2020-01,Attended,GP,Video/Online,1 Day,10927
2020-01,Attended,GP,Video/Online,15  to 21 Days,13869
2020-01,Attended,GP,Video/Online,2 to 7 Days,34214
2020-01,Attended,GP,Video/Online,22  to 28 Days,9737
2020-01,Attended,GP,Video/Online,8  to 14 Days,28012
2020-01,Attended,GP,Video/Online,More than 28 Days,4915
2020-01,Attended,GP,Video/Online,Same Day,25471
2020-01,Attended,Other Practice staff,Face-to-Face,1 Day,659229
2020-01,Attended,Other Practice staff,Face-to-Face,15  to 21 Days,851446
2020-01,Attended,Other Practice staff,Face-to-Face,2 to 7 Days,2442447
2020-01,Attended,Other Practice staff,Face-to-Face,22  to 28 Days,602179
2020-01,Attended,Other Practice staff,Face-to-Face,8  to 14 Days,1573660
2020-01,Attended,Other Practice staff,Face-to-Face,More than 28 Days,725559
2020-01,Attended,Other Practice staff,Face-to-Face,Same Day,2549804
2020-01,Attended,Other Practice staff,Face-to-Face,Unknown / Data Quality,1990
2020-01,Attended,Other Practice staff,Home Visit,1 Day,7663
2020-01,Attended,Other Practice staff,Home Visit,15  to 21 Days,1959
2020-01,Attended,Other Practice staff,Home Visit,2 to 7 Days,11956
2020-01,Attended,Other Practice staff,Home Visit,22  to 28 Days,1377
2020-01,Attended,Other Practice staff,Home Visit,8  to 14 Days,4353
2020-01,Attended,Other Practice staff,Home Visit,More than 28 Days,1651
2020-01,Attended,Other Practice staff,Home Visit,Same Day,42617
2020-01,Attended,Other Practice staff,Home Visit,Unknown / Data Quality,115
2020-01,Attended,Other Practice staff,Telephone,1 Day,74945
2020-01,Attended,Other Practice staff,Telephone,15  to 21 Days,12377
2020-01,Attended,Other Practice staff,Telephone,2 to 7 Days,102296
2020-01,Attended,Other Practice staff,Telephone,22  to 28 Days,7909
2020-01,Attended,Other Practice staff,Telephone,8  to 14 Days,26044
2020-01,Attended,Other Practice staff,Telephone,More than 28 Days,7247
2020-01,Attended,Other Practice staff,Telephone,Same Day,678224
2020-01,Attended,Other Practice staff,Telephone,Unknown / Data Quality,193
2020-01,Attended,Other Practice staff,Unknown,1 Day,36308
2020-01,Attended,Other Practice staff,Unknown,15  to 21 Days,29072
2020-01,Attended,Other Practice staff,Unknown,2 to 7 Days,98653
2020-01,Attended,Other Practice staff,Unknown,22  to 28 Days,19864
2020-01,Attended,Other Practice staff,Unknown,8  to 14 Days,57008
2020-01,Attended,Other Practice staff,Unknown,More than 28 Days,21263
2020-01,Attended,Other Practice staff,Unknown,Same Day,146519
2020-01,Attended,Other Practice staff,Unknown,Unknown / Data Quality,94
2020-01,Attended,Other Practice staff,Video/Online,1 Day,3577
2020-01,Attended,Other Practice staff,Video/Online,15  to 21 Days,4582
2020-01,Attended,Other Practice staff,Video/Online,2 to 7 Days,12685
2020-01,Attended,Other Practice staff,Video/Online,22  to 28 Days,2627
2020-01,Attended,Other Practice staff,Video/Online,8  to 14 Days,8426
2020-01,Attended,Other Practice staff,Video/Online,More than 28 Days,2444
2020-01,Attended,Other Practice staff,Video/Online,Same Day,14797
2020-01,Attended,Other Practice staff,Video/Online,Unknown / Data Quality,4
2020-01,Attended,Unknown,Face-to-Face,1 Day,8990
2020-01,Attended,Unknown,Face-to-Face,15  to 21 Days,916
2020-01,Attended,Unknown,Face-to-Face,2 to 7 Days,7132
2020-01,Attended,Unknown,Face-to-Face,22  to 28 Days,919
2020-01,Attended,Unknown,Face-to-Face,8  to 14 Days,2003
2020-01,Attended,Unknown,Face-to-Face,More than 28 Days,594
2020-01,Attended,Unknown,Face-to-Face,Same Day,104164
2020-01,Attended,Unknown,Face-to-Face,Unknown / Data Quality,66
2020-01,Attended,Unknown,Home Visit,1 Day,4715
2020-01,Attended,Unknown,Home Visit,15  to 21 Days,146
2020-01,Attended,Unknown,Home Visit,2 to 7 Days,2916
2020-01,Attended,Unknown,Home Visit,22  to 28 Days,61
2020-01,Attended,Unknown,Home Visit,8  to 14 Days,454
2020-01,Attended,Unknown,Home Visit,More than 28 Days,67
2020-01,Attended,Unknown,Home Visit,Same Day,25292
2020-01,Attended,Unknown,Home Visit,Unknown / Data Quality,97
2020-01,Attended,Unknown,Telephone,1 Day,7392
2020-01,Attended,Unknown,Telephone,15  to 21 Days,117
2020-01,Attended,Unknown,Telephone,2 to 7 Days,3853
2020-01,Attended,Unknown,Telephone,22  to 28 Days,77
2020-01,Attended,Unknown,Telephone,8  to 14 Days,297
2020-01,Attended,Unknown,Telephone,More than 28 Days,46
2020-01,Attended,Unknown,Telephone,Same Day,71391
2020-01,Attended,Unknown,Telephone,Unknown / Data Quality,3
2020-01,Attended,Unknown,Unknown,1 Day,27852
2020-01,Attended,Unknown,Unknown,15  to 21 Days,14329
2020-01,Attended,Unknown,Unknown,2 to 7 Days,71482
2020-01,Attended,Unknown,Unknown,22  to 28 Days,8749
2020-01,Attended,Unknown,Unknown,8  to 14 Days,29607
2020-01,Attended,Unknown,Unknown,More than 28 Days,9417
2020-01,Attended,Unknown,Unknown,Same Day,195674
2020-01,Attended,Unknown,Unknown,Unknown / Data Quality,171
2020-01,DNA,GP,Face-to-Face,1 Day,34364
2020-01,DNA,GP,Face-to-Face,15  to 21 Days,49641
2020-01,DNA,GP,Face-to-Face,2 to 7 Days,112787
2020-01,DNA,GP,Face-to-Face,22  to 28 Days,34267
2020-01,DNA,GP,Face-to-Face,8  to 14 Days,84866
2020-01,DNA,GP,Face-to-Face,More than 28 Days,30872
2020-01,DNA,GP,Face-to-Face,Same Day,104111
2020-01,DNA,GP,Face-to-Face,Unknown / Data Quality,466
2020-01,DNA,GP,Home Visit,1 Day,287
2020-01,DNA,GP,Home Visit,15  to 21 Days,22
2020-01,DNA,GP,Home Visit,2 to 7 Days,301
2020-01,DNA,GP,Home Visit,22  to 28 Days,4
2020-01,DNA,GP,Home Visit,8  to 14 Days,39
2020-01,DNA,GP,Home Visit,More than 28 Days,13
2020-01,DNA,GP,Home Visit,Same Day,1550
2020-01,DNA,GP,Home Visit,Unknown / Data Quality,4
2020-01,DNA,GP,Telephone,1 Day,6236
2020-01,DNA,GP,Telephone,15  to 21 Days,1268
2020-01,DNA,GP,Telephone,2 to 7 Days,11930
2020-01,DNA,GP,Telephone,22  to 28 Days,641
2020-01,DNA,GP,Telephone,8  to 14 Days,3509
2020-01,DNA,GP,Telephone,More than 28 Days,301
2020-01,DNA,GP,Telephone,Same Day,25945
2020-01,DNA,GP,Telephone,Unknown / Data Quality,10
2020-01,DNA,GP,Unknown,1 Day,1376
2020-01,DNA,GP,Unknown,15  to 21 Days,954
2020-01,DNA,GP,Unknown,2 to 7 Days,2701
2020-01,DNA,GP,Unknown,22  to 28 Days,694
2020-01,DNA,GP,Unknown,8  to 14 Days,1452
2020-01,DNA,GP,Unknown,More than 28 Days,771
2020-01,DNA,GP,Unknown,Same Day,6917
2020-01,DNA,GP,Unknown,Unknown / Data Quality,53
2020-01,DNA,GP,Video/Online,1 Day,386
2020-01,DNA,GP,Video/Online,15  to 21 Days,846
2020-01,DNA,GP,Video/Online,2 to 7 Days,1608
2020-01,DNA,GP,Video/Online,22  to 28 Days,608
2020-01,DNA,GP,Video/Online,8  to 14 Days,1658
2020-01,DNA,GP,Video/Online,More than 28 Days,308
2020-01,DNA,GP,Video/Online,Same Day,468
2020-01,DNA,GP,Video/Online,Unknown / Data Quality,1
2020-01,DNA,Other Practice staff,Face-to-Face,1 Day,46245
2020-01,DNA,Other Practice staff,Face-to-Face,15  to 21 Days,84393
2020-01,DNA,Other Practice staff,Face-to-Face,2 to 7 Days,197061
2020-01,DNA,Other Practice staff,Face-to-Face,22  to 28 Days,60665
2020-01,DNA,Other Practice staff,Face-to-Face,8  to 14 Days,144334
2020-01,DNA,Other Practice staff,Face-to-Face,More than 28 Days,86751
2020-01,DNA,Other Practice staff,Face-to-Face,Same Day,71626
2020-01,DNA,Other Practice staff,Face-to-Face,Unknown / Data Quality,120
2020-01,DNA,Other Practice staff,Home Visit,1 Day,406
2020-01,DNA,Other Practice staff,Home Visit,15  to 21 Days,126
2020-01,DNA,Other Practice staff,Home Visit,2 to 7 Days,694
2020-01,DNA,Other Practice staff,Home Visit,22  to 28 Days,109
2020-01,DNA,Other Practice staff,Home Visit,8  to 14 Days,304
2020-01,DNA,Other Practice staff,Home Visit,More than 28 Days,112
2020-01,DNA,Other Practice staff,Home Visit,Same Day,1408
2020-01,DNA,Other Practice staff,Home Visit,Unknown / Data Quality,11
2020-01,DNA,Other Practice staff,Telephone,1 Day,3296
2020-01,DNA,Other Practice staff,Telephone,15  to 21 Days,688
2020-01,DNA,Other Practice staff,Telephone,2 to 7 Days,4814
2020-01,DNA,Other Practice staff,Telephone,22  to 28 Days,478
2020-01,DNA,Other Practice staff,Telephone,8  to 14 Days,1289
2020-01,DNA,Other Practice staff,Telephone,More than 28 Days,454
2020-01,DNA,Other Practice staff,Telephone,Same Day,12484
2020-01,DNA,Other Practice staff,Telephone,Unknown / Data Quality,15
2020-01,DNA,Other Practice staff,Unknown,1 Day,3730
2020-01,DNA,Other Practice staff,Unknown,15  to 21 Days,1770
2020-01,DNA,Other Practice staff,Unknown,2 to 7 Days,6883
2020-01,DNA,Other Practice staff,Unknown,22  to 28 Days,1251
2020-01,DNA,Other Practice staff,Unknown,8  to 14 Days,3033
2020-01,DNA,Other Practice staff,Unknown,More than 28 Days,1887
2020-01,DNA,Other Practice staff,Unknown,Same Day,12400
2020-01,DNA,Other Practice staff,Unknown,Unknown / Data Quality,96
2020-01,DNA,Other Practice staff,Video/Online,1 Day,177
2020-01,DNA,Other Practice staff,Video/Online,15  to 21 Days,352
2020-01,DNA,Other Practice staff,Video/Online,2 to 7 Days,804
2020-01,DNA,Other Practice staff,Video/Online,22  to 28 Days,213
2020-01,DNA,Other Practice staff,Video/Online,8  to 14 Days,590
2020-01,DNA,Other Practice staff,Video/Online,More than 28 Days,276
2020-01,DNA,Other Practice staff,Video/Online,Same Day,235
2020-01,DNA,Unknown,Face-to-Face,1 Day,172
2020-01,DNA,Unknown,Face-to-Face,15  to 21 Days,62
2020-01,DNA,Unknown,Face-to-Face,2 to 7 Days,364
2020-01,DNA,Unknown,Face-to-Face,22  to 28 Days,56
2020-01,DNA,Unknown,Face-to-Face,8  to 14 Days,171
2020-01,DNA,Unknown,Face-to-Face,More than 28 Days,44
2020-01,DNA,Unknown,Face-to-Face,Same Day,525
2020-01,DNA,Unknown,Home Visit,1 Day,567
2020-01,DNA,Unknown,Home Visit,15  to 21 Days,31
2020-01,DNA,Unknown,Home Visit,2 to 7 Days,472
2020-01,DNA,Unknown,Home Visit,22  to 28 Days,121
2020-01,DNA,Unknown,Home Visit,8  to 14 Days,82
2020-01,DNA,Unknown,Home Visit,More than 28 Days,29
2020-01,DNA,Unknown,Home Visit,Same Day,1428
2020-01,DNA,Unknown,Home Visit,Unknown / Data Quality,2
2020-01,DNA,Unknown,Telephone,1 Day,396
2020-01,DNA,Unknown,Telephone,15  to 21 Days,8
2020-01,DNA,Unknown,Telephone,2 to 7 Days,200
2020-01,DNA,Unknown,Telephone,22  to 28 Days,2
2020-01,DNA,Unknown,Telephone,8  to 14 Days,19
2020-01,DNA,Unknown,Telephone,More than 28 Days,4
2020-01,DNA,Unknown,Telephone,Same Day,2453
2020-01,DNA,Unknown,Unknown,1 Day,1219
2020-01,DNA,Unknown,Unknown,15  to 21 Days,1288
2020-01,DNA,Unknown,Unknown,2 to 7 Days,4307
2020-01,DNA,Unknown,Unknown,22  to 28 Days,764
2020-01,DNA,Unknown,Unknown,8  to 14 Days,2361
2020-01,DNA,Unknown,Unknown,More than 28 Days,860
2020-01,DNA,Unknown,Unknown,Same Day,2259
2020-01,DNA,Unknown,Unknown,Unknown / Data Quality,1
2020-01,Unknown,GP,Face-to-Face,1 Day,25594
2020-01,Unknown,GP,Face-to-Face,15  to 21 Days,39738
2020-01,Unknown,GP,Face-to-Face,2 to 7 Days,61371
2020-01,Unknown,GP,Face-to-Face,22  to 28 Days,34877
2020-01,Unknown,GP,Face-to-Face,8  to 14 Days,52259
2020-01,Unknown,GP,Face-to-Face,More than 28 Days,70224
2020-01,Unknown,GP,Face-to-Face,Same Day,103427
2020-01,Unknown,GP,Face-to-Face,Unknown / Data Quality,404
2020-01,Unknown,GP,Home Visit,1 Day,3675
2020-01,Unknown,GP,Home Visit,15  to 21 Days,273
2020-01,Unknown,GP,Home Visit,2 to 7 Days,3751
2020-01,Unknown,GP,Home Visit,22  to 28 Days,148
2020-01,Unknown,GP,Home Visit,8  to 14 Days,646
2020-01,Unknown,GP,Home Visit,More than 28 Days,229
2020-01,Unknown,GP,Home Visit,Same Day,21914
2020-01,Unknown,GP,Home Visit,Unknown / Data Quality,119
2020-01,Unknown,GP,Telephone,1 Day,11606
2020-01,Unknown,GP,Telephone,15  to 21 Days,4297
2020-01,Unknown,GP,Telephone,2 to 7 Days,23307
2020-01,Unknown,GP,Telephone,22  to 28 Days,3067
2020-01,Unknown,GP,Telephone,8  to 14 Days,8949
2020-01,Unknown,GP,Telephone,More than 28 Days,5334
2020-01,Unknown,GP,Telephone,Same Day,47740
2020-01,Unknown,GP,Telephone,Unknown / Data Quality,151
2020-01,Unknown,GP,Unknown,1 Day,1082
2020-01,Unknown,GP,Unknown,15  to 21 Days,2596
2020-01,Unknown,GP,Unknown,2 to 7 Days,4287
2020-01,Unknown,GP,Unknown,22  to 28 Days,2616
2020-01,Unknown,GP,Unknown,8  to 14 Days,4144
2020-01,Unknown,GP,Unknown,More than 28 Days,3324
2020-01,Unknown,GP,Unknown,Same Day,3321
2020-01,Unknown,GP,Unknown,Unknown / Data Quality,3
2020-01,Unknown,GP,Video/Online,1 Day,312
2020-01,Unknown,GP,Video/Online,15  to 21 Days,754
2020-01,Unknown,GP,Video/Online,2 to 7 Days,844
2020-01,Unknown,GP,Video/Online,22  to 28 Days,695
2020-01,Unknown,GP,Video/Online,8  to 14 Days,891
2020-01,Unknown,GP,Video/Online,More than 28 Days,1508
2020-01,Unknown,GP,Video/Online,Same Day,874
2020-01,Unknown,GP,Video/Online,Unknown / Data Quality,1
2020-01,Unknown,Other Practice staff,Face-to-Face,1 Day,41345
2020-01,Unknown,Other Practice staff,Face-to-Face,15  to 21 Days,63278
2020-01,Unknown,Other Practice staff,Face-to-Face,2 to 7 Days,117634
2020-01,Unknown,Other Practice staff,Face-to-Face,22  to 28 Days,51592
2020-01,Unknown,Other Practice staff,Face-to-Face,8  to 14 Days,94028
2020-01,Unknown,Other Practice staff,Face-to-Face,More than 28 Days,115499
2020-01,Unknown,Other Practice staff,Face-to-Face,Same Day,117108
2020-01,Unknown,Other Practice staff,Face-to-Face,Unknown / Data Quality,805
2020-01,Unknown,Other Practice staff,Home Visit,1 Day,3043
2020-01,Unknown,Other Practice staff,Home Visit,15  to 21 Days,841
2020-01,Unknown,Other Practice staff,Home Visit,2 to 7 Days,5090
2020-01,Unknown,Other Practice staff,Home Visit,22  to 28 Days,583
2020-01,Unknown,Other Practice staff,Home Visit,8  to 14 Days,1989
2020-01,Unknown,Other Practice staff,Home Visit,More than 28 Days,1063
2020-01,Unknown,Other Practice staff,Home Visit,Same Day,12833
2020-01,Unknown,Other Practice staff,Home Visit,Unknown / Data Quality,171
2020-01,Unknown,Other Practice staff,Telephone,1 Day,5520
2020-01,Unknown,Other Practice staff,Telephone,15  to 21 Days,1897
2020-01,Unknown,Other Practice staff,Telephone,2 to 7 Days,9709
2020-01,Unknown,Other Practice staff,Telephone,22  to 28 Days,1371
2020-01,Unknown,Other Practice staff,Telephone,8  to 14 Days,3327
2020-01,Unknown,Other Practice staff,Telephone,More than 28 Days,2400
2020-01,Unknown,Other Practice staff,Telephone,Same Day,29075
2020-01,Unknown,Other Practice staff,Telephone,Unknown / Data Quality,102
2020-01,Unknown,Other Practice staff,Unknown,1 Day,2434
2020-01,Unknown,Other Practice staff,Unknown,15  to 21 Days,5924
2020-01,Unknown,Other Practice staff,Unknown,2 to 7 Days,10679
2020-01,Unknown,Other Practice staff,Unknown,22  to 28 Days,4668
2020-01,Unknown,Other Practice staff,Unknown,8  to 14 Days,9988
2020-01,Unknown,Other Practice staff,Unknown,More than 28 Days,6915
2020-01,Unknown,Other Practice staff,Unknown,Same Day,2500
2020-01,Unknown,Other Practice staff,Unknown,Unknown / Data Quality,7
2020-01,Unknown,Other Practice staff,Video/Online,1 Day,247
2020-01,Unknown,Other Practice staff,Video/Online,15  to 21 Days,248
2020-01,Unknown,Other Practice staff,Video/Online,2 to 7 Days,598
2020-01,Unknown,Other Practice staff,Video/Online,22  to 28 Days,182
2020-01,Unknown,Other Practice staff,Video/Online,8  to 14 Days,488
2020-01,Unknown,Other Practice staff,Video/Online,More than 28 Days,623
2020-01,Unknown,Other Practice staff,Video/Online,Same Day,611
2020-01,Unknown,Other Practice staff,Video/Online,Unknown / Data Quality,3
2020-01,Unknown,Unknown,Face-to-Face,1 Day,3004
2020-01,Unknown,Unknown,Face-to-Face,15  to 21 Days,491
2020-01,Unknown,Unknown,Face-to-Face,2 to 7 Days,5120
2020-01,Unknown,Unknown,Face-to-Face,22  to 28 Days,382
2020-01,Unknown,Unknown,Face-to-Face,8  to 14 Days,1234
2020-01,Unknown,Unknown,Face-to-Face,More than 28 Days,818
2020-01,Unknown,Unknown,Face-to-Face,Same Day,15797
2020-01,Unknown,Unknown,Face-to-Face,Unknown / Data Quality,152
2020-01,Unknown,Unknown,Home Visit,1 Day,2215
2020-01,Unknown,Unknown,Home Visit,15  to 21 Days,194
2020-01,Unknown,Unknown,Home Visit,2 to 7 Days,2483
2020-01,Unknown,Unknown,Home Visit,22  to 28 Days,102
2020-01,Unknown,Unknown,Home Visit,8  to 14 Days,371
2020-01,Unknown,Unknown,Home Visit,More than 28 Days,221
2020-01,Unknown,Unknown,Home Visit,Same Day,11568
2020-01,Unknown,Unknown,Home Visit,Unknown / Data Quality,25
2020-01,Unknown,Unknown,Telephone,1 Day,772
2020-01,Unknown,Unknown,Telephone,15  to 21 Days,63
2020-01,Unknown,Unknown,Telephone,2 to 7 Days,1331
2020-01,Unknown,Unknown,Telephone,22  to 28 Days,33
2020-01,Unknown,Unknown,Telephone,8  to 14 Days,103
2020-01,Unknown,Unknown,Telephone,More than 28 Days,25
2020-01,Unknown,Unknown,Telephone,Same Day,3979
2020-01,Unknown,Unknown,Telephone,Unknown / Data Quality,10
2020-01,Unknown,Unknown,Unknown,1 Day,2146
2020-01,Unknown,Unknown,Unknown,15  to 21 Days,3679
2020-01,Unknown,Unknown,Unknown,2 to 7 Days,5953
2020-01,Unknown,Unknown,Unknown,22  to 28 Days,3010
2020-01,Unknown,Unknown,Unknown,8  to 14 Days,4899
2020-01,Unknown,Unknown,Unknown,More than 28 Days,7219
2020-01,Unknown,Unknown,Unknown,Same Day,5902
2020-01,Unknown,Unknown,Unknown,Unknown / Data Quality,24
2020-02,Attended,GP,Face-to-Face,1 Day,565098
2020-02,Attended,GP,Face-to-Face,15  to 21 Days,623088
2020-02,Attended,GP,Face-to-Face,2 to 7 Days,1422308
2020-02,Attended,GP,Face-to-Face,22  to 28 Days,409055
2020-02,Attended,GP,Face-to-Face,8  to 14 Days,1045575
2020-02,Attended,GP,Face-to-Face,More than 28 Days,214042
2020-02,Attended,GP,Face-to-Face,Same Day,4478195
2020-02,Attended,GP,Face-to-Face,Unknown / Data Quality,1210
2020-02,Attended,GP,Home Visit,1 Day,8388
2020-02,Attended,GP,Home Visit,15  to 21 Days,353
2020-02,Attended,GP,Home Visit,2 to 7 Days,6521
2020-02,Attended,GP,Home Visit,22  to 28 Days,197
2020-02,Attended,GP,Home Visit,8  to 14 Days,1256
2020-02,Attended,GP,Home Visit,More than 28 Days,156
2020-02,Attended,GP,Home Visit,Same Day,48682
2020-02,Attended,GP,Home Visit,Unknown / Data Quality,301
2020-02,Attended,GP,Telephone,1 Day,179423
2020-02,Attended,GP,Telephone,15  to 21 Days,46202
2020-02,Attended,GP,Telephone,2 to 7 Days,369152
2020-02,Attended,GP,Telephone,22  to 28 Days,17736
2020-02,Attended,GP,Telephone,8  to 14 Days,147851
2020-02,Attended,GP,Telephone,More than 28 Days,5976
2020-02,Attended,GP,Telephone,Same Day,1435129
2020-02,Attended,GP,Telephone,Unknown / Data Quality,1113
2020-02,Attended,GP,Unknown,1 Day,23472
2020-02,Attended,GP,Unknown,15  to 21 Days,17901
2020-02,Attended,GP,Unknown,2 to 7 Days,50816
2020-02,Attended,GP,Unknown,22  to 28 Days,13575
2020-02,Attended,GP,Unknown,8  to 14 Days,33400
2020-02,Attended,GP,Unknown,More than 28 Days,7117
2020-02,Attended,GP,Unknown,Same Day,184703
2020-02,Attended,GP,Unknown,Unknown / Data Quality,134
2020-02,Attended,GP,Video/Online,1 Day,8983
2020-02,Attended,GP,Video/Online,15  to 21 Days,13881
2020-02,Attended,GP,Video/Online,2 to 7 Days,27827
2020-02,Attended,GP,Video/Online,22  to 28 Days,9137
2020-02,Attended,GP,Video/Online,8  to 14 Days,24589
2020-02,Attended,GP,Video/Online,More than 28 Days,3034
2020-02,Attended,GP,Video/Online,Same Day,22386
2020-02,Attended,Other Practice staff,Face-to-Face,1 Day,550353
2020-02,Attended,Other Practice staff,Face-to-Face,15  to 21 Days,869803
2020-02,Attended,Other Practice staff,Face-to-Face,2 to 7 Days,2019579
2020-02,Attended,Other Practice staff,Face-to-Face,22  to 28 Days,589023
2020-02,Attended,Other Practice staff,Face-to-Face,8  to 14 Days,1607658
2020-02,Attended,Other Practice staff,Face-to-Face,More than 28 Days,499698
2020-02,Attended,Other Practice staff,Face-to-Face,Same Day,2207698
2020-02,Attended,Other Practice staff,Face-to-Face,Unknown / Data Quality,2132
2020-02,Attended,Other Practice staff,Home Visit,1 Day,6893
2020-02,Attended,Other Practice staff,Home Visit,15  to 21 Days,1757
2020-02,Attended,Other Practice staff,Home Visit,2 to 7 Days,10435
2020-02,Attended,Other Practice staff,Home Visit,22  to 28 Days,1395
2020-02,Attended,Other Practice staff,Home Visit,8  to 14 Days,4173
2020-02,Attended,Other Practice staff,Home Visit,More than 28 Days,1172
2020-02,Attended,Other Practice staff,Home Visit,Same Day,36382
2020-02,Attended,Other Practice staff,Home Visit,Unknown / Data Quality,134
2020-02,Attended,Other Practice staff,Telephone,1 Day,68242
2020-02,Attended,Other Practice staff,Telephone,15  to 21 Days,12902
2020-02,Attended,Other Practice staff,Telephone,2 to 7 Days,95912
2020-02,Attended,Other Practice staff,Telephone,22  to 28 Days,7383
2020-02,Attended,Other Practice staff,Telephone,8  to 14 Days,30102
2020-02,Attended,Other Practice staff,Telephone,More than 28 Days,4723
2020-02,Attended,Other Practice staff,Telephone,Same Day,596887
2020-02,Attended,Other Practice staff,Telephone,Unknown / Data Quality,219
2020-02,Attended,Other Practice staff,Unknown,1 Day,31061
2020-02,Attended,Other Practice staff,Unknown,15  to 21 Days,29503
2020-02,Attended,Other Practice staff,Unknown,2 to 7 Days,81037
2020-02,Attended,Other Practice staff,Unknown,22  to 28 Days,18225
2020-02,Attended,Other Practice staff,Unknown,8  to 14 Days,57788
2020-02,Attended,Other Practice staff,Unknown,More than 28 Days,13944
2020-02,Attended,Other Practice staff,Unknown,Same Day,127350
2020-02,Attended,Other Practice staff,Unknown,Unknown / Data Quality,66
2020-02,Attended,Other Practice staff,Video/Online,1 Day,3267
2020-02,Attended,Other Practice staff,Video/Online,15  to 21 Days,4747
2020-02,Attended,Other Practice staff,Video/Online,2 to 7 Days,10966
2020-02,Attended,Other Practice staff,Video/Online,22  to 28 Days,2574
2020-02,Attended,Other Practice staff,Video/Online,8  to 14 Days,8340
2020-02,Attended,Other Practice staff,Video/Online,More than 28 Days,1974
2020-02,Attended,Other Practice staff,Video/Online,Same Day,13274
2020-02,Attended,Unknown,Face-to-Face,1 Day,8214
2020-02,Attended,Unknown,Face-to-Face,15  to 21 Days,1085
2020-02,Attended,Unknown,Face-to-Face,2 to 7 Days,6796
2020-02,Attended,Unknown,Face-to-Face,22  to 28 Days,864
2020-02,Attended,Unknown,Face-to-Face,8  to 14 Days,2555
2020-02,Attended,Unknown,Face-to-Face,More than 28 Days,406
2020-02,Attended,Unknown,Face-to-Face,Same Day,95752
2020-02,Attended,Unknown,Face-to-Face,Unknown / Data Quality,35
2020-02,Attended,Unknown,Home Visit,1 Day,4067
2020-02,Attended,Unknown,Home Visit,15  to 21 Days,170
2020-02,Attended,Unknown,Home Visit,2 to 7 Days,2517
2020-02,Attended,Unknown,Home Visit,22  to 28 Days,65
2020-02,Attended,Unknown,Home Visit,8  to 14 Days,479
2020-02,Attended,Unknown,Home Visit,More than 28 Days,52
2020-02,Attended,Unknown,Home Visit,Same Day,20779
2020-02,Attended,Unknown,Home Visit,Unknown / Data Quality,95
2020-02,Attended,Unknown,Telephone,1 Day,6766
2020-02,Attended,Unknown,Telephone,15  to 21 Days,103
2020-02,Attended,Unknown,Telephone,2 to 7 Days,3874
2020-02,Attended,Unknown,Telephone,22  to 28 Days,64
2020-02,Attended,Unknown,Telephone,8  to 14 Days,404
2020-02,Attended,Unknown,Telephone,More than 28 Days,30
2020-02,Attended,Unknown,Telephone,Same Day,67666
2020-02,Attended,Unknown,Telephone,Unknown / Data Quality,5
2020-02,Attended,Unknown,Unknown,1 Day,24478
2020-02,Attended,Unknown,Unknown,15  to 21 Days,13598
2020-02,Attended,Unknown,Unknown,2 to 7 Days,61922
2020-02,Attended,Unknown,Unknown,22  to 28 Days,7784
2020-02,Attended,Unknown,Unknown,8  to 14 Days,31007
2020-02,Attended,Unknown,Unknown,More than 28 Days,6127
2020-02,Attended,Unknown,Unknown,Same Day,173240
2020-02,Attended,Unknown,Unknown,Unknown / Data Quality,196
2020-02,DNA,GP,Face-to-Face,1 Day,30101
2020-02,DNA,GP,Face-to-Face,15  to 21 Days,56346
2020-02,DNA,GP,Face-to-Face,2 to 7 Days,101024
2020-02,DNA,GP,Face-to-Face,22  to 28 Days,36195
2020-02,DNA,GP,Face-to-Face,8  to 14 Days,89687
2020-02,DNA,GP,Face-to-Face,More than 28 Days,21235
2020-02,DNA,GP,Face-to-Face,Same Day,93718
2020-02,DNA,GP,Face-to-Face,Unknown / Data Quality,393
2020-02,DNA,GP,Home Visit,1 Day,298
2020-02,DNA,GP,Home Visit,15  to 21 Days,13
2020-02,DNA,GP,Home Visit,2 to 7 Days,295
2020-02,DNA,GP,Home Visit,22  to 28 Days,8
2020-02,DNA,GP,Home Visit,8  to 14 Days,38
2020-02,DNA,GP,Home Visit,More than 28 Days,14
2020-02,DNA,GP,Home Visit,Same Day,1304
2020-02,DNA,GP,Telephone,1 Day,5185
2020-02,DNA,GP,Telephone,15  to 21 Days,1297
2020-02,DNA,GP,Telephone,2 to 7 Days,10776
2020-02,DNA,GP,Telephone,22  to 28 Days,467
2020-02,DNA,GP,Telephone,8  to 14 Days,4290
2020-02,DNA,GP,Telephone,More than 28 Days,212
2020-02,DNA,GP,Telephone,Same Day,24093
2020-02,DNA,GP,Telephone,Unknown / Data Quality,11
2020-02,DNA,GP,Unknown,1 Day,1380
2020-02,DNA,GP,Unknown,15  to 21 Days,949
2020-02,DNA,GP,Unknown,2 to 7 Days,2548
2020-02,DNA,GP,Unknown,22  to 28 Days,742
2020-02,DNA,GP,Unknown,8  to 14 Days,1450
2020-02,DNA,GP,Unknown,More than 28 Days,603
2020-02,DNA,GP,Unknown,Same Day,6422
2020-02,DNA,GP,Unknown,Unknown / Data Quality,33
2020-02,DNA,GP,Video/Online,1 Day,312
2020-02,DNA,GP,Video/Online,15  to 21 Days,921
2020-02,DNA,GP,Video/Online,2 to 7 Days,1383
2020-02,DNA,GP,Video/Online,22  to 28 Days,548
2020-02,DNA,GP,Video/Online,8  to 14 Days,1614
2020-02,DNA,GP,Video/Online,More than 28 Days,244
2020-02,DNA,GP,Video/Online,Same Day,415
2020-02,DNA,GP,Video/Online,Unknown / Data Quality,2
2020-02,DNA,Other Practice staff,Face-to-Face,1 Day,38823
2020-02,DNA,Other Practice staff,Face-to-Face,15  to 21 Days,89970
2020-02,DNA,Other Practice staff,Face-to-Face,2 to 7 Days,174189
2020-02,DNA,Other Practice staff,Face-to-Face,22  to 28 Days,58770
2020-02,DNA,Other Practice staff,Face-to-Face,8  to 14 Days,160187
2020-02,DNA,Other Practice staff,Face-to-Face,More than 28 Days,57342
2020-02,DNA,Other Practice staff,Face-to-Face,Same Day,63301
2020-02,DNA,Other Practice staff,Face-to-Face,Unknown / Data Quality,139
2020-02,DNA,Other Practice staff,Home Visit,1 Day,367
2020-02,DNA,Other Practice staff,Home Visit,15  to 21 Days,138
2020-02,DNA,Other Practice staff,Home Visit,2 to 7 Days,635
2020-02,DNA,Other Practice staff,Home Visit,22  to 28 Days,82
2020-02,DNA,Other Practice staff,Home Visit,8  to 14 Days,302
2020-02,DNA,Other Practice staff,Home Visit,More than 28 Days,65
2020-02,DNA,Other Practice staff,Home Visit,Same Day,1153
2020-02,DNA,Other Practice staff,Home Visit,Unknown / Data Quality,10
2020-02,DNA,Other Practice staff,Telephone,1 Day,3046
2020-02,DNA,Other Practice staff,Telephone,15  to 21 Days,718
2020-02,DNA,Other Practice staff,Telephone,2 to 7 Days,4676
2020-02,DNA,Other Practice staff,Telephone,22  to 28 Days,481
2020-02,DNA,Other Practice staff,Telephone,8  to 14 Days,1686
2020-02,DNA,Other Practice staff,Telephone,More than 28 Days,390
2020-02,DNA,Other Practice staff,Telephone,Same Day,11534
2020-02,DNA,Other Practice staff,Telephone,Unknown / Data Quality,5
2020-02,DNA,Other Practice staff,Unknown,1 Day,3044
2020-02,DNA,Other Practice staff,Unknown,15  to 21 Days,1699
2020-02,DNA,Other Practice staff,Unknown,2 to 7 Days,5898
2020-02,DNA,Other Practice staff,Unknown,22  to 28 Days,1286
2020-02,DNA,Other Practice staff,Unknown,8  to 14 Days,3407
2020-02,DNA,Other Practice staff,Unknown,More than 28 Days,1336
2020-02,DNA,Other Practice staff,Unknown,Same Day,11114
2020-02,DNA,Other Practice staff,Unknown,Unknown / Data Quality,64
2020-02,DNA,Other Practice staff,Video/Online,1 Day,154
2020-02,DNA,Other Practice staff,Video/Online,15  to 21 Days,368
2020-02,DNA,Other Practice staff,Video/Online,2 to 7 Days,740
2020-02,DNA,Other Practice staff,Video/Online,22  to 28 Days,174
2020-02,DNA,Other Practice staff,Video/Online,8  to 14 Days,673
2020-02,DNA,Other Practice staff,Video/Online,More than 28 Days,193
2020-02,DNA,Other Practice staff,Video/Online,Same Day,237
2020-02,DNA,Unknown,Face-to-Face,1 Day,132
2020-02,DNA,Unknown,Face-to-Face,15  to 21 Days,119
2020-02,DNA,Unknown,Face-to-Face,2 to 7 Days,370
2020-02,DNA,Unknown,Face-to-Face,22  to 28 Days,51
2020-02,DNA,Unknown,Face-to-Face,8  to 14 Days,229
2020-02,DNA,Unknown,Face-to-Face,More than 28 Days,24
2020-02,DNA,Unknown,Face-to-Face,Same Day,512
2020-02,DNA,Unknown,Home Visit,1 Day,507
2020-02,DNA,Unknown,Home Visit,15  to 21 Days,13
2020-02,DNA,Unknown,Home Visit,2 to 7 Days,458
2020-02,DNA,Unknown,Home Visit,22  to 28 Days,87
2020-02,DNA,Unknown,Home Visit,8  to 14 Days,83
2020-02,DNA,Unknown,Home Visit,More than 28 Days,14
2020-02,DNA,Unknown,Home Visit,Same Day,1281
2020-02,DNA,Unknown,Home Visit,Unknown / Data Quality,12
2020-02,DNA,Unknown,Telephone,1 Day,314
2020-02,DNA,Unknown,Telephone,15  to 21 Days,18
2020-02,DNA,Unknown,Telephone,2 to 7 Days,204
2020-02,DNA,Unknown,Telephone,22  to 28 Days,2
2020-02,DNA,Unknown,Telephone,8  to 14 Days,21
2020-02,DNA,Unknown,Telephone,More than 28 Days,1
2020-02,DNA,Unknown,Telephone,Same Day,2343
2020-02,DNA,Unknown,Unknown,1 Day,876
2020-02,DNA,Unknown,Unknown,15  to 21 Days,1141
2020-02,DNA,Unknown,Unknown,2 to 7 Days,3702
2020-02,DNA,Unknown,Unknown,22  to 28 Days,638
2020-02,DNA,Unknown,Unknown,8  to 14 Days,2444
2020-02,DNA,Unknown,Unknown,More than 28 Days,538
2020-02,DNA,Unknown,Unknown,Same Day,1995
2020-02,Unknown,GP,Face-to-Face,1 Day,22885
2020-02,Unknown,GP,Face-to-Face,15  to 21 Days,40765
2020-02,Unknown,GP,Face-to-Face,2 to 7 Days,52575
2020-02,Unknown,GP,Face-to-Face,22  to 28 Days,38369
2020-02,Unknown,GP,Face-to-Face,8  to 14 Days,51458
2020-02,Unknown,GP,Face-to-Face,More than 28 Days,55300
2020-02,Unknown,GP,Face-to-Face,Same Day,92604
2020-02,Unknown,GP,Face-to-Face,Unknown / Data Quality,579
2020-02,Unknown,GP,Home Visit,1 Day,3362
2020-02,Unknown,GP,Home Visit,15  to 21 Days,237
2020-02,Unknown,GP,Home Visit,2 to 7 Days,3182
2020-02,Unknown,GP,Home Visit,22  to 28 Days,185
2020-02,Unknown,GP,Home Visit,8  to 14 Days,568
2020-02,Unknown,GP,Home Visit,More than 28 Days,192
2020-02,Unknown,GP,Home Visit,Same Day,18598
2020-02,Unknown,GP,Home Visit,Unknown / Data Quality,77
2020-02,Unknown,GP,Telephone,1 Day,10440
2020-02,Unknown,GP,Telephone,15  to 21 Days,4629
2020-02,Unknown,GP,Telephone,2 to 7 Days,20469
2020-02,Unknown,GP,Telephone,22  to 28 Days,3033
2020-02,Unknown,GP,Telephone,8  to 14 Days,9900
2020-02,Unknown,GP,Telephone,More than 28 Days,4731
2020-02,Unknown,GP,Telephone,Same Day,41550
2020-02,Unknown,GP,Telephone,Unknown / Data Quality,231
2020-02,Unknown,GP,Unknown,1 Day,1012
2020-02,Unknown,GP,Unknown,15  to 21 Days,2679
2020-02,Unknown,GP,Unknown,2 to 7 Days,3235
2020-02,Unknown,GP,Unknown,22  to 28 Days,2559
2020-02,Unknown,GP,Unknown,8  to 14 Days,3645
2020-02,Unknown,GP,Unknown,More than 28 Days,2930
2020-02,Unknown,GP,Unknown,Same Day,2827
2020-02,Unknown,GP,Video/Online,1 Day,339
2020-02,Unknown,GP,Video/Online,15  to 21 Days,815
2020-02,Unknown,GP,Video/Online,2 to 7 Days,777
2020-02,Unknown,GP,Video/Online,22  to 28 Days,882
2020-02,Unknown,GP,Video/Online,8  to 14 Days,1011
2020-02,Unknown,GP,Video/Online,More than 28 Days,1455
2020-02,Unknown,GP,Video/Online,Same Day,829
2020-02,Unknown,GP,Video/Online,Unknown / Data Quality,1
2020-02,Unknown,Other Practice staff,Face-to-Face,1 Day,35975
2020-02,Unknown,Other Practice staff,Face-to-Face,15  to 21 Days,65612
2020-02,Unknown,Other Practice staff,Face-to-Face,2 to 7 Days,99048
2020-02,Unknown,Other Practice staff,Face-to-Face,22  to 28 Days,55859
2020-02,Unknown,Other Practice staff,Face-to-Face,8  to 14 Days,96241
2020-02,Unknown,Other Practice staff,Face-to-Face,More than 28 Days,99881
2020-02,Unknown,Other Practice staff,Face-to-Face,Same Day,103277
2020-02,Unknown,Other Practice staff,Face-to-Face,Unknown / Data Quality,807
2020-02,Unknown,Other Practice staff,Home Visit,1 Day,2750
2020-02,Unknown,Other Practice staff,Home Visit,15  to 21 Days,974
2020-02,Unknown,Other Practice staff,Home Visit,2 to 7 Days,4423
2020-02,Unknown,Other Practice staff,Home Visit,22  to 28 Days,751
2020-02,Unknown,Other Practice staff,Home Visit,8  to 14 Days,1955
2020-02,Unknown,Other Practice staff,Home Visit,More than 28 Days,756
2020-02,Unknown,Other Practice staff,Home Visit,Same Day,10841
2020-02,Unknown,Other Practice staff,Home Visit,Unknown / Data Quality,133
2020-02,Unknown,Other Practice staff,Telephone,1 Day,5078
2020-02,Unknown,Other Practice staff,Telephone,15  to 21 Days,1861
2020-02,Unknown,Other Practice staff,Telephone,2 to 7 Days,9343
2020-02,Unknown,Other Practice staff,Telephone,22  to 28 Days,1511
2020-02,Unknown,Other Practice staff,Telephone,8  to 14 Days,3891
2020-02,Unknown,Other Practice staff,Telephone,More than 28 Days,2240
2020-02,Unknown,Other Practice staff,Telephone,Same Day,26000
2020-02,Unknown,Other Practice staff,Telephone,Unknown / Data Quality,153
2020-02,Unknown,Other Practice staff,Unknown,1 Day,1756
2020-02,Unknown,Other Practice staff,Unknown,15  to 21 Days,6527
2020-02,Unknown,Other Practice staff,Unknown,2 to 7 Days,8276
2020-02,Unknown,Other Practice staff,Unknown,22  to 28 Days,4670
2020-02,Unknown,Other Practice staff,Unknown,8  to 14 Days,10202
2020-02,Unknown,Other Practice staff,Unknown,More than 28 Days,5890
2020-02,Unknown,Other Practice staff,Unknown,Same Day,2219
2020-02,Unknown,Other Practice staff,Unknown,Unknown / Data Quality,9
2020-02,Unknown,Other Practice staff,Video/Online,1 Day,343
2020-02,Unknown,Other Practice staff,Video/Online,15  to 21 Days,327
2020-02,Unknown,Other Practice staff,Video/Online,2 to 7 Days,535
2020-02,Unknown,Other Practice staff,Video/Online,22  to 28 Days,287
2020-02,Unknown,Other Practice staff,Video/Online,8  to 14 Days,432
2020-02,Unknown,Other Practice staff,Video/Online,More than 28 Days,474
2020-02,Unknown,Other Practice staff,Video/Online,Same Day,647
2020-02,Unknown,Other Practice staff,Video/Online,Unknown / Data Quality,6
2020-02,Unknown,Unknown,Face-to-Face,1 Day,2712
2020-02,Unknown,Unknown,Face-to-Face,15  to 21 Days,351
2020-02,Unknown,Unknown,Face-to-Face,2 to 7 Days,4638
2020-02,Unknown,Unknown,Face-to-Face,22  to 28 Days,319
2020-02,Unknown,Unknown,Face-to-Face,8  to 14 Days,1383
2020-02,Unknown,Unknown,Face-to-Face,More than 28 Days,788
2020-02,Unknown,Unknown,Face-to-Face,Same Day,13591
2020-02,Unknown,Unknown,Face-to-Face,Unknown / Data Quality,73
2020-02,Unknown,Unknown,Home Visit,1 Day,2005
2020-02,Unknown,Unknown,Home Visit,15  to 21 Days,143
2020-02,Unknown,Unknown,Home Visit,2 to 7 Days,1886
2020-02,Unknown,Unknown,Home Visit,22  to 28 Days,100
2020-02,Unknown,Unknown,Home Visit,8  to 14 Days,410
2020-02,Unknown,Unknown,Home Visit,More than 28 Days,64
2020-02,Unknown,Unknown,Home Visit,Same Day,9039
2020-02,Unknown,Unknown,Home Visit,Unknown / Data Quality,16
2020-02,Unknown,Unknown,Telephone,1 Day,684
2020-02,Unknown,Unknown,Telephone,15  to 21 Days,49
2020-02,Unknown,Unknown,Telephone,2 to 7 Days,1140
2020-02,Unknown,Unknown,Telephone,22  to 28 Days,27
2020-02,Unknown,Unknown,Telephone,8  to 14 Days,109
2020-02,Unknown,Unknown,Telephone,More than 28 Days,33
2020-02,Unknown,Unknown,Telephone,Same Day,3258
2020-02,Unknown,Unknown,Telephone,Unknown / Data Quality,21
2020-02,Unknown,Unknown,Unknown,1 Day,1866
2020-02,Unknown,Unknown,Unknown,15  to 21 Days,3745
2020-02,Unknown,Unknown,Unknown,2 to 7 Days,5231
2020-02,Unknown,Unknown,Unknown,22  to 28 Days,3465
2020-02,Unknown,Unknown,Unknown,8  to 14 Days,5194
2020-02,Unknown,Unknown,Unknown,More than 28 Days,6000
2020-02,Unknown,Unknown,Unknown,Same Day,4814
2020-02,Unknown,Unknown,Unknown,Unknown / Data Quality,18
2020-03,Attended,GP,Face-to-Face,1 Day,448927
2020-03,Attended,GP,Face-to-Face,15  to 21 Days,429386
2020-03,Attended,GP,Face-to-Face,2 to 7 Days,973677
2020-03,Attended,GP,Face-to-Face,22  to 28 Days,311948
2020-03,Attended,GP,Face-to-Face,8  to 14 Days,684028
2020-03,Attended,GP,Face-to-Face,More than 28 Days,180022
2020-03,Attended,GP,Face-to-Face,Same Day,3519700
2020-03,Attended,GP,Face-to-Face,Unknown / Data Quality,888
2020-03,Attended,GP,Home Visit,1 Day,5891
2020-03,Attended,GP,Home Visit,15  to 21 Days,268
2020-03,Attended,GP,Home Visit,2 to 7 Days,4728
2020-03,Attended,GP,Home Visit,22  to 28 Days,183
2020-03,Attended,GP,Home Visit,8  to 14 Days,901
2020-03,Attended,GP,Home Visit,More than 28 Days,106
2020-03,Attended,GP,Home Visit,Same Day,35122
2020-03,Attended,GP,Home Visit,Unknown / Data Quality,135
2020-03,Attended,GP,Telephone,1 Day,365126
2020-03,Attended,GP,Telephone,15  to 21 Days,153868
2020-03,Attended,GP,Telephone,2 to 7 Days,609024
2020-03,Attended,GP,Telephone,22  to 28 Days,103641
2020-03,Attended,GP,Telephone,8  to 14 Days,274418
2020-03,Attended,GP,Telephone,More than 28 Days,50202
2020-03,Attended,GP,Telephone,Same Day,2936583
2020-03,Attended,GP,Telephone,Unknown / Data Quality,1400
2020-03,Attended,GP,Unknown,1 Day,25574
2020-03,Attended,GP,Unknown,15  to 21 Days,15538
2020-03,Attended,GP,Unknown,2 to 7 Days,44179
2020-03,Attended,GP,Unknown,22  to 28 Days,12444
2020-03,Attended,GP,Unknown,8  to 14 Days,24530
2020-03,Attended,GP,Unknown,More than 28 Days,7374
2020-03,Attended,GP,Unknown,Same Day,198939
2020-03,Attended,GP,Unknown,Unknown / Data Quality,112
2020-03,Attended,GP,Video/Online,1 Day,5490
2020-03,Attended,GP,Video/Online,15  to 21 Days,9502
2020-03,Attended,GP,Video/Online,2 to 7 Days,15958
2020-03,Attended,GP,Video/Online,22  to 28 Days,7333
2020-03,Attended,GP,Video/Online,8  to 14 Days,14778
2020-03,Attended,GP,Video/Online,More than 28 Days,3059
2020-03,Attended,GP,Video/Online,Same Day,16004
2020-03,Attended,GP,Video/Online,Unknown / Data Quality,2
2020-03,Attended,Other Practice staff,Face-to-Face,1 Day,501747
2020-03,Attended,Other Practice staff,Face-to-Face,15  to 21 Days,626903
2020-03,Attended,Other Practice staff,Face-to-Face,2 to 7 Days,1574028
2020-03,Attended,Other Practice staff,Face-to-Face,22  to 28 Days,459553
2020-03,Attended,Other Practice staff,Face-to-Face,8  to 14 Days,1128775
2020-03,Attended,Other Practice staff,Face-to-Face,More than 28 Days,435498
2020-03,Attended,Other Practice staff,Face-to-Face,Same Day,1934823
2020-03,Attended,Other Practice staff,Face-to-Face,Unknown / Data Quality,1784
2020-03,Attended,Other Practice staff,Home Visit,1 Day,5502
2020-03,Attended,Other Practice staff,Home Visit,15  to 21 Days,1227
2020-03,Attended,Other Practice staff,Home Visit,2 to 7 Days,8808
2020-03,Attended,Other Practice staff,Home Visit,22  to 28 Days,1024
2020-03,Attended,Other Practice staff,Home Visit,8  to 14 Days,3136
2020-03,Attended,Other Practice staff,Home Visit,More than 28 Days,1038
2020-03,Attended,Other Practice staff,Home Visit,Same Day,27500
2020-03,Attended,Other Practice staff,Home Visit,Unknown / Data Quality,167
2020-03,Attended,Other Practice staff,Telephone,1 Day,128601
2020-03,Attended,Other Practice staff,Telephone,15  to 21 Days,44987
2020-03,Attended,Other Practice staff,Telephone,2 to 7 Days,177883
2020-03,Attended,Other Practice staff,Telephone,22  to 28 Days,31594
2020-03,Attended,Other Practice staff,Telephone,8  to 14 Days,68717
2020-03,Attended,Other Practice staff,Telephone,More than 28 Days,28296
2020-03,Attended,Other Practice staff,Telephone,Same Day,1075166
2020-03,Attended,Other Practice staff,Telephone,Unknown / Data Quality,366
2020-03,Attended,Other Practice staff,Unknown,1 Day,33690
2020-03,Attended,Other Practice staff,Unknown,15  to 21 Days,21778
2020-03,Attended,Other Practice staff,Unknown,2 to 7 Days,66126
2020-03,Attended,Other Practice staff,Unknown,22  to 28 Days,15620
2020-03,Attended,Other Practice staff,Unknown,8  to 14 Days,40141
2020-03,Attended,Other Practice staff,Unknown,More than 28 Days,12561
2020-03,Attended,Other Practice staff,Unknown,Same Day,139169
2020-03,Attended,Other Practice staff,Unknown,Unknown / Data Quality,50
2020-03,Attended,Other Practice staff,Video/Online,1 Day,2502
2020-03,Attended,Other Practice staff,Video/Online,15  to 21 Days,3742
2020-03,Attended,Other Practice staff,Video/Online,2 to 7 Days,7114
2020-03,Attended,Other Practice staff,Video/Online,22  to 28 Days,2335
2020-03,Attended,Other Practice staff,Video/Online,8  to 14 Days,5785
2020-03,Attended,Other Practice staff,Video/Online,More than 28 Days,1538
2020-03,Attended,Other Practice staff,Video/Online,Same Day,10417
2020-03,Attended,Other Practice staff,Video/Online,Unknown / Data Quality,6
2020-03,Attended,Unknown,Face-to-Face,1 Day,8707
2020-03,Attended,Unknown,Face-to-Face,15  to 21 Days,946
2020-03,Attended,Unknown,Face-to-Face,2 to 7 Days,6471
2020-03,Attended,Unknown,Face-to-Face,22  to 28 Days,780
2020-03,Attended,Unknown,Face-to-Face,8  to 14 Days,2051
2020-03,Attended,Unknown,Face-to-Face,More than 28 Days,440
2020-03,Attended,Unknown,Face-to-Face,Same Day,95485
2020-03,Attended,Unknown,Face-to-Face,Unknown / Data Quality,52
2020-03,Attended,Unknown,Home Visit,1 Day,2831
2020-03,Attended,Unknown,Home Visit,15  to 21 Days,97
2020-03,Attended,Unknown,Home Visit,2 to 7 Days,1758
2020-03,Attended,Unknown,Home Visit,22  to 28 Days,72
2020-03,Attended,Unknown,Home Visit,8  to 14 Days,403
2020-03,Attended,Unknown,Home Visit,More than 28 Days,66
2020-03,Attended,Unknown,Home Visit,Same Day,14549
2020-03,Attended,Unknown,Home Visit,Unknown / Data Quality,46
2020-03,Attended,Unknown,Telephone,1 Day,9652
2020-03,Attended,Unknown,Telephone,15  to 21 Days,254
2020-03,Attended,Unknown,Telephone,2 to 7 Days,6270
2020-03,Attended,Unknown,Telephone,22  to 28 Days,151
2020-03,Attended,Unknown,Telephone,8  to 14 Days,706
2020-03,Attended,Unknown,Telephone,More than 28 Days,122
2020-03,Attended,Unknown,Telephone,Same Day,105239
2020-03,Attended,Unknown,Telephone,Unknown / Data Quality,18
2020-03,Attended,Unknown,Unknown,1 Day,25068
2020-03,Attended,Unknown,Unknown,15  to 21 Days,12908
2020-03,Attended,Unknown,Unknown,2 to 7 Days,55448
2020-03,Attended,Unknown,Unknown,22  to 28 Days,8689
2020-03,Attended,Unknown,Unknown,8  to 14 Days,26500
2020-03,Attended,Unknown,Unknown,More than 28 Days,6910
2020-03,Attended,Unknown,Unknown,Same Day,199854
2020-03,Attended,Unknown,Unknown,Unknown / Data Quality,111
2020-03,Attended,Unknown,Video/Online,Same Day,1
2020-03,DNA,GP,Face-to-Face,1 Day,23877
2020-03,DNA,GP,Face-to-Face,15  to 21 Days,39411
2020-03,DNA,GP,Face-to-Face,2 to 7 Days,71580
2020-03,DNA,GP,Face-to-Face,22  to 28 Days,27387
2020-03,DNA,GP,Face-to-Face,8  to 14 Days,60337
2020-03,DNA,GP,Face-to-Face,More than 28 Days,19738
2020-03,DNA,GP,Face-to-Face,Same Day,78026
2020-03,DNA,GP,Face-to-Face,Unknown / Data Quality,241
2020-03,DNA,GP,Home Visit,1 Day,205
2020-03,DNA,GP,Home Visit,15  to 21 Days,20
2020-03,DNA,GP,Home Visit,2 to 7 Days,237
2020-03,DNA,GP,Home Visit,22  to 28 Days,12
2020-03,DNA,GP,Home Visit,8  to 14 Days,38
2020-03,DNA,GP,Home Visit,More than 28 Days,17
2020-03,DNA,GP,Home Visit,Same Day,1149
2020-03,DNA,GP,Home Visit,Unknown / Data Quality,5
2020-03,DNA,GP,Telephone,1 Day,9694
2020-03,DNA,GP,Telephone,15  to 21 Days,4561
2020-03,DNA,GP,Telephone,2 to 7 Days,16778
2020-03,DNA,GP,Telephone,22  to 28 Days,2937
2020-03,DNA,GP,Telephone,8  to 14 Days,7927
2020-03,DNA,GP,Telephone,More than 28 Days,1215
2020-03,DNA,GP,Telephone,Same Day,45204
2020-03,DNA,GP,Telephone,Unknown / Data Quality,26
2020-03,DNA,GP,Unknown,1 Day,1376
2020-03,DNA,GP,Unknown,15  to 21 Days,714
2020-03,DNA,GP,Unknown,2 to 7 Days,2259
2020-03,DNA,GP,Unknown,22  to 28 Days,709
2020-03,DNA,GP,Unknown,8  to 14 Days,1000
2020-03,DNA,GP,Unknown,More than 28 Days,627
2020-03,DNA,GP,Unknown,Same Day,6809
2020-03,DNA,GP,Unknown,Unknown / Data Quality,36
2020-03,DNA,GP,Video/Online,1 Day,220
2020-03,DNA,GP,Video/Online,15  to 21 Days,603
2020-03,DNA,GP,Video/Online,2 to 7 Days,839
2020-03,DNA,GP,Video/Online,22  to 28 Days,407
2020-03,DNA,GP,Video/Online,8  to 14 Days,862
2020-03,DNA,GP,Video/Online,More than 28 Days,173
2020-03,DNA,GP,Video/Online,Same Day,350
2020-03,DNA,Other Practice staff,Face-to-Face,1 Day,40587
2020-03,DNA,Other Practice staff,Face-to-Face,15  to 21 Days,90041
2020-03,DNA,Other Practice staff,Face-to-Face,2 to 7 Days,167918
2020-03,DNA,Other Practice staff,Face-to-Face,22  to 28 Days,63097
2020-03,DNA,Other Practice staff,Face-to-Face,8  to 14 Days,149387
2020-03,DNA,Other Practice staff,Face-to-Face,More than 28 Days,67763
2020-03,DNA,Other Practice staff,Face-to-Face,Same Day,60127
2020-03,DNA,Other Practice staff,Face-to-Face,Unknown / Data Quality,136
2020-03,DNA,Other Practice staff,Home Visit,1 Day,378
2020-03,DNA,Other Practice staff,Home Visit,15  to 21 Days,127
2020-03,DNA,Other Practice staff,Home Visit,2 to 7 Days,513
2020-03,DNA,Other Practice staff,Home Visit,22  to 28 Days,59
2020-03,DNA,Other Practice staff,Home Visit,8  to 14 Days,205
2020-03,DNA,Other Practice staff,Home Visit,More than 28 Days,74
2020-03,DNA,Other Practice staff,Home Visit,Same Day,1051
2020-03,DNA,Other Practice staff,Home Visit,Unknown / Data Quality,19
2020-03,DNA,Other Practice staff,Telephone,1 Day,5809
2020-03,DNA,Other Practice staff,Telephone,15  to 21 Days,2239
2020-03,DNA,Other Practice staff,Telephone,2 to 7 Days,8249
2020-03,DNA,Other Practice staff,Telephone,22  to 28 Days,1553
2020-03,DNA,Other Practice staff,Telephone,8  to 14 Days,3397
2020-03,DNA,Other Practice staff,Telephone,More than 28 Days,1518
2020-03,DNA,Other Practice staff,Telephone,Same Day,21534
2020-03,DNA,Other Practice staff,Telephone,Unknown / Data Quality,16
2020-03,DNA,Other Practice staff,Unknown,1 Day,3334
2020-03,DNA,Other Practice staff,Unknown,15  to 21 Days,1767
2020-03,DNA,Other Practice staff,Unknown,2 to 7 Days,6056
2020-03,DNA,Other Practice staff,Unknown,22  to 28 Days,1350
2020-03,DNA,Other Practice staff,Unknown,8  to 14 Days,3157
2020-03,DNA,Other Practice staff,Unknown,More than 28 Days,1744
2020-03,DNA,Other Practice staff,Unknown,Same Day,11623
2020-03,DNA,Other Practice staff,Unknown,Unknown / Data Quality,116
2020-03,DNA,Other Practice staff,Video/Online,1 Day,172
2020-03,DNA,Other Practice staff,Video/Online,15  to 21 Days,398
2020-03,DNA,Other Practice staff,Video/Online,2 to 7 Days,613
2020-03,DNA,Other Practice staff,Video/Online,22  to 28 Days,221
2020-03,DNA,Other Practice staff,Video/Online,8  to 14 Days,567
2020-03,DNA,Other Practice staff,Video/Online,More than 28 Days,171
2020-03,DNA,Other Practice staff,Video/Online,Same Day,244
2020-03,DNA,Unknown,Face-to-Face,1 Day,159
2020-03,DNA,Unknown,Face-to-Face,15  to 21 Days,147
2020-03,DNA,Unknown,Face-to-Face,2 to 7 Days,382
2020-03,DNA,Unknown,Face-to-Face,22  to 28 Days,90
2020-03,DNA,Unknown,Face-to-Face,8  to 14 Days,225
2020-03,DNA,Unknown,Face-to-Face,More than 28 Days,43
2020-03,DNA,Unknown,Face-to-Face,Same Day,532
2020-03,DNA,Unknown,Home Visit,1 Day,392
2020-03,DNA,Unknown,Home Visit,15  to 21 Days,16
2020-03,DNA,Unknown,Home Visit,2 to 7 Days,355
2020-03,DNA,Unknown,Home Visit,22  to 28 Days,108
2020-03,DNA,Unknown,Home Visit,8  to 14 Days,62
2020-03,DNA,Unknown,Home Visit,More than 28 Days,37
2020-03,DNA,Unknown,Home Visit,Same Day,1380
2020-03,DNA,Unknown,Home Visit,Unknown / Data Quality,11
2020-03,DNA,Unknown,Telephone,1 Day,470
2020-03,DNA,Unknown,Telephone,15  to 21 Days,19
2020-03,DNA,Unknown,Telephone,2 to 7 Days,262
2020-03,DNA,Unknown,Telephone,22  to 28 Days,6
2020-03,DNA,Unknown,Telephone,8  to 14 Days,26
2020-03,DNA,Unknown,Telephone,More than 28 Days,6
2020-03,DNA,Unknown,Telephone,Same Day,2979
2020-03,DNA,Unknown,Unknown,1 Day,924
2020-03,DNA,Unknown,Unknown,15  to 21 Days,1201
2020-03,DNA,Unknown,Unknown,2 to 7 Days,3372
2020-03,DNA,Unknown,Unknown,22  to 28 Days,675
2020-03,DNA,Unknown,Unknown,8  to 14 Days,2331
2020-03,DNA,Unknown,Unknown,More than 28 Days,690
2020-03,DNA,Unknown,Unknown,Same Day,1929
2020-03,Unknown,GP,Face-to-Face,1 Day,38909
2020-03,Unknown,GP,Face-to-Face,15  to 21 Days,102393
2020-03,Unknown,GP,Face-to-Face,2 to 7 Days,93961
2020-03,Unknown,GP,Face-to-Face,22  to 28 Days,85097
2020-03,Unknown,GP,Face-to-Face,8  to 14 Days,116070
2020-03,Unknown,GP,Face-to-Face,More than 28 Days,96880
2020-03,Unknown,GP,Face-to-Face,Same Day,103315
2020-03,Unknown,GP,Face-to-Face,Unknown / Data Quality,584
2020-03,Unknown,GP,Home Visit,1 Day,2410
2020-03,Unknown,GP,Home Visit,15  to 21 Days,234
2020-03,Unknown,GP,Home Visit,2 to 7 Days,2442
2020-03,Unknown,GP,Home Visit,22  to 28 Days,168
2020-03,Unknown,GP,Home Visit,8  to 14 Days,532
2020-03,Unknown,GP,Home Visit,More than 28 Days,295
2020-03,Unknown,GP,Home Visit,Same Day,13597
2020-03,Unknown,GP,Home Visit,Unknown / Data Quality,78
2020-03,Unknown,GP,Telephone,1 Day,20045
2020-03,Unknown,GP,Telephone,15  to 21 Days,18379
2020-03,Unknown,GP,Telephone,2 to 7 Days,47188
2020-03,Unknown,GP,Telephone,22  to 28 Days,11968
2020-03,Unknown,GP,Telephone,8  to 14 Days,35045
2020-03,Unknown,GP,Telephone,More than 28 Days,10788
2020-03,Unknown,GP,Telephone,Same Day,74414
2020-03,Unknown,GP,Telephone,Unknown / Data Quality,249
2020-03,Unknown,GP,Unknown,1 Day,1436
2020-03,Unknown,GP,Unknown,15  to 21 Days,4747
2020-03,Unknown,GP,Unknown,2 to 7 Days,4668
2020-03,Unknown,GP,Unknown,22  to 28 Days,4737
2020-03,Unknown,GP,Unknown,8  to 14 Days,5516
2020-03,Unknown,GP,Unknown,More than 28 Days,4680
2020-03,Unknown,GP,Unknown,Same Day,4450
2020-03,Unknown,GP,Unknown,Unknown / Data Quality,4
2020-03,Unknown,GP,Video/Online,1 Day,642
2020-03,Unknown,GP,Video/Online,15  to 21 Days,1497
2020-03,Unknown,GP,Video/Online,2 to 7 Days,1547
2020-03,Unknown,GP,Video/Online,22  to 28 Days,973
2020-03,Unknown,GP,Video/Online,8  to 14 Days,1661
2020-03,Unknown,GP,Video/Online,More than 28 Days,1644
2020-03,Unknown,GP,Video/Online,Same Day,1504
2020-03,Unknown,GP,Video/Online,Unknown / Data Quality,7
2020-03,Unknown,Other Practice staff,Face-to-Face,1 Day,76778
2020-03,Unknown,Other Practice staff,Face-to-Face,15  to 21 Days,126150
2020-03,Unknown,Other Practice staff,Face-to-Face,2 to 7 Days,207384
2020-03,Unknown,Other Practice staff,Face-to-Face,22  to 28 Days,98743
2020-03,Unknown,Other Practice staff,Face-to-Face,8  to 14 Days,177513
2020-03,Unknown,Other Practice staff,Face-to-Face,More than 28 Days,154515
2020-03,Unknown,Other Practice staff,Face-to-Face,Same Day,127116
2020-03,Unknown,Other Practice staff,Face-to-Face,Unknown / Data Quality,893
2020-03,Unknown,Other Practice staff,Home Visit,1 Day,2313
2020-03,Unknown,Other Practice staff,Home Visit,15  to 21 Days,994
2020-03,Unknown,Other Practice staff,Home Visit,2 to 7 Days,4199
2020-03,Unknown,Other Practice staff,Home Visit,22  to 28 Days,761
2020-03,Unknown,Other Practice staff,Home Visit,8  to 14 Days,1832
2020-03,Unknown,Other Practice staff,Home Visit,More than 28 Days,1074
2020-03,Unknown,Other Practice staff,Home Visit,Same Day,7597
2020-03,Unknown,Other Practice staff,Home Visit,Unknown / Data Quality,87
2020-03,Unknown,Other Practice staff,Telephone,1 Day,9781
2020-03,Unknown,Other Practice staff,Telephone,15  to 21 Days,7307
2020-03,Unknown,Other Practice staff,Telephone,2 to 7 Days,21800
2020-03,Unknown,Other Practice staff,Telephone,22  to 28 Days,4930
2020-03,Unknown,Other Practice staff,Telephone,8  to 14 Days,11768
2020-03,Unknown,Other Practice staff,Telephone,More than 28 Days,6393
2020-03,Unknown,Other Practice staff,Telephone,Same Day,37823
2020-03,Unknown,Other Practice staff,Telephone,Unknown / Data Quality,324
2020-03,Unknown,Other Practice staff,Unknown,1 Day,3396
2020-03,Unknown,Other Practice staff,Unknown,15  to 21 Days,8347
2020-03,Unknown,Other Practice staff,Unknown,2 to 7 Days,10605
2020-03,Unknown,Other Practice staff,Unknown,22  to 28 Days,6837
2020-03,Unknown,Other Practice staff,Unknown,8  to 14 Days,11140
2020-03,Unknown,Other Practice staff,Unknown,More than 28 Days,7909
2020-03,Unknown,Other Practice staff,Unknown,Same Day,4051
2020-03,Unknown,Other Practice staff,Unknown,Unknown / Data Quality,9
2020-03,Unknown,Other Practice staff,Video/Online,1 Day,617
2020-03,Unknown,Other Practice staff,Video/Online,15  to 21 Days,593
2020-03,Unknown,Other Practice staff,Video/Online,2 to 7 Days,1658
2020-03,Unknown,Other Practice staff,Video/Online,22  to 28 Days,352
2020-03,Unknown,Other Practice staff,Video/Online,8  to 14 Days,1040
2020-03,Unknown,Other Practice staff,Video/Online,More than 28 Days,579
2020-03,Unknown,Other Practice staff,Video/Online,Same Day,951
2020-03,Unknown,Unknown,Face-to-Face,1 Day,2248
2020-03,Unknown,Unknown,Face-to-Face,15  to 21 Days,531
2020-03,Unknown,Unknown,Face-to-Face,2 to 7 Days,3845
2020-03,Unknown,Unknown,Face-to-Face,22  to 28 Days,397
2020-03,Unknown,Unknown,Face-to-Face,8  to 14 Days,1423
2020-03,Unknown,Unknown,Face-to-Face,More than 28 Days,963
2020-03,Unknown,Unknown,Face-to-Face,Same Day,10592
2020-03,Unknown,Unknown,Face-to-Face,Unknown / Data Quality,57
2020-03,Unknown,Unknown,Home Visit,1 Day,1389
2020-03,Unknown,Unknown,Home Visit,15  to 21 Days,116
2020-03,Unknown,Unknown,Home Visit,2 to 7 Days,1547
2020-03,Unknown,Unknown,Home Visit,22  to 28 Days,109
2020-03,Unknown,Unknown,Home Visit,8  to 14 Days,376
2020-03,Unknown,Unknown,Home Visit,More than 28 Days,111
2020-03,Unknown,Unknown,Home Visit,Same Day,6923
2020-03,Unknown,Unknown,Home Visit,Unknown / Data Quality,17
2020-03,Unknown,Unknown,Telephone,1 Day,762
2020-03,Unknown,Unknown,Telephone,15  to 21 Days,112
2020-03,Unknown,Unknown,Telephone,2 to 7 Days,1613
2020-03,Unknown,Unknown,Telephone,22  to 28 Days,30
2020-03,Unknown,Unknown,Telephone,8  to 14 Days,218
2020-03,Unknown,Unknown,Telephone,More than 28 Days,33
2020-03,Unknown,Unknown,Telephone,Same Day,4251
2020-03,Unknown,Unknown,Telephone,Unknown / Data Quality,35
2020-03,Unknown,Unknown,Unknown,1 Day,4260
2020-03,Unknown,Unknown,Unknown,15  to 21 Days,8923
2020-03,Unknown,Unknown,Unknown,2 to 7 Days,12923
2020-03,Unknown,Unknown,Unknown,22  to 28 Days,6819
2020-03,Unknown,Unknown,Unknown,8  to 14 Days,12417
2020-03,Unknown,Unknown,Unknown,More than 28 Days,11387
2020-03,Unknown,Unknown,Unknown,Same Day,7155
2020-03,Unknown,Unknown,Unknown,Unknown / Data Quality,27
2020-03,Unknown,Unknown,Video/Online,1 Day,2
2020-03,Unknown,Unknown,Video/Online,2 to 7 Days,1
2020-03,Unknown,Unknown,Video/Online,Same Day,5
2020-04,Attended,GP,Face-to-Face,1 Day,263484
2020-04,Attended,GP,Face-to-Face,15  to 21 Days,26143
2020-04,Attended,GP,Face-to-Face,2 to 7 Days,223918
2020-04,Attended,GP,Face-to-Face,22  to 28 Days,35582
2020-04,Attended,GP,Face-to-Face,8  to 14 Days,50174
2020-04,Attended,GP,Face-to-Face,More than 28 Days,43649
2020-04,Attended,GP,Face-to-Face,Same Day,2139356
2020-04,Attended,GP,Face-to-Face,Unknown / Data Quality,890
2020-04,Attended,GP,Home Visit,1 Day,3000
2020-04,Attended,GP,Home Visit,15  to 21 Days,64
2020-04,Attended,GP,Home Visit,2 to 7 Days,1910
2020-04,Attended,GP,Home Visit,22  to 28 Days,43
2020-04,Attended,GP,Home Visit,8  to 14 Days,237
2020-04,Attended,GP,Home Visit,More than 28 Days,35
2020-04,Attended,GP,Home Visit,Same Day,18516
2020-04,Attended,GP,Home Visit,Unknown / Data Quality,61
2020-04,Attended,GP,Telephone,1 Day,457075
2020-04,Attended,GP,Telephone,15  to 21 Days,35855
2020-04,Attended,GP,Telephone,2 to 7 Days,405984
2020-04,Attended,GP,Telephone,22  to 28 Days,43261
2020-04,Attended,GP,Telephone,8  to 14 Days,77729
2020-04,Attended,GP,Telephone,More than 28 Days,39086
2020-04,Attended,GP,Telephone,Same Day,3991732
2020-04,Attended,GP,Telephone,Unknown / Data Quality,1221
2020-04,Attended,GP,Unknown,1 Day,20497
2020-04,Attended,GP,Unknown,15  to 21 Days,1638
2020-04,Attended,GP,Unknown,2 to 7 Days,17196
2020-04,Attended,GP,Unknown,22  to 28 Days,2203
2020-04,Attended,GP,Unknown,8  to 14 Days,3126
2020-04,Attended,GP,Unknown,More than 28 Days,2262
2020-04,Attended,GP,Unknown,Same Day,171722
2020-04,Attended,GP,Unknown,Unknown / Data Quality,98
2020-04,Attended,GP,Video/Online,1 Day,2447
2020-04,Attended,GP,Video/Online,15  to 21 Days,304
2020-04,Attended,GP,Video/Online,2 to 7 Days,1946
2020-04,Attended,GP,Video/Online,22  to 28 Days,717
2020-04,Attended,GP,Video/Online,8  to 14 Days,456
2020-04,Attended,GP,Video/Online,More than 28 Days,534
2020-04,Attended,GP,Video/Online,Same Day,11181
2020-04,Attended,GP,Video/Online,Unknown / Data Quality,5
2020-04,Attended,Other Practice staff,Face-to-Face,1 Day,367940
2020-04,Attended,Other Practice staff,Face-to-Face,15  to 21 Days,123402
2020-04,Attended,Other Practice staff,Face-to-Face,2 to 7 Days,705691
2020-04,Attended,Other Practice staff,Face-to-Face,22  to 28 Days,129289
2020-04,Attended,Other Practice staff,Face-to-Face,8  to 14 Days,270265
2020-04,Attended,Other Practice staff,Face-to-Face,More than 28 Days,178705
2020-04,Attended,Other Practice staff,Face-to-Face,Same Day,1403856
2020-04,Attended,Other Practice staff,Face-to-Face,Unknown / Data Quality,1933
2020-04,Attended,Other Practice staff,Home Visit,1 Day,5506
2020-04,Attended,Other Practice staff,Home Visit,15  to 21 Days,769
2020-04,Attended,Other Practice staff,Home Visit,2 to 7 Days,11352
2020-04,Attended,Other Practice staff,Home Visit,22  to 28 Days,584
2020-04,Attended,Other Practice staff,Home Visit,8  to 14 Days,3135
2020-04,Attended,Other Practice staff,Home Visit,More than 28 Days,649
2020-04,Attended,Other Practice staff,Home Visit,Same Day,18083
2020-04,Attended,Other Practice staff,Home Visit,Unknown / Data Quality,105
2020-04,Attended,Other Practice staff,Telephone,1 Day,188716
2020-04,Attended,Other Practice staff,Telephone,15  to 21 Days,24321
2020-04,Attended,Other Practice staff,Telephone,2 to 7 Days,224469
2020-04,Attended,Other Practice staff,Telephone,22  to 28 Days,24172
2020-04,Attended,Other Practice staff,Telephone,8  to 14 Days,58122
2020-04,Attended,Other Practice staff,Telephone,More than 28 Days,32889
2020-04,Attended,Other Practice staff,Telephone,Same Day,1465826
2020-04,Attended,Other Practice staff,Telephone,Unknown / Data Quality,754
2020-04,Attended,Other Practice staff,Unknown,1 Day,28055
2020-04,Attended,Other Practice staff,Unknown,15  to 21 Days,4011
2020-04,Attended,Other Practice staff,Unknown,2 to 7 Days,31496
2020-04,Attended,Other Practice staff,Unknown,22  to 28 Days,4364
2020-04,Attended,Other Practice staff,Unknown,8  to 14 Days,8831
2020-04,Attended,Other Practice staff,Unknown,More than 28 Days,5105
2020-04,Attended,Other Practice staff,Unknown,Same Day,122900
2020-04,Attended,Other Practice staff,Unknown,Unknown / Data Quality,85
2020-04,Attended,Other Practice staff,Video/Online,1 Day,1681
2020-04,Attended,Other Practice staff,Video/Online,15  to 21 Days,499
2020-04,Attended,Other Practice staff,Video/Online,2 to 7 Days,2621
2020-04,Attended,Other Practice staff,Video/Online,22  to 28 Days,567
2020-04,Attended,Other Practice staff,Video/Online,8  to 14 Days,835
2020-04,Attended,Other Practice staff,Video/Online,More than 28 Days,525
2020-04,Attended,Other Practice staff,Video/Online,Same Day,8723
2020-04,Attended,Unknown,Face-to-Face,1 Day,7855
2020-04,Attended,Unknown,Face-to-Face,15  to 21 Days,262
2020-04,Attended,Unknown,Face-to-Face,2 to 7 Days,4971
2020-04,Attended,Unknown,Face-to-Face,22  to 28 Days,315
2020-04,Attended,Unknown,Face-to-Face,8  to 14 Days,1162
2020-04,Attended,Unknown,Face-to-Face,More than 28 Days,229
2020-04,Attended,Unknown,Face-to-Face,Same Day,75575
2020-04,Attended,Unknown,Face-to-Face,Unknown / Data Quality,34
2020-04,Attended,Unknown,Home Visit,1 Day,1171
2020-04,Attended,Unknown,Home Visit,15  to 21 Days,16
2020-04,Attended,Unknown,Home Visit,2 to 7 Days,510
2020-04,Attended,Unknown,Home Visit,22  to 28 Days,21
2020-04,Attended,Unknown,Home Visit,8  to 14 Days,84
2020-04,Attended,Unknown,Home Visit,More than 28 Days,18
2020-04,Attended,Unknown,Home Visit,Same Day,6339
2020-04,Attended,Unknown,Home Visit,Unknown / Data Quality,29
2020-04,Attended,Unknown,Telephone,1 Day,10115
2020-04,Attended,Unknown,Telephone,15  to 21 Days,207
2020-04,Attended,Unknown,Telephone,2 to 7 Days,5912
2020-04,Attended,Unknown,Telephone,22  to 28 Days,182
2020-04,Attended,Unknown,Telephone,8  to 14 Days,1107
2020-04,Attended,Unknown,Telephone,More than 28 Days,93
2020-04,Attended,Unknown,Telephone,Same Day,124506
2020-04,Attended,Unknown,Telephone,Unknown / Data Quality,26
2020-04,Attended,Unknown,Unknown,1 Day,14243
2020-04,Attended,Unknown,Unknown,15  to 21 Days,3410
2020-04,Attended,Unknown,Unknown,2 to 7 Days,20196
2020-04,Attended,Unknown,Unknown,22  to 28 Days,3468
2020-04,Attended,Unknown,Unknown,8  to 14 Days,6818
2020-04,Attended,Unknown,Unknown,More than 28 Days,4811
2020-04,Attended,Unknown,Unknown,Same Day,131032
2020-04,Attended,Unknown,Unknown,Unknown / Data Quality,128
2020-04,Attended,Unknown,Video/Online,Same Day,5
2020-04,DNA,GP,Face-to-Face,1 Day,8736
2020-04,DNA,GP,Face-to-Face,15  to 21 Days,2859
2020-04,DNA,GP,Face-to-Face,2 to 7 Days,13321
2020-04,DNA,GP,Face-to-Face,22  to 28 Days,3335
2020-04,DNA,GP,Face-to-Face,8  to 14 Days,4800
2020-04,DNA,GP,Face-to-Face,More than 28 Days,6138
2020-04,DNA,GP,Face-to-Face,Same Day,33961
2020-04,DNA,GP,Face-to-Face,Unknown / Data Quality,52
2020-04,DNA,GP,Home Visit,1 Day,75
2020-04,DNA,GP,Home Visit,2 to 7 Days,66
2020-04,DNA,GP,Home Visit,22  to 28 Days,5
2020-04,DNA,GP,Home Visit,8  to 14 Days,13
2020-04,DNA,GP,Home Visit,More than 28 Days,11
2020-04,DNA,GP,Home Visit,Same Day,500
2020-04,DNA,GP,Telephone,1 Day,9382
2020-04,DNA,GP,Telephone,15  to 21 Days,949
2020-04,DNA,GP,Telephone,2 to 7 Days,9397
2020-04,DNA,GP,Telephone,22  to 28 Days,1088
2020-04,DNA,GP,Telephone,8  to 14 Days,2005
2020-04,DNA,GP,Telephone,More than 28 Days,1009
2020-04,DNA,GP,Telephone,Same Day,46666
2020-04,DNA,GP,Telephone,Unknown / Data Quality,8
2020-04,DNA,GP,Unknown,1 Day,731
2020-04,DNA,GP,Unknown,15  to 21 Days,145
2020-04,DNA,GP,Unknown,2 to 7 Days,1054
2020-04,DNA,GP,Unknown,22  to 28 Days,176
2020-04,DNA,GP,Unknown,8  to 14 Days,231
2020-04,DNA,GP,Unknown,More than 28 Days,235
2020-04,DNA,GP,Unknown,Same Day,4520
2020-04,DNA,GP,Unknown,Unknown / Data Quality,34
2020-04,DNA,GP,Video/Online,1 Day,26
2020-04,DNA,GP,Video/Online,15  to 21 Days,32
2020-04,DNA,GP,Video/Online,2 to 7 Days,68
2020-04,DNA,GP,Video/Online,22  to 28 Days,48
2020-04,DNA,GP,Video/Online,8  to 14 Days,17
2020-04,DNA,GP,Video/Online,More than 28 Days,92
2020-04,DNA,GP,Video/Online,Same Day,141
2020-04,DNA,Other Practice staff,Face-to-Face,1 Day,21500
2020-04,DNA,Other Practice staff,Face-to-Face,15  to 21 Days,21907
2020-04,DNA,Other Practice staff,Face-to-Face,2 to 7 Days,60915
2020-04,DNA,Other Practice staff,Face-to-Face,22  to 28 Days,22392
2020-04,DNA,Other Practice staff,Face-to-Face,8  to 14 Days,35294
2020-04,DNA,Other Practice staff,Face-to-Face,More than 28 Days,43147
2020-04,DNA,Other Practice staff,Face-to-Face,Same Day,35860
2020-04,DNA,Other Practice staff,Face-to-Face,Unknown / Data Quality,162
2020-04,DNA,Other Practice staff,Home Visit,1 Day,193
2020-04,DNA,Other Practice staff,Home Visit,15  to 21 Days,27
2020-04,DNA,Other Practice staff,Home Visit,2 to 7 Days,246
2020-04,DNA,Other Practice staff,Home Visit,22  to 28 Days,23
2020-04,DNA,Other Practice staff,Home Visit,8  to 14 Days,85
2020-04,DNA,Other Practice staff,Home Visit,More than 28 Days,44
2020-04,DNA,Other Practice staff,Home Visit,Same Day,562
2020-04,DNA,Other Practice staff,Home Visit,Unknown / Data Quality,5
2020-04,DNA,Other Practice staff,Telephone,1 Day,8102
2020-04,DNA,Other Practice staff,Telephone,15  to 21 Days,1226
2020-04,DNA,Other Practice staff,Telephone,2 to 7 Days,10260
2020-04,DNA,Other Practice staff,Telephone,22  to 28 Days,1409
2020-04,DNA,Other Practice staff,Telephone,8  to 14 Days,2794
2020-04,DNA,Other Practice staff,Telephone,More than 28 Days,1955
2020-04,DNA,Other Practice staff,Telephone,Same Day,30796
2020-04,DNA,Other Practice staff,Telephone,Unknown / Data Quality,36
2020-04,DNA,Other Practice staff,Unknown,1 Day,2464
2020-04,DNA,Other Practice staff,Unknown,15  to 21 Days,436
2020-04,DNA,Other Practice staff,Unknown,2 to 7 Days,2818
2020-04,DNA,Other Practice staff,Unknown,22  to 28 Days,563
2020-04,DNA,Other Practice staff,Unknown,8  to 14 Days,743
2020-04,DNA,Other Practice staff,Unknown,More than 28 Days,876
2020-04,DNA,Other Practice staff,Unknown,Same Day,8101
2020-04,DNA,Other Practice staff,Unknown,Unknown / Data Quality,109
2020-04,DNA,Other Practice staff,Video/Online,1 Day,123
2020-04,DNA,Other Practice staff,Video/Online,15  to 21 Days,39
2020-04,DNA,Other Practice staff,Video/Online,2 to 7 Days,194
2020-04,DNA,Other Practice staff,Video/Online,22  to 28 Days,76
2020-04,DNA,Other Practice staff,Video/Online,8  to 14 Days,86
2020-04,DNA,Other Practice staff,Video/Online,More than 28 Days,96
2020-04,DNA,Other Practice staff,Video/Online,Same Day,137
2020-04,DNA,Unknown,Face-to-Face,1 Day,74
2020-04,DNA,Unknown,Face-to-Face,15  to 21 Days,39
2020-04,DNA,Unknown,Face-to-Face,2 to 7 Days,81
2020-04,DNA,Unknown,Face-to-Face,22  to 28 Days,36
2020-04,DNA,Unknown,Face-to-Face,8  to 14 Days,42
2020-04,DNA,Unknown,Face-to-Face,More than 28 Days,11
2020-04,DNA,Unknown,Face-to-Face,Same Day,357
2020-04,DNA,Unknown,Home Visit,1 Day,353
2020-04,DNA,Unknown,Home Visit,15  to 21 Days,14
2020-04,DNA,Unknown,Home Visit,2 to 7 Days,240
2020-04,DNA,Unknown,Home Visit,22  to 28 Days,108
2020-04,DNA,Unknown,Home Visit,8  to 14 Days,56
2020-04,DNA,Unknown,Home Visit,More than 28 Days,48
2020-04,DNA,Unknown,Home Visit,Same Day,768
2020-04,DNA,Unknown,Home Visit,Unknown / Data Quality,1
2020-04,DNA,Unknown,Telephone,1 Day,420
2020-04,DNA,Unknown,Telephone,15  to 21 Days,11
2020-04,DNA,Unknown,Telephone,2 to 7 Days,228
2020-04,DNA,Unknown,Telephone,22  to 28 Days,10
2020-04,DNA,Unknown,Telephone,8  to 14 Days,55
2020-04,DNA,Unknown,Telephone,More than 28 Days,9
2020-04,DNA,Unknown,Telephone,Same Day,2325
2020-04,DNA,Unknown,Telephone,Unknown / Data Quality,3
2020-04,DNA,Unknown,Unknown,1 Day,372
2020-04,DNA,Unknown,Unknown,15  to 21 Days,290
2020-04,DNA,Unknown,Unknown,2 to 7 Days,985
2020-04,DNA,Unknown,Unknown,22  to 28 Days,308
2020-04,DNA,Unknown,Unknown,8  to 14 Days,529
2020-04,DNA,Unknown,Unknown,More than 28 Days,656
2020-04,DNA,Unknown,Unknown,Same Day,945
2020-04,DNA,Unknown,Unknown,Unknown / Data Quality,1
2020-04,Unknown,GP,Face-to-Face,1 Day,18752
2020-04,Unknown,GP,Face-to-Face,15  to 21 Days,30817
2020-04,Unknown,GP,Face-to-Face,2 to 7 Days,43741
2020-04,Unknown,GP,Face-to-Face,22  to 28 Days,47432
2020-04,Unknown,GP,Face-to-Face,8  to 14 Days,31629
2020-04,Unknown,GP,Face-to-Face,More than 28 Days,97203
2020-04,Unknown,GP,Face-to-Face,Same Day,66004
2020-04,Unknown,GP,Face-to-Face,Unknown / Data Quality,414
2020-04,Unknown,GP,Home Visit,1 Day,1010
2020-04,Unknown,GP,Home Visit,15  to 21 Days,76
2020-04,Unknown,GP,Home Visit,2 to 7 Days,676
2020-04,Unknown,GP,Home Visit,22  to 28 Days,82
2020-04,Unknown,GP,Home Visit,8  to 14 Days,172
2020-04,Unknown,GP,Home Visit,More than 28 Days,155
2020-04,Unknown,GP,Home Visit,Same Day,5835
2020-04,Unknown,GP,Home Visit,Unknown / Data Quality,17
2020-04,Unknown,GP,Telephone,1 Day,16513
2020-04,Unknown,GP,Telephone,15  to 21 Days,12674
2020-04,Unknown,GP,Telephone,2 to 7 Days,31411
2020-04,Unknown,GP,Telephone,22  to 28 Days,13007
2020-04,Unknown,GP,Telephone,8  to 14 Days,19352
2020-04,Unknown,GP,Telephone,More than 28 Days,17118
2020-04,Unknown,GP,Telephone,Same Day,73302
2020-04,Unknown,GP,Telephone,Unknown / Data Quality,519
2020-04,Unknown,GP,Unknown,1 Day,1244
2020-04,Unknown,GP,Unknown,15  to 21 Days,915
2020-04,Unknown,GP,Unknown,2 to 7 Days,3127
2020-04,Unknown,GP,Unknown,22  to 28 Days,1642
2020-04,Unknown,GP,Unknown,8  to 14 Days,1816
2020-04,Unknown,GP,Unknown,More than 28 Days,2984
2020-04,Unknown,GP,Unknown,Same Day,2360
2020-04,Unknown,GP,Unknown,Unknown / Data Quality,7
2020-04,Unknown,GP,Video/Online,1 Day,231
2020-04,Unknown,GP,Video/Online,15  to 21 Days,519
2020-04,Unknown,GP,Video/Online,2 to 7 Days,494
2020-04,Unknown,GP,Video/Online,22  to 28 Days,776
2020-04,Unknown,GP,Video/Online,8  to 14 Days,403
2020-04,Unknown,GP,Video/Online,More than 28 Days,1643
2020-04,Unknown,GP,Video/Online,Same Day,867
2020-04,Unknown,GP,Video/Online,Unknown / Data Quality,2
2020-04,Unknown,Other Practice staff,Face-to-Face,1 Day,41233
2020-04,Unknown,Other Practice staff,Face-to-Face,15  to 21 Days,90402
2020-04,Unknown,Other Practice staff,Face-to-Face,2 to 7 Days,132825
2020-04,Unknown,Other Practice staff,Face-to-Face,22  to 28 Days,101628
2020-04,Unknown,Other Practice staff,Face-to-Face,8  to 14 Days,114559
2020-04,Unknown,Other Practice staff,Face-to-Face,More than 28 Days,209503
2020-04,Unknown,Other Practice staff,Face-to-Face,Same Day,72436
2020-04,Unknown,Other Practice staff,Face-to-Face,Unknown / Data Quality,701
2020-04,Unknown,Other Practice staff,Home Visit,1 Day,1620
2020-04,Unknown,Other Practice staff,Home Visit,15  to 21 Days,499
2020-04,Unknown,Other Practice staff,Home Visit,2 to 7 Days,3059
2020-04,Unknown,Other Practice staff,Home Visit,22  to 28 Days,452
2020-04,Unknown,Other Practice staff,Home Visit,8  to 14 Days,1119
2020-04,Unknown,Other Practice staff,Home Visit,More than 28 Days,763
2020-04,Unknown,Other Practice staff,Home Visit,Same Day,4234
2020-04,Unknown,Other Practice staff,Home Visit,Unknown / Data Quality,28
2020-04,Unknown,Other Practice staff,Telephone,1 Day,10843
2020-04,Unknown,Other Practice staff,Telephone,15  to 21 Days,8030
2020-04,Unknown,Other Practice staff,Telephone,2 to 7 Days,24270
2020-04,Unknown,Other Practice staff,Telephone,22  to 28 Days,7685
2020-04,Unknown,Other Practice staff,Telephone,8  to 14 Days,13594
2020-04,Unknown,Other Practice staff,Telephone,More than 28 Days,12473
2020-04,Unknown,Other Practice staff,Telephone,Same Day,40159
2020-04,Unknown,Other Practice staff,Telephone,Unknown / Data Quality,481
2020-04,Unknown,Other Practice staff,Unknown,1 Day,2470
2020-04,Unknown,Other Practice staff,Unknown,15  to 21 Days,2281
2020-04,Unknown,Other Practice staff,Unknown,2 to 7 Days,6560
2020-04,Unknown,Other Practice staff,Unknown,22  to 28 Days,3005
2020-04,Unknown,Other Practice staff,Unknown,8  to 14 Days,3852
2020-04,Unknown,Other Practice staff,Unknown,More than 28 Days,6431
2020-04,Unknown,Other Practice staff,Unknown,Same Day,2770
2020-04,Unknown,Other Practice staff,Unknown,Unknown / Data Quality,2
2020-04,Unknown,Other Practice staff,Video/Online,1 Day,223
2020-04,Unknown,Other Practice staff,Video/Online,15  to 21 Days,808
2020-04,Unknown,Other Practice staff,Video/Online,2 to 7 Days,958
2020-04,Unknown,Other Practice staff,Video/Online,22  to 28 Days,597
2020-04,Unknown,Other Practice staff,Video/Online,8  to 14 Days,884
2020-04,Unknown,Other Practice staff,Video/Online,More than 28 Days,870
2020-04,Unknown,Other Practice staff,Video/Online,Same Day,493
2020-04,Unknown,Other Practice staff,Video/Online,Unknown / Data Quality,2
2020-04,Unknown,Unknown,Face-to-Face,1 Day,1141
2020-04,Unknown,Unknown,Face-to-Face,15  to 21 Days,228
2020-04,Unknown,Unknown,Face-to-Face,2 to 7 Days,1950
2020-04,Unknown,Unknown,Face-to-Face,22  to 28 Days,309
2020-04,Unknown,Unknown,Face-to-Face,8  to 14 Days,450
2020-04,Unknown,Unknown,Face-to-Face,More than 28 Days,727
2020-04,Unknown,Unknown,Face-to-Face,Same Day,5688
2020-04,Unknown,Unknown,Face-to-Face,Unknown / Data Quality,42
2020-04,Unknown,Unknown,Home Visit,1 Day,496
2020-04,Unknown,Unknown,Home Visit,15  to 21 Days,50
2020-04,Unknown,Unknown,Home Visit,2 to 7 Days,502
2020-04,Unknown,Unknown,Home Visit,22  to 28 Days,36
2020-04,Unknown,Unknown,Home Visit,8  to 14 Days,91
2020-04,Unknown,Unknown,Home Visit,More than 28 Days,101
2020-04,Unknown,Unknown,Home Visit,Same Day,2833
2020-04,Unknown,Unknown,Home Visit,Unknown / Data Quality,19
2020-04,Unknown,Unknown,Telephone,1 Day,503
2020-04,Unknown,Unknown,Telephone,15  to 21 Days,54
2020-04,Unknown,Unknown,Telephone,2 to 7 Days,1361
2020-04,Unknown,Unknown,Telephone,22  to 28 Days,70
2020-04,Unknown,Unknown,Telephone,8  to 14 Days,209
2020-04,Unknown,Unknown,Telephone,More than 28 Days,82
2020-04,Unknown,Unknown,Telephone,Same Day,2901
2020-04,Unknown,Unknown,Telephone,Unknown / Data Quality,31
2020-04,Unknown,Unknown,Unknown,1 Day,1831
2020-04,Unknown,Unknown,Unknown,15  to 21 Days,7623
2020-04,Unknown,Unknown,Unknown,2 to 7 Days,6962
2020-04,Unknown,Unknown,Unknown,22  to 28 Days,7946
2020-04,Unknown,Unknown,Unknown,8  to 14 Days,7970
2020-04,Unknown,Unknown,Unknown,More than 28 Days,16676
2020-04,Unknown,Unknown,Unknown,Same Day,3717
2020-04,Unknown,Unknown,Unknown,Unknown / Data Quality,15
2020-04,Unknown,Unknown,Video/Online,1 Day,1
2020-04,Unknown,Unknown,Video/Online,2 to 7 Days,4
2020-04,Unknown,Unknown,Video/Online,8  to 14 Days,1
2020-04,Unknown,Unknown,Video/Online,Same Day,5
2020-05,Attended,GP,Face-to-Face,1 Day,343477
2020-05,Attended,GP,Face-to-Face,15  to 21 Days,21220
2020-05,Attended,GP,Face-to-Face,2 to 7 Days,327366
2020-05,Attended,GP,Face-to-Face,22  to 28 Days,12149
2020-05,Attended,GP,Face-to-Face,8  to 14 Days,67458
2020-05,Attended,GP,Face-to-Face,More than 28 Days,11262
2020-05,Attended,GP,Face-to-Face,Same Day,2237340
2020-05,Attended,GP,Face-to-Face,Unknown / Data Quality,706
2020-05,Attended,GP,Home Visit,1 Day,3640
2020-05,Attended,GP,Home Visit,15  to 21 Days,66
2020-05,Attended,GP,Home Visit,2 to 7 Days,2527
2020-05,Attended,GP,Home Visit,22  to 28 Days,32
2020-05,Attended,GP,Home Visit,8  to 14 Days,288
2020-05,Attended,GP,Home Visit,More than 28 Days,24
2020-05,Attended,GP,Home Visit,Same Day,19067
2020-05,Attended,GP,Home Visit,Unknown / Data Quality,69
2020-05,Attended,GP,Telephone,1 Day,545069
2020-05,Attended,GP,Telephone,15  to 21 Days,21323
2020-05,Attended,GP,Telephone,2 to 7 Days,540251
2020-05,Attended,GP,Telephone,22  to 28 Days,11955
2020-05,Attended,GP,Telephone,8  to 14 Days,92938
2020-05,Attended,GP,Telephone,More than 28 Days,6273
2020-05,Attended,GP,Telephone,Same Day,3933486
2020-05,Attended,GP,Telephone,Unknown / Data Quality,1053
2020-05,Attended,GP,Unknown,1 Day,24989
2020-05,Attended,GP,Unknown,15  to 21 Days,1050
2020-05,Attended,GP,Unknown,2 to 7 Days,21266
2020-05,Attended,GP,Unknown,22  to 28 Days,681
2020-05,Attended,GP,Unknown,8  to 14 Days,3555
2020-05,Attended,GP,Unknown,More than 28 Days,626
2020-05,Attended,GP,Unknown,Same Day,160504
2020-05,Attended,GP,Unknown,Unknown / Data Quality,72
2020-05,Attended,GP,Video/Online,1 Day,3258
2020-05,Attended,GP,Video/Online,15  to 21 Days,165
2020-05,Attended,GP,Video/Online,2 to 7 Days,2977
2020-05,Attended,GP,Video/Online,22  to 28 Days,91
2020-05,Attended,GP,Video/Online,8  to 14 Days,478
2020-05,Attended,GP,Video/Online,More than 28 Days,62
2020-05,Attended,GP,Video/Online,Same Day,10596
2020-05,Attended,GP,Video/Online,Unknown / Data Quality,31
2020-05,Attended,Other Practice staff,Face-to-Face,1 Day,456756
2020-05,Attended,Other Practice staff,Face-to-Face,15  to 21 Days,127339
2020-05,Attended,Other Practice staff,Face-to-Face,2 to 7 Days,989659
2020-05,Attended,Other Practice staff,Face-to-Face,22  to 28 Days,103680
2020-05,Attended,Other Practice staff,Face-to-Face,8  to 14 Days,375895
2020-05,Attended,Other Practice staff,Face-to-Face,More than 28 Days,111062
2020-05,Attended,Other Practice staff,Face-to-Face,Same Day,1507746
2020-05,Attended,Other Practice staff,Face-to-Face,Unknown / Data Quality,2111
2020-05,Attended,Other Practice staff,Home Visit,1 Day,6798
2020-05,Attended,Other Practice staff,Home Visit,15  to 21 Days,1159
2020-05,Attended,Other Practice staff,Home Visit,2 to 7 Days,14883
2020-05,Attended,Other Practice staff,Home Visit,22  to 28 Days,856
2020-05,Attended,Other Practice staff,Home Visit,8  to 14 Days,4731
2020-05,Attended,Other Practice staff,Home Visit,More than 28 Days,793
2020-05,Attended,Other Practice staff,Home Visit,Same Day,19408
2020-05,Attended,Other Practice staff,Home Visit,Unknown / Data Quality,115
2020-05,Attended,Other Practice staff,Telephone,1 Day,225996
2020-05,Attended,Other Practice staff,Telephone,15  to 21 Days,23304
2020-05,Attended,Other Practice staff,Telephone,2 to 7 Days,294153
2020-05,Attended,Other Practice staff,Telephone,22  to 28 Days,14435
2020-05,Attended,Other Practice staff,Telephone,8  to 14 Days,80912
2020-05,Attended,Other Practice staff,Telephone,More than 28 Days,12388
2020-05,Attended,Other Practice staff,Telephone,Same Day,1478148
2020-05,Attended,Other Practice staff,Telephone,Unknown / Data Quality,771
2020-05,Attended,Other Practice staff,Unknown,1 Day,31523
2020-05,Attended,Other Practice staff,Unknown,15  to 21 Days,3982
2020-05,Attended,Other Practice staff,Unknown,2 to 7 Days,42837
2020-05,Attended,Other Practice staff,Unknown,22  to 28 Days,3292
2020-05,Attended,Other Practice staff,Unknown,8  to 14 Days,12710
2020-05,Attended,Other Practice staff,Unknown,More than 28 Days,2544
2020-05,Attended,Other Practice staff,Unknown,Same Day,123050
2020-05,Attended,Other Practice staff,Unknown,Unknown / Data Quality,99
2020-05,Attended,Other Practice staff,Video/Online,1 Day,2235
2020-05,Attended,Other Practice staff,Video/Online,15  to 21 Days,419
2020-05,Attended,Other Practice staff,Video/Online,2 to 7 Days,4063
2020-05,Attended,Other Practice staff,Video/Online,22  to 28 Days,272
2020-05,Attended,Other Practice staff,Video/Online,8  to 14 Days,1231
2020-05,Attended,Other Practice staff,Video/Online,More than 28 Days,296
2020-05,Attended,Other Practice staff,Video/Online,Same Day,9180
2020-05,Attended,Other Practice staff,Video/Online,Unknown / Data Quality,2
2020-05,Attended,Unknown,Face-to-Face,1 Day,8119
2020-05,Attended,Unknown,Face-to-Face,15  to 21 Days,436
2020-05,Attended,Unknown,Face-to-Face,2 to 7 Days,5707
2020-05,Attended,Unknown,Face-to-Face,22  to 28 Days,266
2020-05,Attended,Unknown,Face-to-Face,8  to 14 Days,1613
2020-05,Attended,Unknown,Face-to-Face,More than 28 Days,192
2020-05,Attended,Unknown,Face-to-Face,Same Day,72728
2020-05,Attended,Unknown,Face-to-Face,Unknown / Data Quality,18
2020-05,Attended,Unknown,Home Visit,1 Day,1279
2020-05,Attended,Unknown,Home Visit,15  to 21 Days,32
2020-05,Attended,Unknown,Home Visit,2 to 7 Days,727
2020-05,Attended,Unknown,Home Visit,22  to 28 Days,46
2020-05,Attended,Unknown,Home Visit,8  to 14 Days,166
2020-05,Attended,Unknown,Home Visit,More than 28 Days,20
2020-05,Attended,Unknown,Home Visit,Same Day,6441
2020-05,Attended,Unknown,Home Visit,Unknown / Data Quality,14
2020-05,Attended,Unknown,Telephone,1 Day,11896
2020-05,Attended,Unknown,Telephone,15  to 21 Days,245
2020-05,Attended,Unknown,Telephone,2 to 7 Days,6833
2020-05,Attended,Unknown,Telephone,22  to 28 Days,135
2020-05,Attended,Unknown,Telephone,8  to 14 Days,1264
2020-05,Attended,Unknown,Telephone,More than 28 Days,49
2020-05,Attended,Unknown,Telephone,Same Day,119687
2020-05,Attended,Unknown,Telephone,Unknown / Data Quality,6
2020-05,Attended,Unknown,Unknown,1 Day,17214
2020-05,Attended,Unknown,Unknown,15  to 21 Days,2726
2020-05,Attended,Unknown,Unknown,2 to 7 Days,26003
2020-05,Attended,Unknown,Unknown,22  to 28 Days,1831
2020-05,Attended,Unknown,Unknown,8  to 14 Days,8083
2020-05,Attended,Unknown,Unknown,More than 28 Days,2468
2020-05,Attended,Unknown,Unknown,Same Day,143753
2020-05,Attended,Unknown,Unknown,Unknown / Data Quality,96
2020-05,Attended,Unknown,Video/Online,Same Day,2
2020-05,DNA,GP,Face-to-Face,1 Day,8963
2020-05,DNA,GP,Face-to-Face,15  to 21 Days,2489
2020-05,DNA,GP,Face-to-Face,2 to 7 Days,13418
2020-05,DNA,GP,Face-to-Face,22  to 28 Days,1555
2020-05,DNA,GP,Face-to-Face,8  to 14 Days,5970
2020-05,DNA,GP,Face-to-Face,More than 28 Days,2225
2020-05,DNA,GP,Face-to-Face,Same Day,31547
2020-05,DNA,GP,Face-to-Face,Unknown / Data Quality,94
2020-05,DNA,GP,Home Visit,1 Day,87
2020-05,DNA,GP,Home Visit,15  to 21 Days,5
2020-05,DNA,GP,Home Visit,2 to 7 Days,94
2020-05,DNA,GP,Home Visit,22  to 28 Days,11
2020-05,DNA,GP,Home Visit,8  to 14 Days,16
2020-05,DNA,GP,Home Visit,More than 28 Days,3
2020-05,DNA,GP,Home Visit,Same Day,519
2020-05,DNA,GP,Home Visit,Unknown / Data Quality,1
2020-05,DNA,GP,Telephone,1 Day,11523
2020-05,DNA,GP,Telephone,15  to 21 Days,683
2020-05,DNA,GP,Telephone,2 to 7 Days,11742
2020-05,DNA,GP,Telephone,22  to 28 Days,282
2020-05,DNA,GP,Telephone,8  to 14 Days,2616
2020-05,DNA,GP,Telephone,More than 28 Days,150
2020-05,DNA,GP,Telephone,Same Day,48550
2020-05,DNA,GP,Telephone,Unknown / Data Quality,11
2020-05,DNA,GP,Unknown,1 Day,785
2020-05,DNA,GP,Unknown,15  to 21 Days,95
2020-05,DNA,GP,Unknown,2 to 7 Days,1003
2020-05,DNA,GP,Unknown,22  to 28 Days,49
2020-05,DNA,GP,Unknown,8  to 14 Days,254
2020-05,DNA,GP,Unknown,More than 28 Days,129
2020-05,DNA,GP,Unknown,Same Day,4648
2020-05,DNA,GP,Unknown,Unknown / Data Quality,56
2020-05,DNA,GP,Video/Online,1 Day,41
2020-05,DNA,GP,Video/Online,15  to 21 Days,60
2020-05,DNA,GP,Video/Online,2 to 7 Days,64
2020-05,DNA,GP,Video/Online,22  to 28 Days,30
2020-05,DNA,GP,Video/Online,8  to 14 Days,47
2020-05,DNA,GP,Video/Online,More than 28 Days,44
2020-05,DNA,GP,Video/Online,Same Day,48
2020-05,DNA,Other Practice staff,Face-to-Face,1 Day,20769
2020-05,DNA,Other Practice staff,Face-to-Face,15  to 21 Days,14692
2020-05,DNA,Other Practice staff,Face-to-Face,2 to 7 Days,66182
2020-05,DNA,Other Practice staff,Face-to-Face,22  to 28 Days,10339
2020-05,DNA,Other Practice staff,Face-to-Face,8  to 14 Days,35583
2020-05,DNA,Other Practice staff,Face-to-Face,More than 28 Days,22323
2020-05,DNA,Other Practice staff,Face-to-Face,Same Day,34929
2020-05,DNA,Other Practice staff,Face-to-Face,Unknown / Data Quality,83
2020-05,DNA,Other Practice staff,Home Visit,1 Day,239
2020-05,DNA,Other Practice staff,Home Visit,15  to 21 Days,41
2020-05,DNA,Other Practice staff,Home Visit,2 to 7 Days,407
2020-05,DNA,Other Practice staff,Home Visit,22  to 28 Days,40
2020-05,DNA,Other Practice staff,Home Visit,8  to 14 Days,96
2020-05,DNA,Other Practice staff,Home Visit,More than 28 Days,30
2020-05,DNA,Other Practice staff,Home Visit,Same Day,788
2020-05,DNA,Other Practice staff,Home Visit,Unknown / Data Quality,3
2020-05,DNA,Other Practice staff,Telephone,1 Day,9668
2020-05,DNA,Other Practice staff,Telephone,15  to 21 Days,1244
2020-05,DNA,Other Practice staff,Telephone,2 to 7 Days,14366
2020-05,DNA,Other Practice staff,Telephone,22  to 28 Days,889
2020-05,DNA,Other Practice staff,Telephone,8  to 14 Days,4614
2020-05,DNA,Other Practice staff,Telephone,More than 28 Days,819
2020-05,DNA,Other Practice staff,Telephone,Same Day,34117
2020-05,DNA,Other Practice staff,Telephone,Unknown / Data Quality,48
2020-05,DNA,Other Practice staff,Unknown,1 Day,2432
2020-05,DNA,Other Practice staff,Unknown,15  to 21 Days,258
2020-05,DNA,Other Practice staff,Unknown,2 to 7 Days,3331
2020-05,DNA,Other Practice staff,Unknown,22  to 28 Days,287
2020-05,DNA,Other Practice staff,Unknown,8  to 14 Days,950
2020-05,DNA,Other Practice staff,Unknown,More than 28 Days,419
2020-05,DNA,Other Practice staff,Unknown,Same Day,7937
2020-05,DNA,Other Practice staff,Unknown,Unknown / Data Quality,53
2020-05,DNA,Other Practice staff,Video/Online,1 Day,66
2020-05,DNA,Other Practice staff,Video/Online,15  to 21 Days,38
2020-05,DNA,Other Practice staff,Video/Online,2 to 7 Days,255
2020-05,DNA,Other Practice staff,Video/Online,22  to 28 Days,13
2020-05,DNA,Other Practice staff,Video/Online,8  to 14 Days,130
2020-05,DNA,Other Practice staff,Video/Online,More than 28 Days,57
2020-05,DNA,Other Practice staff,Video/Online,Same Day,109
2020-05,DNA,Unknown,Face-to-Face,1 Day,103
2020-05,DNA,Unknown,Face-to-Face,15  to 21 Days,32
2020-05,DNA,Unknown,Face-to-Face,2 to 7 Days,120
2020-05,DNA,Unknown,Face-to-Face,22  to 28 Days,27
2020-05,DNA,Unknown,Face-to-Face,8  to 14 Days,49
2020-05,DNA,Unknown,Face-to-Face,More than 28 Days,13
2020-05,DNA,Unknown,Face-to-Face,Same Day,288
2020-05,DNA,Unknown,Home Visit,1 Day,335
2020-05,DNA,Unknown,Home Visit,15  to 21 Days,40
2020-05,DNA,Unknown,Home Visit,2 to 7 Days,298
2020-05,DNA,Unknown,Home Visit,22  to 28 Days,103
2020-05,DNA,Unknown,Home Visit,8  to 14 Days,66
2020-05,DNA,Unknown,Home Visit,More than 28 Days,38
2020-05,DNA,Unknown,Home Visit,Same Day,830
2020-05,DNA,Unknown,Home Visit,Unknown / Data Quality,4
2020-05,DNA,Unknown,Telephone,1 Day,398
2020-05,DNA,Unknown,Telephone,15  to 21 Days,12
2020-05,DNA,Unknown,Telephone,2 to 7 Days,293
2020-05,DNA,Unknown,Telephone,22  to 28 Days,11
2020-05,DNA,Unknown,Telephone,8  to 14 Days,49
2020-05,DNA,Unknown,Telephone,More than 28 Days,2
2020-05,DNA,Unknown,Telephone,Same Day,2434
2020-05,DNA,Unknown,Unknown,1 Day,385
2020-05,DNA,Unknown,Unknown,15  to 21 Days,149
2020-05,DNA,Unknown,Unknown,2 to 7 Days,1024
2020-05,DNA,Unknown,Unknown,22  to 28 Days,106
2020-05,DNA,Unknown,Unknown,8  to 14 Days,488
2020-05,DNA,Unknown,Unknown,More than 28 Days,331
2020-05,DNA,Unknown,Unknown,Same Day,775
2020-05,Unknown,GP,Face-to-Face,1 Day,15162
2020-05,Unknown,GP,Face-to-Face,15  to 21 Days,13833
2020-05,Unknown,GP,Face-to-Face,2 to 7 Days,33825
2020-05,Unknown,GP,Face-to-Face,22  to 28 Days,9631
2020-05,Unknown,GP,Face-to-Face,8  to 14 Days,22687
2020-05,Unknown,GP,Face-to-Face,More than 28 Days,26227
2020-05,Unknown,GP,Face-to-Face,Same Day,65326
2020-05,Unknown,GP,Face-to-Face,Unknown / Data Quality,268
2020-05,Unknown,GP,Home Visit,1 Day,1077
2020-05,Unknown,GP,Home Visit,15  to 21 Days,84
2020-05,Unknown,GP,Home Visit,2 to 7 Days,1079
2020-05,Unknown,GP,Home Visit,22  to 28 Days,112
2020-05,Unknown,GP,Home Visit,8  to 14 Days,240
2020-05,Unknown,GP,Home Visit,More than 28 Days,45
2020-05,Unknown,GP,Home Visit,Same Day,5703
2020-05,Unknown,GP,Home Visit,Unknown / Data Quality,27
2020-05,Unknown,GP,Telephone,1 Day,13536
2020-05,Unknown,GP,Telephone,15  to 21 Days,6599
2020-05,Unknown,GP,Telephone,2 to 7 Days,28537
2020-05,Unknown,GP,Telephone,22  to 28 Days,4498
2020-05,Unknown,GP,Telephone,8  to 14 Days,14894
2020-05,Unknown,GP,Telephone,More than 28 Days,6150
2020-05,Unknown,GP,Telephone,Same Day,60821
2020-05,Unknown,GP,Telephone,Unknown / Data Quality,360
2020-05,Unknown,GP,Unknown,1 Day,829
2020-05,Unknown,GP,Unknown,15  to 21 Days,984
2020-05,Unknown,GP,Unknown,2 to 7 Days,2081
2020-05,Unknown,GP,Unknown,22  to 28 Days,406
2020-05,Unknown,GP,Unknown,8  to 14 Days,1952
2020-05,Unknown,GP,Unknown,More than 28 Days,744
2020-05,Unknown,GP,Unknown,Same Day,2199
2020-05,Unknown,GP,Unknown,Unknown / Data Quality,4
2020-05,Unknown,GP,Video/Online,1 Day,142
2020-05,Unknown,GP,Video/Online,15  to 21 Days,200
2020-05,Unknown,GP,Video/Online,2 to 7 Days,433
2020-05,Unknown,GP,Video/Online,22  to 28 Days,134
2020-05,Unknown,GP,Video/Online,8  to 14 Days,400
2020-05,Unknown,GP,Video/Online,More than 28 Days,450
2020-05,Unknown,GP,Video/Online,Same Day,672
2020-05,Unknown,GP,Video/Online,Unknown / Data Quality,3
2020-05,Unknown,Other Practice staff,Face-to-Face,1 Day,33336
2020-05,Unknown,Other Practice staff,Face-to-Face,15  to 21 Days,45988
2020-05,Unknown,Other Practice staff,Face-to-Face,2 to 7 Days,98437
2020-05,Unknown,Other Practice staff,Face-to-Face,22  to 28 Days,38180
2020-05,Unknown,Other Practice staff,Face-to-Face,8  to 14 Days,75010
2020-05,Unknown,Other Practice staff,Face-to-Face,More than 28 Days,112077
2020-05,Unknown,Other Practice staff,Face-to-Face,Same Day,69396
2020-05,Unknown,Other Practice staff,Face-to-Face,Unknown / Data Quality,498
2020-05,Unknown,Other Practice staff,Home Visit,1 Day,1354
2020-05,Unknown,Other Practice staff,Home Visit,15  to 21 Days,439
2020-05,Unknown,Other Practice staff,Home Visit,2 to 7 Days,3427
2020-05,Unknown,Other Practice staff,Home Visit,22  to 28 Days,369
2020-05,Unknown,Other Practice staff,Home Visit,8  to 14 Days,1291
2020-05,Unknown,Other Practice staff,Home Visit,More than 28 Days,524
2020-05,Unknown,Other Practice staff,Home Visit,Same Day,4147
2020-05,Unknown,Other Practice staff,Home Visit,Unknown / Data Quality,23
2020-05,Unknown,Other Practice staff,Telephone,1 Day,10835
2020-05,Unknown,Other Practice staff,Telephone,15  to 21 Days,5122
2020-05,Unknown,Other Practice staff,Telephone,2 to 7 Days,24283
2020-05,Unknown,Other Practice staff,Telephone,22  to 28 Days,4305
2020-05,Unknown,Other Practice staff,Telephone,8  to 14 Days,12487
2020-05,Unknown,Other Practice staff,Telephone,More than 28 Days,6807
2020-05,Unknown,Other Practice staff,Telephone,Same Day,39182
2020-05,Unknown,Other Practice staff,Telephone,Unknown / Data Quality,249
2020-05,Unknown,Other Practice staff,Unknown,1 Day,2444
2020-05,Unknown,Other Practice staff,Unknown,15  to 21 Days,2010
2020-05,Unknown,Other Practice staff,Unknown,2 to 7 Days,6177
2020-05,Unknown,Other Practice staff,Unknown,22  to 28 Days,1309
2020-05,Unknown,Other Practice staff,Unknown,8  to 14 Days,3991
2020-05,Unknown,Other Practice staff,Unknown,More than 28 Days,2082
2020-05,Unknown,Other Practice staff,Unknown,Same Day,2799
2020-05,Unknown,Other Practice staff,Unknown,Unknown / Data Quality,9
2020-05,Unknown,Other Practice staff,Video/Online,1 Day,254
2020-05,Unknown,Other Practice staff,Video/Online,15  to 21 Days,200
2020-05,Unknown,Other Practice staff,Video/Online,2 to 7 Days,561
2020-05,Unknown,Other Practice staff,Video/Online,22  to 28 Days,229
2020-05,Unknown,Other Practice staff,Video/Online,8  to 14 Days,411
2020-05,Unknown,Other Practice staff,Video/Online,More than 28 Days,582
2020-05,Unknown,Other Practice staff,Video/Online,Same Day,375
2020-05,Unknown,Other Practice staff,Video/Online,Unknown / Data Quality,1
2020-05,Unknown,Unknown,Face-to-Face,1 Day,1338
2020-05,Unknown,Unknown,Face-to-Face,15  to 21 Days,126
2020-05,Unknown,Unknown,Face-to-Face,2 to 7 Days,2536
2020-05,Unknown,Unknown,Face-to-Face,22  to 28 Days,122
2020-05,Unknown,Unknown,Face-to-Face,8  to 14 Days,660
2020-05,Unknown,Unknown,Face-to-Face,More than 28 Days,368
2020-05,Unknown,Unknown,Face-to-Face,Same Day,6286
2020-05,Unknown,Unknown,Face-to-Face,Unknown / Data Quality,72
2020-05,Unknown,Unknown,Home Visit,1 Day,547
2020-05,Unknown,Unknown,Home Visit,15  to 21 Days,32
2020-05,Unknown,Unknown,Home Visit,2 to 7 Days,637
2020-05,Unknown,Unknown,Home Visit,22  to 28 Days,42
2020-05,Unknown,Unknown,Home Visit,8  to 14 Days,96
2020-05,Unknown,Unknown,Home Visit,More than 28 Days,35
2020-05,Unknown,Unknown,Home Visit,Same Day,2555
2020-05,Unknown,Unknown,Home Visit,Unknown / Data Quality,8
2020-05,Unknown,Unknown,Telephone,1 Day,538
2020-05,Unknown,Unknown,Telephone,15  to 21 Days,44
2020-05,Unknown,Unknown,Telephone,2 to 7 Days,1373
2020-05,Unknown,Unknown,Telephone,22  to 28 Days,40
2020-05,Unknown,Unknown,Telephone,8  to 14 Days,228
2020-05,Unknown,Unknown,Telephone,More than 28 Days,28
2020-05,Unknown,Unknown,Telephone,Same Day,2792
2020-05,Unknown,Unknown,Telephone,Unknown / Data Quality,26
2020-05,Unknown,Unknown,Unknown,1 Day,1526
2020-05,Unknown,Unknown,Unknown,15  to 21 Days,3358
2020-05,Unknown,Unknown,Unknown,2 to 7 Days,4694
2020-05,Unknown,Unknown,Unknown,22  to 28 Days,2867
2020-05,Unknown,Unknown,Unknown,8  to 14 Days,5019
2020-05,Unknown,Unknown,Unknown,More than 28 Days,7948
2020-05,Unknown,Unknown,Unknown,Same Day,3348
2020-05,Unknown,Unknown,Unknown,Unknown / Data Quality,24
2020-05,Unknown,Unknown,Video/Online,2 to 7 Days,1
2020-05,Unknown,Unknown,Video/Online,Same Day,1
2020-06,Attended,GP,Face-to-Face,1 Day,435421
2020-06,Attended,GP,Face-to-Face,15  to 21 Days,31375
2020-06,Attended,GP,Face-to-Face,2 to 7 Days,554912
2020-06,Attended,GP,Face-to-Face,22  to 28 Days,16345
2020-06,Attended,GP,Face-to-Face,8  to 14 Days,104942
2020-06,Attended,GP,Face-to-Face,More than 28 Days,12984
2020-06,Attended,GP,Face-to-Face,Same Day,2496945
2020-06,Attended,GP,Face-to-Face,Unknown / Data Quality,1140
2020-06,Attended,GP,Home Visit,1 Day,4692
2020-06,Attended,GP,Home Visit,15  to 21 Days,85
2020-06,Attended,GP,Home Visit,2 to 7 Days,3901
2020-06,Attended,GP,Home Visit,22  to 28 Days,70
2020-06,Attended,GP,Home Visit,8  to 14 Days,431
2020-06,Attended,GP,Home Visit,More than 28 Days,133
2020-06,Attended,GP,Home Visit,Same Day,22419
2020-06,Attended,GP,Home Visit,Unknown / Data Quality,56
2020-06,Attended,GP,Telephone,1 Day,687238
2020-06,Attended,GP,Telephone,15  to 21 Days,36799
2020-06,Attended,GP,Telephone,2 to 7 Days,922153
2020-06,Attended,GP,Telephone,22  to 28 Days,16708
2020-06,Attended,GP,Telephone,8  to 14 Days,162189
2020-06,Attended,GP,Telephone,More than 28 Days,6610
2020-06,Attended,GP,Telephone,Same Day,4662319
2020-06,Attended,GP,Telephone,Unknown / Data Quality,1397
2020-06,Attended,GP,Unknown,1 Day,29541
2020-06,Attended,GP,Unknown,15  to 21 Days,1506
2020-06,Attended,GP,Unknown,2 to 7 Days,35521
2020-06,Attended,GP,Unknown,22  to 28 Days,870
2020-06,Attended,GP,Unknown,8  to 14 Days,6239
2020-06,Attended,GP,Unknown,More than 28 Days,615
2020-06,Attended,GP,Unknown,Same Day,171817
2020-06,Attended,GP,Unknown,Unknown / Data Quality,54
2020-06,Attended,GP,Video/Online,1 Day,4345
2020-06,Attended,GP,Video/Online,15  to 21 Days,184
2020-06,Attended,GP,Video/Online,2 to 7 Days,4942
2020-06,Attended,GP,Video/Online,22  to 28 Days,109
2020-06,Attended,GP,Video/Online,8  to 14 Days,893
2020-06,Attended,GP,Video/Online,More than 28 Days,72
2020-06,Attended,GP,Video/Online,Same Day,15878
2020-06,Attended,GP,Video/Online,Unknown / Data Quality,13
2020-06,Attended,Other Practice staff,Face-to-Face,1 Day,558280
2020-06,Attended,Other Practice staff,Face-to-Face,15  to 21 Days,199936
2020-06,Attended,Other Practice staff,Face-to-Face,2 to 7 Days,1622287
2020-06,Attended,Other Practice staff,Face-to-Face,22  to 28 Days,136453
2020-06,Attended,Other Practice staff,Face-to-Face,8  to 14 Days,627569
2020-06,Attended,Other Practice staff,Face-to-Face,More than 28 Days,122973
2020-06,Attended,Other Practice staff,Face-to-Face,Same Day,1647248
2020-06,Attended,Other Practice staff,Face-to-Face,Unknown / Data Quality,1600
2020-06,Attended,Other Practice staff,Home Visit,1 Day,7068
2020-06,Attended,Other Practice staff,Home Visit,15  to 21 Days,1579
2020-06,Attended,Other Practice staff,Home Visit,2 to 7 Days,16245
2020-06,Attended,Other Practice staff,Home Visit,22  to 28 Days,1072
2020-06,Attended,Other Practice staff,Home Visit,8  to 14 Days,5288
2020-06,Attended,Other Practice staff,Home Visit,More than 28 Days,892
2020-06,Attended,Other Practice staff,Home Visit,Same Day,23729
2020-06,Attended,Other Practice staff,Home Visit,Unknown / Data Quality,109
2020-06,Attended,Other Practice staff,Telephone,1 Day,287214
2020-06,Attended,Other Practice staff,Telephone,15  to 21 Days,37862
2020-06,Attended,Other Practice staff,Telephone,2 to 7 Days,438987
2020-06,Attended,Other Practice staff,Telephone,22  to 28 Days,20661
2020-06,Attended,Other Practice staff,Telephone,8  to 14 Days,119610
2020-06,Attended,Other Practice staff,Telephone,More than 28 Days,13749
2020-06,Attended,Other Practice staff,Telephone,Same Day,1780453
2020-06,Attended,Other Practice staff,Telephone,Unknown / Data Quality,669
2020-06,Attended,Other Practice staff,Unknown,1 Day,36220
2020-06,Attended,Other Practice staff,Unknown,15  to 21 Days,5444
2020-06,Attended,Other Practice staff,Unknown,2 to 7 Days,62860
2020-06,Attended,Other Practice staff,Unknown,22  to 28 Days,3854
2020-06,Attended,Other Practice staff,Unknown,8  to 14 Days,18559
2020-06,Attended,Other Practice staff,Unknown,More than 28 Days,3249
2020-06,Attended,Other Practice staff,Unknown,Same Day,138402
2020-06,Attended,Other Practice staff,Unknown,Unknown / Data Quality,84
2020-06,Attended,Other Practice staff,Video/Online,1 Day,3171
2020-06,Attended,Other Practice staff,Video/Online,15  to 21 Days,1480
2020-06,Attended,Other Practice staff,Video/Online,2 to 7 Days,8083
2020-06,Attended,Other Practice staff,Video/Online,22  to 28 Days,695
2020-06,Attended,Other Practice staff,Video/Online,8  to 14 Days,3742
2020-06,Attended,Other Practice staff,Video/Online,More than 28 Days,616
2020-06,Attended,Other Practice staff,Video/Online,Same Day,6873
2020-06,Attended,Other Practice staff,Video/Online,Unknown / Data Quality,1
2020-06,Attended,Unknown,Face-to-Face,1 Day,9069
2020-06,Attended,Unknown,Face-to-Face,15  to 21 Days,503
2020-06,Attended,Unknown,Face-to-Face,2 to 7 Days,5918
2020-06,Attended,Unknown,Face-to-Face,22  to 28 Days,491
2020-06,Attended,Unknown,Face-to-Face,8  to 14 Days,2218
2020-06,Attended,Unknown,Face-to-Face,More than 28 Days,293
2020-06,Attended,Unknown,Face-to-Face,Same Day,72562
2020-06,Attended,Unknown,Face-to-Face,Unknown / Data Quality,19
2020-06,Attended,Unknown,Home Visit,1 Day,1701
2020-06,Attended,Unknown,Home Visit,15  to 21 Days,59
2020-06,Attended,Unknown,Home Visit,2 to 7 Days,1195
2020-06,Attended,Unknown,Home Visit,22  to 28 Days,44
2020-06,Attended,Unknown,Home Visit,8  to 14 Days,181
2020-06,Attended,Unknown,Home Visit,More than 28 Days,22
2020-06,Attended,Unknown,Home Visit,Same Day,7580
2020-06,Attended,Unknown,Home Visit,Unknown / Data Quality,22
2020-06,Attended,Unknown,Telephone,1 Day,13480
2020-06,Attended,Unknown,Telephone,15  to 21 Days,449
2020-06,Attended,Unknown,Telephone,2 to 7 Days,9295
2020-06,Attended,Unknown,Telephone,22  to 28 Days,195
2020-06,Attended,Unknown,Telephone,8  to 14 Days,1642
2020-06,Attended,Unknown,Telephone,More than 28 Days,45
2020-06,Attended,Unknown,Telephone,Same Day,123364
2020-06,Attended,Unknown,Telephone,Unknown / Data Quality,6
2020-06,Attended,Unknown,Unknown,1 Day,23319
2020-06,Attended,Unknown,Unknown,15  to 21 Days,4144
2020-06,Attended,Unknown,Unknown,2 to 7 Days,41344
2020-06,Attended,Unknown,Unknown,22  to 28 Days,2802
2020-06,Attended,Unknown,Unknown,8  to 14 Days,12276
2020-06,Attended,Unknown,Unknown,More than 28 Days,2580
2020-06,Attended,Unknown,Unknown,Same Day,179656
2020-06,Attended,Unknown,Unknown,Unknown / Data Quality,179
2020-06,DNA,GP,Face-to-Face,1 Day,12333
2020-06,DNA,GP,Face-to-Face,15  to 21 Days,3693
2020-06,DNA,GP,Face-to-Face,2 to 7 Days,21481
2020-06,DNA,GP,Face-to-Face,22  to 28 Days,1839
2020-06,DNA,GP,Face-to-Face,8  to 14 Days,7427
2020-06,DNA,GP,Face-to-Face,More than 28 Days,2286
2020-06,DNA,GP,Face-to-Face,Same Day,39475
2020-06,DNA,GP,Face-to-Face,Unknown / Data Quality,93
2020-06,DNA,GP,Home Visit,1 Day,133
2020-06,DNA,GP,Home Visit,15  to 21 Days,4
2020-06,DNA,GP,Home Visit,2 to 7 Days,112
2020-06,DNA,GP,Home Visit,22  to 28 Days,2
2020-06,DNA,GP,Home Visit,8  to 14 Days,22
2020-06,DNA,GP,Home Visit,More than 28 Days,2
2020-06,DNA,GP,Home Visit,Same Day,639
2020-06,DNA,GP,Home Visit,Unknown / Data Quality,1
2020-06,DNA,GP,Telephone,1 Day,14223
2020-06,DNA,GP,Telephone,15  to 21 Days,1055
2020-06,DNA,GP,Telephone,2 to 7 Days,18982
2020-06,DNA,GP,Telephone,22  to 28 Days,422
2020-06,DNA,GP,Telephone,8  to 14 Days,4287
2020-06,DNA,GP,Telephone,More than 28 Days,175
2020-06,DNA,GP,Telephone,Same Day,59236
2020-06,DNA,GP,Telephone,Unknown / Data Quality,14
2020-06,DNA,GP,Unknown,1 Day,794
2020-06,DNA,GP,Unknown,15  to 21 Days,137
2020-06,DNA,GP,Unknown,2 to 7 Days,1379
2020-06,DNA,GP,Unknown,22  to 28 Days,41
2020-06,DNA,GP,Unknown,8  to 14 Days,302
2020-06,DNA,GP,Unknown,More than 28 Days,171
2020-06,DNA,GP,Unknown,Same Day,5488
2020-06,DNA,GP,Unknown,Unknown / Data Quality,50
2020-06,DNA,GP,Video/Online,1 Day,42
2020-06,DNA,GP,Video/Online,15  to 21 Days,47
2020-06,DNA,GP,Video/Online,2 to 7 Days,82
2020-06,DNA,GP,Video/Online,22  to 28 Days,23
2020-06,DNA,GP,Video/Online,8  to 14 Days,50
2020-06,DNA,GP,Video/Online,More than 28 Days,7
2020-06,DNA,GP,Video/Online,Same Day,92
2020-06,DNA,Other Practice staff,Face-to-Face,1 Day,25862
2020-06,DNA,Other Practice staff,Face-to-Face,15  to 21 Days,21609
2020-06,DNA,Other Practice staff,Face-to-Face,2 to 7 Days,106118
2020-06,DNA,Other Practice staff,Face-to-Face,22  to 28 Days,14393
2020-06,DNA,Other Practice staff,Face-to-Face,8  to 14 Days,53463
2020-06,DNA,Other Practice staff,Face-to-Face,More than 28 Days,19724
2020-06,DNA,Other Practice staff,Face-to-Face,Same Day,41254
2020-06,DNA,Other Practice staff,Face-to-Face,Unknown / Data Quality,108
2020-06,DNA,Other Practice staff,Home Visit,1 Day,211
2020-06,DNA,Other Practice staff,Home Visit,15  to 21 Days,42
2020-06,DNA,Other Practice staff,Home Visit,2 to 7 Days,548
2020-06,DNA,Other Practice staff,Home Visit,22  to 28 Days,36
2020-06,DNA,Other Practice staff,Home Visit,8  to 14 Days,157
2020-06,DNA,Other Practice staff,Home Visit,More than 28 Days,47
2020-06,DNA,Other Practice staff,Home Visit,Same Day,715
2020-06,DNA,Other Practice staff,Home Visit,Unknown / Data Quality,2
2020-06,DNA,Other Practice staff,Telephone,1 Day,11287
2020-06,DNA,Other Practice staff,Telephone,15  to 21 Days,2203
2020-06,DNA,Other Practice staff,Telephone,2 to 7 Days,19881
2020-06,DNA,Other Practice staff,Telephone,22  to 28 Days,1194
2020-06,DNA,Other Practice staff,Telephone,8  to 14 Days,6239
2020-06,DNA,Other Practice staff,Telephone,More than 28 Days,914
2020-06,DNA,Other Practice staff,Telephone,Same Day,37143
2020-06,DNA,Other Practice staff,Telephone,Unknown / Data Quality,36
2020-06,DNA,Other Practice staff,Unknown,1 Day,2554
2020-06,DNA,Other Practice staff,Unknown,15  to 21 Days,470
2020-06,DNA,Other Practice staff,Unknown,2 to 7 Days,4574
2020-06,DNA,Other Practice staff,Unknown,22  to 28 Days,345
2020-06,DNA,Other Practice staff,Unknown,8  to 14 Days,1308
2020-06,DNA,Other Practice staff,Unknown,More than 28 Days,705
2020-06,DNA,Other Practice staff,Unknown,Same Day,9404
2020-06,DNA,Other Practice staff,Unknown,Unknown / Data Quality,127
2020-06,DNA,Other Practice staff,Video/Online,1 Day,126
2020-06,DNA,Other Practice staff,Video/Online,15  to 21 Days,138
2020-06,DNA,Other Practice staff,Video/Online,2 to 7 Days,425
2020-06,DNA,Other Practice staff,Video/Online,22  to 28 Days,62
2020-06,DNA,Other Practice staff,Video/Online,8  to 14 Days,238
2020-06,DNA,Other Practice staff,Video/Online,More than 28 Days,91
2020-06,DNA,Other Practice staff,Video/Online,Same Day,134
2020-06,DNA,Unknown,Face-to-Face,1 Day,117
2020-06,DNA,Unknown,Face-to-Face,15  to 21 Days,15
2020-06,DNA,Unknown,Face-to-Face,2 to 7 Days,184
2020-06,DNA,Unknown,Face-to-Face,22  to 28 Days,19
2020-06,DNA,Unknown,Face-to-Face,8  to 14 Days,66
2020-06,DNA,Unknown,Face-to-Face,More than 28 Days,9
2020-06,DNA,Unknown,Face-to-Face,Same Day,343
2020-06,DNA,Unknown,Face-to-Face,Unknown / Data Quality,15
2020-06,DNA,Unknown,Home Visit,1 Day,540
2020-06,DNA,Unknown,Home Visit,15  to 21 Days,22
2020-06,DNA,Unknown,Home Visit,2 to 7 Days,402
2020-06,DNA,Unknown,Home Visit,22  to 28 Days,126
2020-06,DNA,Unknown,Home Visit,8  to 14 Days,82
2020-06,DNA,Unknown,Home Visit,More than 28 Days,20
2020-06,DNA,Unknown,Home Visit,Same Day,1088
2020-06,DNA,Unknown,Telephone,1 Day,601
2020-06,DNA,Unknown,Telephone,15  to 21 Days,33
2020-06,DNA,Unknown,Telephone,2 to 7 Days,365
2020-06,DNA,Unknown,Telephone,22  to 28 Days,18
2020-06,DNA,Unknown,Telephone,8  to 14 Days,106
2020-06,DNA,Unknown,Telephone,More than 28 Days,4
2020-06,DNA,Unknown,Telephone,Same Day,2781
2020-06,DNA,Unknown,Unknown,1 Day,528
2020-06,DNA,Unknown,Unknown,15  to 21 Days,275
2020-06,DNA,Unknown,Unknown,2 to 7 Days,1663
2020-06,DNA,Unknown,Unknown,22  to 28 Days,173
2020-06,DNA,Unknown,Unknown,8  to 14 Days,720
2020-06,DNA,Unknown,Unknown,More than 28 Days,261
2020-06,DNA,Unknown,Unknown,Same Day,1101
2020-06,DNA,Unknown,Unknown,Unknown / Data Quality,3
2020-06,Unknown,GP,Face-to-Face,1 Day,16833
2020-06,Unknown,GP,Face-to-Face,15  to 21 Days,14805
2020-06,Unknown,GP,Face-to-Face,2 to 7 Days,39900
2020-06,Unknown,GP,Face-to-Face,22  to 28 Days,9569
2020-06,Unknown,GP,Face-to-Face,8  to 14 Days,23802
2020-06,Unknown,GP,Face-to-Face,More than 28 Days,21923
2020-06,Unknown,GP,Face-to-Face,Same Day,71893
2020-06,Unknown,GP,Face-to-Face,Unknown / Data Quality,242
2020-06,Unknown,GP,Home Visit,1 Day,1554
2020-06,Unknown,GP,Home Visit,15  to 21 Days,65
2020-06,Unknown,GP,Home Visit,2 to 7 Days,1442
2020-06,Unknown,GP,Home Visit,22  to 28 Days,56
2020-06,Unknown,GP,Home Visit,8  to 14 Days,243
2020-06,Unknown,GP,Home Visit,More than 28 Days,112
2020-06,Unknown,GP,Home Visit,Same Day,6691
2020-06,Unknown,GP,Home Visit,Unknown / Data Quality,19
2020-06,Unknown,GP,Telephone,1 Day,17624
2020-06,Unknown,GP,Telephone,15  to 21 Days,10463
2020-06,Unknown,GP,Telephone,2 to 7 Days,36283
2020-06,Unknown,GP,Telephone,22  to 28 Days,5262
2020-06,Unknown,GP,Telephone,8  to 14 Days,18441
2020-06,Unknown,GP,Telephone,More than 28 Days,5941
2020-06,Unknown,GP,Telephone,Same Day,78681
2020-06,Unknown,GP,Telephone,Unknown / Data Quality,394
2020-06,Unknown,GP,Unknown,1 Day,1274
2020-06,Unknown,GP,Unknown,15  to 21 Days,1558
2020-06,Unknown,GP,Unknown,2 to 7 Days,2465
2020-06,Unknown,GP,Unknown,22  to 28 Days,563
2020-06,Unknown,GP,Unknown,8  to 14 Days,1932
2020-06,Unknown,GP,Unknown,More than 28 Days,884
2020-06,Unknown,GP,Unknown,Same Day,2531
2020-06,Unknown,GP,Video/Online,1 Day,260
2020-06,Unknown,GP,Video/Online,15  to 21 Days,204
2020-06,Unknown,GP,Video/Online,2 to 7 Days,384
2020-06,Unknown,GP,Video/Online,22  to 28 Days,138
2020-06,Unknown,GP,Video/Online,8  to 14 Days,293
2020-06,Unknown,GP,Video/Online,More than 28 Days,341
2020-06,Unknown,GP,Video/Online,Same Day,736
2020-06,Unknown,GP,Video/Online,Unknown / Data Quality,1
2020-06,Unknown,Other Practice staff,Face-to-Face,1 Day,36504
2020-06,Unknown,Other Practice staff,Face-to-Face,15  to 21 Days,52543
2020-06,Unknown,Other Practice staff,Face-to-Face,2 to 7 Days,117639
2020-06,Unknown,Other Practice staff,Face-to-Face,22  to 28 Days,43635
2020-06,Unknown,Other Practice staff,Face-to-Face,8  to 14 Days,86453
2020-06,Unknown,Other Practice staff,Face-to-Face,More than 28 Days,96597
2020-06,Unknown,Other Practice staff,Face-to-Face,Same Day,80403
2020-06,Unknown,Other Practice staff,Face-to-Face,Unknown / Data Quality,415
2020-06,Unknown,Other Practice staff,Home Visit,1 Day,1529
2020-06,Unknown,Other Practice staff,Home Visit,15  to 21 Days,481
2020-06,Unknown,Other Practice staff,Home Visit,2 to 7 Days,3931
2020-06,Unknown,Other Practice staff,Home Visit,22  to 28 Days,468
2020-06,Unknown,Other Practice staff,Home Visit,8  to 14 Days,1523
2020-06,Unknown,Other Practice staff,Home Visit,More than 28 Days,497
2020-06,Unknown,Other Practice staff,Home Visit,Same Day,4879
2020-06,Unknown,Other Practice staff,Home Visit,Unknown / Data Quality,64
2020-06,Unknown,Other Practice staff,Telephone,1 Day,13780
2020-06,Unknown,Other Practice staff,Telephone,15  to 21 Days,7697
2020-06,Unknown,Other Practice staff,Telephone,2 to 7 Days,33634
2020-06,Unknown,Other Practice staff,Telephone,22  to 28 Days,5504
2020-06,Unknown,Other Practice staff,Telephone,8  to 14 Days,16316
2020-06,Unknown,Other Practice staff,Telephone,More than 28 Days,8470
2020-06,Unknown,Other Practice staff,Telephone,Same Day,50388
2020-06,Unknown,Other Practice staff,Telephone,Unknown / Data Quality,262
2020-06,Unknown,Other Practice staff,Unknown,1 Day,3120
2020-06,Unknown,Other Practice staff,Unknown,15  to 21 Days,2695
2020-06,Unknown,Other Practice staff,Unknown,2 to 7 Days,9041
2020-06,Unknown,Other Practice staff,Unknown,22  to 28 Days,1459
2020-06,Unknown,Other Practice staff,Unknown,8  to 14 Days,5460
2020-06,Unknown,Other Practice staff,Unknown,More than 28 Days,2169
2020-06,Unknown,Other Practice staff,Unknown,Same Day,3088
2020-06,Unknown,Other Practice staff,Unknown,Unknown / Data Quality,4
2020-06,Unknown,Other Practice staff,Video/Online,1 Day,249
2020-06,Unknown,Other Practice staff,Video/Online,15  to 21 Days,393
2020-06,Unknown,Other Practice staff,Video/Online,2 to 7 Days,795
2020-06,Unknown,Other Practice staff,Video/Online,22  to 28 Days,333
2020-06,Unknown,Other Practice staff,Video/Online,8  to 14 Days,643
2020-06,Unknown,Other Practice staff,Video/Online,More than 28 Days,932
2020-06,Unknown,Other Practice staff,Video/Online,Same Day,529
2020-06,Unknown,Other Practice staff,Video/Online,Unknown / Data Quality,10
2020-06,Unknown,Unknown,Face-to-Face,1 Day,1655
2020-06,Unknown,Unknown,Face-to-Face,15  to 21 Days,250
2020-06,Unknown,Unknown,Face-to-Face,2 to 7 Days,3295
2020-06,Unknown,Unknown,Face-to-Face,22  to 28 Days,203
2020-06,Unknown,Unknown,Face-to-Face,8  to 14 Days,953
2020-06,Unknown,Unknown,Face-to-Face,More than 28 Days,297
2020-06,Unknown,Unknown,Face-to-Face,Same Day,7663
2020-06,Unknown,Unknown,Face-to-Face,Unknown / Data Quality,76
2020-06,Unknown,Unknown,Home Visit,1 Day,776
2020-06,Unknown,Unknown,Home Visit,15  to 21 Days,63
2020-06,Unknown,Unknown,Home Visit,2 to 7 Days,1110
2020-06,Unknown,Unknown,Home Visit,22  to 28 Days,51
2020-06,Unknown,Unknown,Home Visit,8  to 14 Days,186
2020-06,Unknown,Unknown,Home Visit,More than 28 Days,52
2020-06,Unknown,Unknown,Home Visit,Same Day,2998
2020-06,Unknown,Unknown,Home Visit,Unknown / Data Quality,8
2020-06,Unknown,Unknown,Telephone,1 Day,747
2020-06,Unknown,Unknown,Telephone,15  to 21 Days,192
2020-06,Unknown,Unknown,Telephone,2 to 7 Days,2607
2020-06,Unknown,Unknown,Telephone,22  to 28 Days,120
2020-06,Unknown,Unknown,Telephone,8  to 14 Days,427
2020-06,Unknown,Unknown,Telephone,More than 28 Days,87
2020-06,Unknown,Unknown,Telephone,Same Day,3772
2020-06,Unknown,Unknown,Telephone,Unknown / Data Quality,19
2020-06,Unknown,Unknown,Unknown,1 Day,1939
2020-06,Unknown,Unknown,Unknown,15  to 21 Days,3780
2020-06,Unknown,Unknown,Unknown,2 to 7 Days,6039
2020-06,Unknown,Unknown,Unknown,22  to 28 Days,3688
2020-06,Unknown,Unknown,Unknown,8  to 14 Days,5480
2020-06,Unknown,Unknown,Unknown,More than 28 Days,7619
2020-06,Unknown,Unknown,Unknown,Same Day,4318
2020-06,Unknown,Unknown,Unknown,Unknown / Data Quality,15
2020-06,Unknown,Unknown,Video/Online,1 Day,3
2020-06,Unknown,Unknown,Video/Online,2 to 7 Days,1
2020-06,Unknown,Unknown,Video/Online,8  to 14 Days,1
2020-06,Unknown,Unknown,Video/Online,Same Day,2
2020-07,Attended,GP,Face-to-Face,1 Day,514879
2020-07,Attended,GP,Face-to-Face,15  to 21 Days,51543
2020-07,Attended,GP,Face-to-Face,2 to 7 Days,719002
2020-07,Attended,GP,Face-to-Face,22  to 28 Days,24719
2020-07,Attended,GP,Face-to-Face,8  to 14 Days,171266
2020-07,Attended,GP,Face-to-Face,More than 28 Days,16771
2020-07,Attended,GP,Face-to-Face,Same Day,2571882
2020-07,Attended,GP,Face-to-Face,Unknown / Data Quality,806
2020-07,Attended,GP,Home Visit,1 Day,5604
2020-07,Attended,GP,Home Visit,15  to 21 Days,115
2020-07,Attended,GP,Home Visit,2 to 7 Days,4781
2020-07,Attended,GP,Home Visit,22  to 28 Days,65
2020-07,Attended,GP,Home Visit,8  to 14 Days,543
2020-07,Attended,GP,Home Visit,More than 28 Days,153
2020-07,Attended,GP,Home Visit,Same Day,25067
2020-07,Attended,GP,Home Visit,Unknown / Data Quality,67
2020-07,Attended,GP,Telephone,1 Day,705867
2020-07,Attended,GP,Telephone,15  to 21 Days,64331
2020-07,Attended,GP,Telephone,2 to 7 Days,1122268
2020-07,Attended,GP,Telephone,22  to 28 Days,25257
2020-07,Attended,GP,Telephone,8  to 14 Days,262871
2020-07,Attended,GP,Telephone,More than 28 Days,8735
2020-07,Attended,GP,Telephone,Same Day,4490690
2020-07,Attended,GP,Telephone,Unknown / Data Quality,1687
2020-07,Attended,GP,Unknown,1 Day,29492
2020-07,Attended,GP,Unknown,15  to 21 Days,2862
2020-07,Attended,GP,Unknown,2 to 7 Days,41296
2020-07,Attended,GP,Unknown,22  to 28 Days,1245
2020-07,Attended,GP,Unknown,8  to 14 Days,9527
2020-07,Attended,GP,Unknown,More than 28 Days,674
2020-07,Attended,GP,Unknown,Same Day,163964
2020-07,Attended,GP,Unknown,Unknown / Data Quality,108
2020-07,Attended,GP,Video/Online,1 Day,6005
2020-07,Attended,GP,Video/Online,15  to 21 Days,582
2020-07,Attended,GP,Video/Online,2 to 7 Days,8253
2020-07,Attended,GP,Video/Online,22  to 28 Days,260
2020-07,Attended,GP,Video/Online,8  to 14 Days,1731
2020-07,Attended,GP,Video/Online,More than 28 Days,166
2020-07,Attended,GP,Video/Online,Same Day,22913
2020-07,Attended,GP,Video/Online,Unknown / Data Quality,22
2020-07,Attended,Other Practice staff,Face-to-Face,1 Day,596800
2020-07,Attended,Other Practice staff,Face-to-Face,15  to 21 Days,343411
2020-07,Attended,Other Practice staff,Face-to-Face,2 to 7 Days,1873259
2020-07,Attended,Other Practice staff,Face-to-Face,22  to 28 Days,195285
2020-07,Attended,Other Practice staff,Face-to-Face,8  to 14 Days,1010250
2020-07,Attended,Other Practice staff,Face-to-Face,More than 28 Days,143386
2020-07,Attended,Other Practice staff,Face-to-Face,Same Day,1634184
2020-07,Attended,Other Practice staff,Face-to-Face,Unknown / Data Quality,1641
2020-07,Attended,Other Practice staff,Home Visit,1 Day,6656
2020-07,Attended,Other Practice staff,Home Visit,15  to 21 Days,1767
2020-07,Attended,Other Practice staff,Home Visit,2 to 7 Days,14253
2020-07,Attended,Other Practice staff,Home Visit,22  to 28 Days,1233
2020-07,Attended,Other Practice staff,Home Visit,8  to 14 Days,5582
2020-07,Attended,Other Practice staff,Home Visit,More than 28 Days,822
2020-07,Attended,Other Practice staff,Home Visit,Same Day,24706
2020-07,Attended,Other Practice staff,Home Visit,Unknown / Data Quality,140
2020-07,Attended,Other Practice staff,Telephone,1 Day,302540
2020-07,Attended,Other Practice staff,Telephone,15  to 21 Days,57108
2020-07,Attended,Other Practice staff,Telephone,2 to 7 Days,478280
2020-07,Attended,Other Practice staff,Telephone,22  to 28 Days,29058
2020-07,Attended,Other Practice staff,Telephone,8  to 14 Days,163389
2020-07,Attended,Other Practice staff,Telephone,More than 28 Days,16265
2020-07,Attended,Other Practice staff,Telephone,Same Day,1703751
2020-07,Attended,Other Practice staff,Telephone,Unknown / Data Quality,423
2020-07,Attended,Other Practice staff,Unknown,1 Day,39205
2020-07,Attended,Other Practice staff,Unknown,15  to 21 Days,9329
2020-07,Attended,Other Practice staff,Unknown,2 to 7 Days,70240
2020-07,Attended,Other Practice staff,Unknown,22  to 28 Days,5278
2020-07,Attended,Other Practice staff,Unknown,8  to 14 Days,28047
2020-07,Attended,Other Practice staff,Unknown,More than 28 Days,3585
2020-07,Attended,Other Practice staff,Unknown,Same Day,130604
2020-07,Attended,Other Practice staff,Unknown,Unknown / Data Quality,87
2020-07,Attended,Other Practice staff,Video/Online,1 Day,3432
2020-07,Attended,Other Practice staff,Video/Online,15  to 21 Days,2434
2020-07,Attended,Other Practice staff,Video/Online,2 to 7 Days,9454
2020-07,Attended,Other Practice staff,Video/Online,22  to 28 Days,1209
2020-07,Attended,Other Practice staff,Video/Online,8  to 14 Days,5913
2020-07,Attended,Other Practice staff,Video/Online,More than 28 Days,907
2020-07,Attended,Other Practice staff,Video/Online,Same Day,9008
2020-07,Attended,Other Practice staff,Video/Online,Unknown / Data Quality,3
2020-07,Attended,Unknown,Face-to-Face,1 Day,12812
2020-07,Attended,Unknown,Face-to-Face,15  to 21 Days,1003
2020-07,Attended,Unknown,Face-to-Face,2 to 7 Days,8018
2020-07,Attended,Unknown,Face-to-Face,22  to 28 Days,536
2020-07,Attended,Unknown,Face-to-Face,8  to 14 Days,2910
2020-07,Attended,Unknown,Face-to-Face,More than 28 Days,404
2020-07,Attended,Unknown,Face-to-Face,Same Day,88051
2020-07,Attended,Unknown,Face-to-Face,Unknown / Data Quality,33
2020-07,Attended,Unknown,Home Visit,1 Day,2043
2020-07,Attended,Unknown,Home Visit,15  to 21 Days,48
2020-07,Attended,Unknown,Home Visit,2 to 7 Days,1307
2020-07,Attended,Unknown,Home Visit,22  to 28 Days,53
2020-07,Attended,Unknown,Home Visit,8  to 14 Days,157
2020-07,Attended,Unknown,Home Visit,More than 28 Days,16
2020-07,Attended,Unknown,Home Visit,Same Day,9205
2020-07,Attended,Unknown,Home Visit,Unknown / Data Quality,33
2020-07,Attended,Unknown,Telephone,1 Day,14834
2020-07,Attended,Unknown,Telephone,15  to 21 Days,574
2020-07,Attended,Unknown,Telephone,2 to 7 Days,10787
2020-07,Attended,Unknown,Telephone,22  to 28 Days,232
2020-07,Attended,Unknown,Telephone,8  to 14 Days,1923
2020-07,Attended,Unknown,Telephone,More than 28 Days,71
2020-07,Attended,Unknown,Telephone,Same Day,128029
2020-07,Attended,Unknown,Telephone,Unknown / Data Quality,5
2020-07,Attended,Unknown,Unknown,1 Day,29851
2020-07,Attended,Unknown,Unknown,15  to 21 Days,6720
2020-07,Attended,Unknown,Unknown,2 to 7 Days,53304
2020-07,Attended,Unknown,Unknown,22  to 28 Days,3485
2020-07,Attended,Unknown,Unknown,8  to 14 Days,18802
2020-07,Attended,Unknown,Unknown,More than 28 Days,3060
2020-07,Attended,Unknown,Unknown,Same Day,203909
2020-07,Attended,Unknown,Unknown,Unknown / Data Quality,102
2020-07,Attended,Unknown,Video/Online,1 Day,5
2020-07,Attended,Unknown,Video/Online,Same Day,26
2020-07,DNA,GP,Face-to-Face,1 Day,14310
2020-07,DNA,GP,Face-to-Face,15  to 21 Days,4627
2020-07,DNA,GP,Face-to-Face,2 to 7 Days,26278
2020-07,DNA,GP,Face-to-Face,22  to 28 Days,2941
2020-07,DNA,GP,Face-to-Face,8  to 14 Days,9709
2020-07,DNA,GP,Face-to-Face,More than 28 Days,2701
2020-07,DNA,GP,Face-to-Face,Same Day,42292
2020-07,DNA,GP,Face-to-Face,Unknown / Data Quality,68
2020-07,DNA,GP,Home Visit,1 Day,177
2020-07,DNA,GP,Home Visit,15  to 21 Days,18
2020-07,DNA,GP,Home Visit,2 to 7 Days,132
2020-07,DNA,GP,Home Visit,22  to 28 Days,7
2020-07,DNA,GP,Home Visit,8  to 14 Days,43
2020-07,DNA,GP,Home Visit,More than 28 Days,6
2020-07,DNA,GP,Home Visit,Same Day,743
2020-07,DNA,GP,Telephone,1 Day,15223
2020-07,DNA,GP,Telephone,15  to 21 Days,1924
2020-07,DNA,GP,Telephone,2 to 7 Days,24130
2020-07,DNA,GP,Telephone,22  to 28 Days,727
2020-07,DNA,GP,Telephone,8  to 14 Days,6853
2020-07,DNA,GP,Telephone,More than 28 Days,257
2020-07,DNA,GP,Telephone,Same Day,59677
2020-07,DNA,GP,Telephone,Unknown / Data Quality,5
2020-07,DNA,GP,Unknown,1 Day,927
2020-07,DNA,GP,Unknown,15  to 21 Days,169
2020-07,DNA,GP,Unknown,2 to 7 Days,1364
2020-07,DNA,GP,Unknown,22  to 28 Days,58
2020-07,DNA,GP,Unknown,8  to 14 Days,375
2020-07,DNA,GP,Unknown,More than 28 Days,128
2020-07,DNA,GP,Unknown,Same Day,5584
2020-07,DNA,GP,Unknown,Unknown / Data Quality,58
2020-07,DNA,GP,Video/Online,1 Day,73
2020-07,DNA,GP,Video/Online,15  to 21 Days,23
2020-07,DNA,GP,Video/Online,2 to 7 Days,125
2020-07,DNA,GP,Video/Online,22  to 28 Days,21
2020-07,DNA,GP,Video/Online,8  to 14 Days,41
2020-07,DNA,GP,Video/Online,More than 28 Days,3
2020-07,DNA,GP,Video/Online,Same Day,191
2020-07,DNA,Other Practice staff,Face-to-Face,1 Day,27818
2020-07,DNA,Other Practice staff,Face-to-Face,15  to 21 Days,33520
2020-07,DNA,Other Practice staff,Face-to-Face,2 to 7 Days,122422
2020-07,DNA,Other Practice staff,Face-to-Face,22  to 28 Days,19677
2020-07,DNA,Other Practice staff,Face-to-Face,8  to 14 Days,82582
2020-07,DNA,Other Practice staff,Face-to-Face,More than 28 Days,21982
2020-07,DNA,Other Practice staff,Face-to-Face,Same Day,43610
2020-07,DNA,Other Practice staff,Face-to-Face,Unknown / Data Quality,98
2020-07,DNA,Other Practice staff,Home Visit,1 Day,141
2020-07,DNA,Other Practice staff,Home Visit,15  to 21 Days,67
2020-07,DNA,Other Practice staff,Home Visit,2 to 7 Days,392
2020-07,DNA,Other Practice staff,Home Visit,22  to 28 Days,32
2020-07,DNA,Other Practice staff,Home Visit,8  to 14 Days,187
2020-07,DNA,Other Practice staff,Home Visit,More than 28 Days,27
2020-07,DNA,Other Practice staff,Home Visit,Same Day,483
2020-07,DNA,Other Practice staff,Home Visit,Unknown / Data Quality,2
2020-07,DNA,Other Practice staff,Telephone,1 Day,11819
2020-07,DNA,Other Practice staff,Telephone,15  to 21 Days,2995
2020-07,DNA,Other Practice staff,Telephone,2 to 7 Days,22112
2020-07,DNA,Other Practice staff,Telephone,22  to 28 Days,1781
2020-07,DNA,Other Practice staff,Telephone,8  to 14 Days,8450
2020-07,DNA,Other Practice staff,Telephone,More than 28 Days,1006
2020-07,DNA,Other Practice staff,Telephone,Same Day,34818
2020-07,DNA,Other Practice staff,Telephone,Unknown / Data Quality,31
2020-07,DNA,Other Practice staff,Unknown,1 Day,3555
2020-07,DNA,Other Practice staff,Unknown,15  to 21 Days,771
2020-07,DNA,Other Practice staff,Unknown,2 to 7 Days,4659
2020-07,DNA,Other Practice staff,Unknown,22  to 28 Days,357
2020-07,DNA,Other Practice staff,Unknown,8  to 14 Days,1624
2020-07,DNA,Other Practice staff,Unknown,More than 28 Days,779
2020-07,DNA,Other Practice staff,Unknown,Same Day,9598
2020-07,DNA,Other Practice staff,Unknown,Unknown / Data Quality,160
2020-07,DNA,Other Practice staff,Video/Online,1 Day,121
2020-07,DNA,Other Practice staff,Video/Online,15  to 21 Days,224
2020-07,DNA,Other Practice staff,Video/Online,2 to 7 Days,548
2020-07,DNA,Other Practice staff,Video/Online,22  to 28 Days,126
2020-07,DNA,Other Practice staff,Video/Online,8  to 14 Days,445
2020-07,DNA,Other Practice staff,Video/Online,More than 28 Days,88
2020-07,DNA,Other Practice staff,Video/Online,Same Day,177
2020-07,DNA,Unknown,Face-to-Face,1 Day,301
2020-07,DNA,Unknown,Face-to-Face,15  to 21 Days,35
2020-07,DNA,Unknown,Face-to-Face,2 to 7 Days,414
2020-07,DNA,Unknown,Face-to-Face,22  to 28 Days,28
2020-07,DNA,Unknown,Face-to-Face,8  to 14 Days,123
2020-07,DNA,Unknown,Face-to-Face,More than 28 Days,3
2020-07,DNA,Unknown,Face-to-Face,Same Day,798
2020-07,DNA,Unknown,Home Visit,1 Day,483
2020-07,DNA,Unknown,Home Visit,15  to 21 Days,31
2020-07,DNA,Unknown,Home Visit,2 to 7 Days,513
2020-07,DNA,Unknown,Home Visit,22  to 28 Days,122
2020-07,DNA,Unknown,Home Visit,8  to 14 Days,160
2020-07,DNA,Unknown,Home Visit,More than 28 Days,39
2020-07,DNA,Unknown,Home Visit,Same Day,1131
2020-07,DNA,Unknown,Telephone,1 Day,612
2020-07,DNA,Unknown,Telephone,15  to 21 Days,24
2020-07,DNA,Unknown,Telephone,2 to 7 Days,441
2020-07,DNA,Unknown,Telephone,22  to 28 Days,10
2020-07,DNA,Unknown,Telephone,8  to 14 Days,140
2020-07,DNA,Unknown,Telephone,More than 28 Days,2
2020-07,DNA,Unknown,Telephone,Same Day,3067
2020-07,DNA,Unknown,Unknown,1 Day,637
2020-07,DNA,Unknown,Unknown,15  to 21 Days,442
2020-07,DNA,Unknown,Unknown,2 to 7 Days,2001
2020-07,DNA,Unknown,Unknown,22  to 28 Days,302
2020-07,DNA,Unknown,Unknown,8  to 14 Days,1153
2020-07,DNA,Unknown,Unknown,More than 28 Days,303
2020-07,DNA,Unknown,Unknown,Same Day,1220
2020-07,DNA,Unknown,Unknown,Unknown / Data Quality,1
2020-07,Unknown,GP,Face-to-Face,1 Day,17894
2020-07,Unknown,GP,Face-to-Face,15  to 21 Days,14940
2020-07,Unknown,GP,Face-to-Face,2 to 7 Days,38036
2020-07,Unknown,GP,Face-to-Face,22  to 28 Days,10238
2020-07,Unknown,GP,Face-to-Face,8  to 14 Days,23952
2020-07,Unknown,GP,Face-to-Face,More than 28 Days,18882
2020-07,Unknown,GP,Face-to-Face,Same Day,71561
2020-07,Unknown,GP,Face-to-Face,Unknown / Data Quality,205
2020-07,Unknown,GP,Home Visit,1 Day,1686
2020-07,Unknown,GP,Home Visit,15  to 21 Days,114
2020-07,Unknown,GP,Home Visit,2 to 7 Days,1502
2020-07,Unknown,GP,Home Visit,22  to 28 Days,77
2020-07,Unknown,GP,Home Visit,8  to 14 Days,262
2020-07,Unknown,GP,Home Visit,More than 28 Days,82
2020-07,Unknown,GP,Home Visit,Same Day,7360
2020-07,Unknown,GP,Home Visit,Unknown / Data Quality,22
2020-07,Unknown,GP,Telephone,1 Day,17552
2020-07,Unknown,GP,Telephone,15  to 21 Days,10187
2020-07,Unknown,GP,Telephone,2 to 7 Days,35270
2020-07,Unknown,GP,Telephone,22  to 28 Days,6821
2020-07,Unknown,GP,Telephone,8  to 14 Days,19799
2020-07,Unknown,GP,Telephone,More than 28 Days,7500
2020-07,Unknown,GP,Telephone,Same Day,80170
2020-07,Unknown,GP,Telephone,Unknown / Data Quality,398
2020-07,Unknown,GP,Unknown,1 Day,1078
2020-07,Unknown,GP,Unknown,15  to 21 Days,1559
2020-07,Unknown,GP,Unknown,2 to 7 Days,2531
2020-07,Unknown,GP,Unknown,22  to 28 Days,602
2020-07,Unknown,GP,Unknown,8  to 14 Days,2359
2020-07,Unknown,GP,Unknown,More than 28 Days,928
2020-07,Unknown,GP,Unknown,Same Day,2666
2020-07,Unknown,GP,Unknown,Unknown / Data Quality,5
2020-07,Unknown,GP,Video/Online,1 Day,218
2020-07,Unknown,GP,Video/Online,15  to 21 Days,363
2020-07,Unknown,GP,Video/Online,2 to 7 Days,408
2020-07,Unknown,GP,Video/Online,22  to 28 Days,124
2020-07,Unknown,GP,Video/Online,8  to 14 Days,234
2020-07,Unknown,GP,Video/Online,More than 28 Days,353
2020-07,Unknown,GP,Video/Online,Same Day,714
2020-07,Unknown,GP,Video/Online,Unknown / Data Quality,2
2020-07,Unknown,Other Practice staff,Face-to-Face,1 Day,34906
2020-07,Unknown,Other Practice staff,Face-to-Face,15  to 21 Days,59723
2020-07,Unknown,Other Practice staff,Face-to-Face,2 to 7 Days,110988
2020-07,Unknown,Other Practice staff,Face-to-Face,22  to 28 Days,48396
2020-07,Unknown,Other Practice staff,Face-to-Face,8  to 14 Days,96343
2020-07,Unknown,Other Practice staff,Face-to-Face,More than 28 Days,95516
2020-07,Unknown,Other Practice staff,Face-to-Face,Same Day,84316
2020-07,Unknown,Other Practice staff,Face-to-Face,Unknown / Data Quality,739
2020-07,Unknown,Other Practice staff,Home Visit,1 Day,1670
2020-07,Unknown,Other Practice staff,Home Visit,15  to 21 Days,545
2020-07,Unknown,Other Practice staff,Home Visit,2 to 7 Days,3058
2020-07,Unknown,Other Practice staff,Home Visit,22  to 28 Days,500
2020-07,Unknown,Other Practice staff,Home Visit,8  to 14 Days,1843
2020-07,Unknown,Other Practice staff,Home Visit,More than 28 Days,656
2020-07,Unknown,Other Practice staff,Home Visit,Same Day,4695
2020-07,Unknown,Other Practice staff,Home Visit,Unknown / Data Quality,20
2020-07,Unknown,Other Practice staff,Telephone,1 Day,12603
2020-07,Unknown,Other Practice staff,Telephone,15  to 21 Days,9361
2020-07,Unknown,Other Practice staff,Telephone,2 to 7 Days,32018
2020-07,Unknown,Other Practice staff,Telephone,22  to 28 Days,6440
2020-07,Unknown,Other Practice staff,Telephone,8  to 14 Days,17646
2020-07,Unknown,Other Practice staff,Telephone,More than 28 Days,9031
2020-07,Unknown,Other Practice staff,Telephone,Same Day,53294
2020-07,Unknown,Other Practice staff,Telephone,Unknown / Data Quality,302
2020-07,Unknown,Other Practice staff,Unknown,1 Day,2921
2020-07,Unknown,Other Practice staff,Unknown,15  to 21 Days,4320
2020-07,Unknown,Other Practice staff,Unknown,2 to 7 Days,9903
2020-07,Unknown,Other Practice staff,Unknown,22  to 28 Days,1968
2020-07,Unknown,Other Practice staff,Unknown,8  to 14 Days,8306
2020-07,Unknown,Other Practice staff,Unknown,More than 28 Days,2504
2020-07,Unknown,Other Practice staff,Unknown,Same Day,3730
2020-07,Unknown,Other Practice staff,Unknown,Unknown / Data Quality,8
2020-07,Unknown,Other Practice staff,Video/Online,1 Day,209
2020-07,Unknown,Other Practice staff,Video/Online,15  to 21 Days,401
2020-07,Unknown,Other Practice staff,Video/Online,2 to 7 Days,412
2020-07,Unknown,Other Practice staff,Video/Online,22  to 28 Days,451
2020-07,Unknown,Other Practice staff,Video/Online,8  to 14 Days,658
2020-07,Unknown,Other Practice staff,Video/Online,More than 28 Days,904
2020-07,Unknown,Other Practice staff,Video/Online,Same Day,556
2020-07,Unknown,Unknown,Face-to-Face,1 Day,2010
2020-07,Unknown,Unknown,Face-to-Face,15  to 21 Days,298
2020-07,Unknown,Unknown,Face-to-Face,2 to 7 Days,2777
2020-07,Unknown,Unknown,Face-to-Face,22  to 28 Days,208
2020-07,Unknown,Unknown,Face-to-Face,8  to 14 Days,889
2020-07,Unknown,Unknown,Face-to-Face,More than 28 Days,476
2020-07,Unknown,Unknown,Face-to-Face,Same Day,9889
2020-07,Unknown,Unknown,Face-to-Face,Unknown / Data Quality,127
2020-07,Unknown,Unknown,Home Visit,1 Day,834
2020-07,Unknown,Unknown,Home Visit,15  to 21 Days,95
2020-07,Unknown,Unknown,Home Visit,2 to 7 Days,963
2020-07,Unknown,Unknown,Home Visit,22  to 28 Days,47
2020-07,Unknown,Unknown,Home Visit,8  to 14 Days,165
2020-07,Unknown,Unknown,Home Visit,More than 28 Days,81
2020-07,Unknown,Unknown,Home Visit,Same Day,3724
2020-07,Unknown,Unknown,Home Visit,Unknown / Data Quality,15
2020-07,Unknown,Unknown,Telephone,1 Day,906
2020-07,Unknown,Unknown,Telephone,15  to 21 Days,135
2020-07,Unknown,Unknown,Telephone,2 to 7 Days,1172
2020-07,Unknown,Unknown,Telephone,22  to 28 Days,69
2020-07,Unknown,Unknown,Telephone,8  to 14 Days,300
2020-07,Unknown,Unknown,Telephone,More than 28 Days,30
2020-07,Unknown,Unknown,Telephone,Same Day,4113
2020-07,Unknown,Unknown,Telephone,Unknown / Data Quality,35
2020-07,Unknown,Unknown,Unknown,1 Day,1782
2020-07,Unknown,Unknown,Unknown,15  to 21 Days,3954
2020-07,Unknown,Unknown,Unknown,2 to 7 Days,5637
2020-07,Unknown,Unknown,Unknown,22  to 28 Days,3245
2020-07,Unknown,Unknown,Unknown,8  to 14 Days,5424
2020-07,Unknown,Unknown,Unknown,More than 28 Days,8689
2020-07,Unknown,Unknown,Unknown,Same Day,5435
2020-07,Unknown,Unknown,Unknown,Unknown / Data Quality,20
2020-08,Attended,GP,Face-to-Face,1 Day,453759
2020-08,Attended,GP,Face-to-Face,15  to 21 Days,66360
2020-08,Attended,GP,Face-to-Face,2 to 7 Days,671801
2020-08,Attended,GP,Face-to-Face,22  to 28 Days,30859
2020-08,Attended,GP,Face-to-Face,8  to 14 Days,190271
2020-08,Attended,GP,Face-to-Face,More than 28 Days,21080
2020-08,Attended,GP,Face-to-Face,Same Day,2336623
2020-08,Attended,GP,Face-to-Face,Unknown / Data Quality,882
2020-08,Attended,GP,Home Visit,1 Day,4806
2020-08,Attended,GP,Home Visit,15  to 21 Days,106
2020-08,Attended,GP,Home Visit,2 to 7 Days,4122
2020-08,Attended,GP,Home Visit,22  to 28 Days,37
2020-08,Attended,GP,Home Visit,8  to 14 Days,435
2020-08,Attended,GP,Home Visit,More than 28 Days,126
2020-08,Attended,GP,Home Visit,Same Day,22377
2020-08,Attended,GP,Home Visit,Unknown / Data Quality,122
2020-08,Attended,GP,Telephone,1 Day,561765
2020-08,Attended,GP,Telephone,15  to 21 Days,92698
2020-08,Attended,GP,Telephone,2 to 7 Days,967790
2020-08,Attended,GP,Telephone,22  to 28 Days,33703
2020-08,Attended,GP,Telephone,8  to 14 Days,305219
2020-08,Attended,GP,Telephone,More than 28 Days,11590
2020-08,Attended,GP,Telephone,Same Day,3890979
2020-08,Attended,GP,Telephone,Unknown / Data Quality,1725
2020-08,Attended,GP,Unknown,1 Day,21865
2020-08,Attended,GP,Unknown,15  to 21 Days,3392
2020-08,Attended,GP,Unknown,2 to 7 Days,30817
2020-08,Attended,GP,Unknown,22  to 28 Days,1735
2020-08,Attended,GP,Unknown,8  to 14 Days,8622
2020-08,Attended,GP,Unknown,More than 28 Days,890
2020-08,Attended,GP,Unknown,Same Day,124770
2020-08,Attended,GP,Unknown,Unknown / Data Quality,48
2020-08,Attended,GP,Video/Online,1 Day,5724
2020-08,Attended,GP,Video/Online,15  to 21 Days,661
2020-08,Attended,GP,Video/Online,2 to 7 Days,8003
2020-08,Attended,GP,Video/Online,22  to 28 Days,275
2020-08,Attended,GP,Video/Online,8  to 14 Days,2522
2020-08,Attended,GP,Video/Online,More than 28 Days,211
2020-08,Attended,GP,Video/Online,Same Day,22041
2020-08,Attended,GP,Video/Online,Unknown / Data Quality,20
2020-08,Attended,Other Practice staff,Face-to-Face,1 Day,489725
2020-08,Attended,Other Practice staff,Face-to-Face,15  to 21 Days,435799
2020-08,Attended,Other Practice staff,Face-to-Face,2 to 7 Days,1611758
2020-08,Attended,Other Practice staff,Face-to-Face,22  to 28 Days,234228
2020-08,Attended,Other Practice staff,Face-to-Face,8  to 14 Days,1056295
2020-08,Attended,Other Practice staff,Face-to-Face,More than 28 Days,175340
2020-08,Attended,Other Practice staff,Face-to-Face,Same Day,1399107
2020-08,Attended,Other Practice staff,Face-to-Face,Unknown / Data Quality,1420
2020-08,Attended,Other Practice staff,Home Visit,1 Day,5390
2020-08,Attended,Other Practice staff,Home Visit,15  to 21 Days,1281
2020-08,Attended,Other Practice staff,Home Visit,2 to 7 Days,9334
2020-08,Attended,Other Practice staff,Home Visit,22  to 28 Days,951
2020-08,Attended,Other Practice staff,Home Visit,8  to 14 Days,3739
2020-08,Attended,Other Practice staff,Home Visit,More than 28 Days,841
2020-08,Attended,Other Practice staff,Home Visit,Same Day,21703
2020-08,Attended,Other Practice staff,Home Visit,Unknown / Data Quality,143
2020-08,Attended,Other Practice staff,Telephone,1 Day,230405
2020-08,Attended,Other Practice staff,Telephone,15  to 21 Days,65083
2020-08,Attended,Other Practice staff,Telephone,2 to 7 Days,392588
2020-08,Attended,Other Practice staff,Telephone,22  to 28 Days,33826
2020-08,Attended,Other Practice staff,Telephone,8  to 14 Days,159407
2020-08,Attended,Other Practice staff,Telephone,More than 28 Days,20759
2020-08,Attended,Other Practice staff,Telephone,Same Day,1377982
2020-08,Attended,Other Practice staff,Telephone,Unknown / Data Quality,591
2020-08,Attended,Other Practice staff,Unknown,1 Day,26832
2020-08,Attended,Other Practice staff,Unknown,15  to 21 Days,9899
2020-08,Attended,Other Practice staff,Unknown,2 to 7 Days,54789
2020-08,Attended,Other Practice staff,Unknown,22  to 28 Days,5482
2020-08,Attended,Other Practice staff,Unknown,8  to 14 Days,24084
2020-08,Attended,Other Practice staff,Unknown,More than 28 Days,3747
2020-08,Attended,Other Practice staff,Unknown,Same Day,94073
2020-08,Attended,Other Practice staff,Unknown,Unknown / Data Quality,67
2020-08,Attended,Other Practice staff,Video/Online,1 Day,2958
2020-08,Attended,Other Practice staff,Video/Online,15  to 21 Days,3178
2020-08,Attended,Other Practice staff,Video/Online,2 to 7 Days,7988
2020-08,Attended,Other Practice staff,Video/Online,22  to 28 Days,1369
2020-08,Attended,Other Practice staff,Video/Online,8  to 14 Days,5284
2020-08,Attended,Other Practice staff,Video/Online,More than 28 Days,1102
2020-08,Attended,Other Practice staff,Video/Online,Same Day,8746
2020-08,Attended,Other Practice staff,Video/Online,Unknown / Data Quality,3
2020-08,Attended,Unknown,Face-to-Face,1 Day,11489
2020-08,Attended,Unknown,Face-to-Face,15  to 21 Days,1363
2020-08,Attended,Unknown,Face-to-Face,2 to 7 Days,7731
2020-08,Attended,Unknown,Face-to-Face,22  to 28 Days,705
2020-08,Attended,Unknown,Face-to-Face,8  to 14 Days,2199
2020-08,Attended,Unknown,Face-to-Face,More than 28 Days,490
2020-08,Attended,Unknown,Face-to-Face,Same Day,79274
2020-08,Attended,Unknown,Face-to-Face,Unknown / Data Quality,90
2020-08,Attended,Unknown,Home Visit,1 Day,1804
2020-08,Attended,Unknown,Home Visit,15  to 21 Days,35
2020-08,Attended,Unknown,Home Visit,2 to 7 Days,1190
2020-08,Attended,Unknown,Home Visit,22  to 28 Days,44
2020-08,Attended,Unknown,Home Visit,8  to 14 Days,149
2020-08,Attended,Unknown,Home Visit,More than 28 Days,26
2020-08,Attended,Unknown,Home Visit,Same Day,8808
2020-08,Attended,Unknown,Home Visit,Unknown / Data Quality,29
2020-08,Attended,Unknown,Telephone,1 Day,13017
2020-08,Attended,Unknown,Telephone,15  to 21 Days,607
2020-08,Attended,Unknown,Telephone,2 to 7 Days,8742
2020-08,Attended,Unknown,Telephone,22  to 28 Days,243
2020-08,Attended,Unknown,Telephone,8  to 14 Days,1900
2020-08,Attended,Unknown,Telephone,More than 28 Days,75
2020-08,Attended,Unknown,Telephone,Same Day,109567
2020-08,Attended,Unknown,Telephone,Unknown / Data Quality,4
2020-08,Attended,Unknown,Unknown,1 Day,27121
2020-08,Attended,Unknown,Unknown,15  to 21 Days,7730
2020-08,Attended,Unknown,Unknown,2 to 7 Days,50288
2020-08,Attended,Unknown,Unknown,22  to 28 Days,4011
2020-08,Attended,Unknown,Unknown,8  to 14 Days,19392
2020-08,Attended,Unknown,Unknown,More than 28 Days,3657
2020-08,Attended,Unknown,Unknown,Same Day,196473
2020-08,Attended,Unknown,Unknown,Unknown / Data Quality,164
2020-08,Attended,Unknown,Video/Online,1 Day,4
2020-08,Attended,Unknown,Video/Online,2 to 7 Days,3
2020-08,Attended,Unknown,Video/Online,Same Day,37
2020-08,DNA,GP,Face-to-Face,1 Day,13268
2020-08,DNA,GP,Face-to-Face,15  to 21 Days,4915
2020-08,DNA,GP,Face-to-Face,2 to 7 Days,26670
2020-08,DNA,GP,Face-to-Face,22  to 28 Days,2795
2020-08,DNA,GP,Face-to-Face,8  to 14 Days,10984
2020-08,DNA,GP,Face-to-Face,More than 28 Days,3960
2020-08,DNA,GP,Face-to-Face,Same Day,39244
2020-08,DNA,GP,Face-to-Face,Unknown / Data Quality,83
2020-08,DNA,GP,Home Visit,1 Day,152
2020-08,DNA,GP,Home Visit,15  to 21 Days,27
2020-08,DNA,GP,Home Visit,2 to 7 Days,103
2020-08,DNA,GP,Home Visit,22  to 28 Days,9
2020-08,DNA,GP,Home Visit,8  to 14 Days,34
2020-08,DNA,GP,Home Visit,More than 28 Days,12
2020-08,DNA,GP,Home Visit,Same Day,772
2020-08,DNA,GP,Telephone,1 Day,12209
2020-08,DNA,GP,Telephone,15  to 21 Days,2596
2020-08,DNA,GP,Telephone,2 to 7 Days,21461
2020-08,DNA,GP,Telephone,22  to 28 Days,895
2020-08,DNA,GP,Telephone,8  to 14 Days,7741
2020-08,DNA,GP,Telephone,More than 28 Days,322
2020-08,DNA,GP,Telephone,Same Day,50946
2020-08,DNA,GP,Telephone,Unknown / Data Quality,15
2020-08,DNA,GP,Unknown,1 Day,874
2020-08,DNA,GP,Unknown,15  to 21 Days,180
2020-08,DNA,GP,Unknown,2 to 7 Days,1249
2020-08,DNA,GP,Unknown,22  to 28 Days,129
2020-08,DNA,GP,Unknown,8  to 14 Days,322
2020-08,DNA,GP,Unknown,More than 28 Days,161
2020-08,DNA,GP,Unknown,Same Day,5118
2020-08,DNA,GP,Unknown,Unknown / Data Quality,23
2020-08,DNA,GP,Video/Online,1 Day,80
2020-08,DNA,GP,Video/Online,15  to 21 Days,29
2020-08,DNA,GP,Video/Online,2 to 7 Days,142
2020-08,DNA,GP,Video/Online,22  to 28 Days,8
2020-08,DNA,GP,Video/Online,8  to 14 Days,57
2020-08,DNA,GP,Video/Online,More than 28 Days,13
2020-08,DNA,GP,Video/Online,Same Day,205
2020-08,DNA,Other Practice staff,Face-to-Face,1 Day,24007
2020-08,DNA,Other Practice staff,Face-to-Face,15  to 21 Days,42348
2020-08,DNA,Other Practice staff,Face-to-Face,2 to 7 Days,111303
2020-08,DNA,Other Practice staff,Face-to-Face,22  to 28 Days,24089
2020-08,DNA,Other Practice staff,Face-to-Face,8  to 14 Days,90910
2020-08,DNA,Other Practice staff,Face-to-Face,More than 28 Days,25052
2020-08,DNA,Other Practice staff,Face-to-Face,Same Day,38681
2020-08,DNA,Other Practice staff,Face-to-Face,Unknown / Data Quality,82
2020-08,DNA,Other Practice staff,Home Visit,1 Day,177
2020-08,DNA,Other Practice staff,Home Visit,15  to 21 Days,55
2020-08,DNA,Other Practice staff,Home Visit,2 to 7 Days,367
2020-08,DNA,Other Practice staff,Home Visit,22  to 28 Days,38
2020-08,DNA,Other Practice staff,Home Visit,8  to 14 Days,161
2020-08,DNA,Other Practice staff,Home Visit,More than 28 Days,25
2020-08,DNA,Other Practice staff,Home Visit,Same Day,460
2020-08,DNA,Other Practice staff,Home Visit,Unknown / Data Quality,5
2020-08,DNA,Other Practice staff,Telephone,1 Day,8858
2020-08,DNA,Other Practice staff,Telephone,15  to 21 Days,3480
2020-08,DNA,Other Practice staff,Telephone,2 to 7 Days,17594
2020-08,DNA,Other Practice staff,Telephone,22  to 28 Days,2111
2020-08,DNA,Other Practice staff,Telephone,8  to 14 Days,8150
2020-08,DNA,Other Practice staff,Telephone,More than 28 Days,1454
2020-08,DNA,Other Practice staff,Telephone,Same Day,26222
2020-08,DNA,Other Practice staff,Telephone,Unknown / Data Quality,18
2020-08,DNA,Other Practice staff,Unknown,1 Day,2781
2020-08,DNA,Other Practice staff,Unknown,15  to 21 Days,725
2020-08,DNA,Other Practice staff,Unknown,2 to 7 Days,3674
2020-08,DNA,Other Practice staff,Unknown,22  to 28 Days,629
2020-08,DNA,Other Practice staff,Unknown,8  to 14 Days,1444
2020-08,DNA,Other Practice staff,Unknown,More than 28 Days,681
2020-08,DNA,Other Practice staff,Unknown,Same Day,7774
2020-08,DNA,Other Practice staff,Unknown,Unknown / Data Quality,169
2020-08,DNA,Other Practice staff,Video/Online,1 Day,111
2020-08,DNA,Other Practice staff,Video/Online,15  to 21 Days,346
2020-08,DNA,Other Practice staff,Video/Online,2 to 7 Days,454
2020-08,DNA,Other Practice staff,Video/Online,22  to 28 Days,176
2020-08,DNA,Other Practice staff,Video/Online,8  to 14 Days,389
2020-08,DNA,Other Practice staff,Video/Online,More than 28 Days,154
2020-08,DNA,Other Practice staff,Video/Online,Same Day,171
2020-08,DNA,Unknown,Face-to-Face,1 Day,409
2020-08,DNA,Unknown,Face-to-Face,15  to 21 Days,36
2020-08,DNA,Unknown,Face-to-Face,2 to 7 Days,626
2020-08,DNA,Unknown,Face-to-Face,22  to 28 Days,28
2020-08,DNA,Unknown,Face-to-Face,8  to 14 Days,148
2020-08,DNA,Unknown,Face-to-Face,More than 28 Days,12
2020-08,DNA,Unknown,Face-to-Face,Same Day,870
2020-08,DNA,Unknown,Face-to-Face,Unknown / Data Quality,1
2020-08,DNA,Unknown,Home Visit,1 Day,391
2020-08,DNA,Unknown,Home Visit,15  to 21 Days,14
2020-08,DNA,Unknown,Home Visit,2 to 7 Days,440
2020-08,DNA,Unknown,Home Visit,22  to 28 Days,97
2020-08,DNA,Unknown,Home Visit,8  to 14 Days,94
2020-08,DNA,Unknown,Home Visit,More than 28 Days,20
2020-08,DNA,Unknown,Home Visit,Same Day,916
2020-08,DNA,Unknown,Telephone,1 Day,563
2020-08,DNA,Unknown,Telephone,15  to 21 Days,32
2020-08,DNA,Unknown,Telephone,2 to 7 Days,352
2020-08,DNA,Unknown,Telephone,22  to 28 Days,17
2020-08,DNA,Unknown,Telephone,8  to 14 Days,111
2020-08,DNA,Unknown,Telephone,More than 28 Days,5
2020-08,DNA,Unknown,Telephone,Same Day,3098
2020-08,DNA,Unknown,Telephone,Unknown / Data Quality,2
2020-08,DNA,Unknown,Unknown,1 Day,527
2020-08,DNA,Unknown,Unknown,15  to 21 Days,569
2020-08,DNA,Unknown,Unknown,2 to 7 Days,1968
2020-08,DNA,Unknown,Unknown,22  to 28 Days,290
2020-08,DNA,Unknown,Unknown,8  to 14 Days,1203
2020-08,DNA,Unknown,Unknown,More than 28 Days,347
2020-08,DNA,Unknown,Unknown,Same Day,1223
2020-08,DNA,Unknown,Video/Online,Same Day,2
2020-08,Unknown,GP,Face-to-Face,1 Day,16347
2020-08,Unknown,GP,Face-to-Face,15  to 21 Days,13816
2020-08,Unknown,GP,Face-to-Face,2 to 7 Days,35853
2020-08,Unknown,GP,Face-to-Face,22  to 28 Days,9788
2020-08,Unknown,GP,Face-to-Face,8  to 14 Days,23088
2020-08,Unknown,GP,Face-to-Face,More than 28 Days,17596
2020-08,Unknown,GP,Face-to-Face,Same Day,64499
2020-08,Unknown,GP,Face-to-Face,Unknown / Data Quality,398
2020-08,Unknown,GP,Home Visit,1 Day,1478
2020-08,Unknown,GP,Home Visit,15  to 21 Days,102
2020-08,Unknown,GP,Home Visit,2 to 7 Days,1304
2020-08,Unknown,GP,Home Visit,22  to 28 Days,43
2020-08,Unknown,GP,Home Visit,8  to 14 Days,228
2020-08,Unknown,GP,Home Visit,More than 28 Days,45
2020-08,Unknown,GP,Home Visit,Same Day,6789
2020-08,Unknown,GP,Home Visit,Unknown / Data Quality,54
2020-08,Unknown,GP,Telephone,1 Day,16123
2020-08,Unknown,GP,Telephone,15  to 21 Days,10290
2020-08,Unknown,GP,Telephone,2 to 7 Days,33165
2020-08,Unknown,GP,Telephone,22  to 28 Days,6219
2020-08,Unknown,GP,Telephone,8  to 14 Days,18316
2020-08,Unknown,GP,Telephone,More than 28 Days,7763
2020-08,Unknown,GP,Telephone,Same Day,73929
2020-08,Unknown,GP,Telephone,Unknown / Data Quality,453
2020-08,Unknown,GP,Unknown,1 Day,944
2020-08,Unknown,GP,Unknown,15  to 21 Days,1639
2020-08,Unknown,GP,Unknown,2 to 7 Days,2532
2020-08,Unknown,GP,Unknown,22  to 28 Days,887
2020-08,Unknown,GP,Unknown,8  to 14 Days,2133
2020-08,Unknown,GP,Unknown,More than 28 Days,717
2020-08,Unknown,GP,Unknown,Same Day,2300
2020-08,Unknown,GP,Unknown,Unknown / Data Quality,3
2020-08,Unknown,GP,Video/Online,1 Day,183
2020-08,Unknown,GP,Video/Online,15  to 21 Days,227
2020-08,Unknown,GP,Video/Online,2 to 7 Days,319
2020-08,Unknown,GP,Video/Online,22  to 28 Days,87
2020-08,Unknown,GP,Video/Online,8  to 14 Days,297
2020-08,Unknown,GP,Video/Online,More than 28 Days,197
2020-08,Unknown,GP,Video/Online,Same Day,471
2020-08,Unknown,GP,Video/Online,Unknown / Data Quality,2
2020-08,Unknown,Other Practice staff,Face-to-Face,1 Day,28875
2020-08,Unknown,Other Practice staff,Face-to-Face,15  to 21 Days,53663
2020-08,Unknown,Other Practice staff,Face-to-Face,2 to 7 Days,85886
2020-08,Unknown,Other Practice staff,Face-to-Face,22  to 28 Days,41908
2020-08,Unknown,Other Practice staff,Face-to-Face,8  to 14 Days,78296
2020-08,Unknown,Other Practice staff,Face-to-Face,More than 28 Days,86070
2020-08,Unknown,Other Practice staff,Face-to-Face,Same Day,73975
2020-08,Unknown,Other Practice staff,Face-to-Face,Unknown / Data Quality,638
2020-08,Unknown,Other Practice staff,Home Visit,1 Day,1203
2020-08,Unknown,Other Practice staff,Home Visit,15  to 21 Days,425
2020-08,Unknown,Other Practice staff,Home Visit,2 to 7 Days,2275
2020-08,Unknown,Other Practice staff,Home Visit,22  to 28 Days,352
2020-08,Unknown,Other Practice staff,Home Visit,8  to 14 Days,1261
2020-08,Unknown,Other Practice staff,Home Visit,More than 28 Days,552
2020-08,Unknown,Other Practice staff,Home Visit,Same Day,4524
2020-08,Unknown,Other Practice staff,Home Visit,Unknown / Data Quality,14
2020-08,Unknown,Other Practice staff,Telephone,1 Day,10262
2020-08,Unknown,Other Practice staff,Telephone,15  to 21 Days,8377
2020-08,Unknown,Other Practice staff,Telephone,2 to 7 Days,24676
2020-08,Unknown,Other Practice staff,Telephone,22  to 28 Days,5915
2020-08,Unknown,Other Practice staff,Telephone,8  to 14 Days,15240
2020-08,Unknown,Other Practice staff,Telephone,More than 28 Days,8950
2020-08,Unknown,Other Practice staff,Telephone,Same Day,45446
2020-08,Unknown,Other Practice staff,Telephone,Unknown / Data Quality,207
2020-08,Unknown,Other Practice staff,Unknown,1 Day,2380
2020-08,Unknown,Other Practice staff,Unknown,15  to 21 Days,3945
2020-08,Unknown,Other Practice staff,Unknown,2 to 7 Days,8142
2020-08,Unknown,Other Practice staff,Unknown,22  to 28 Days,2859
2020-08,Unknown,Other Practice staff,Unknown,8  to 14 Days,7076
2020-08,Unknown,Other Practice staff,Unknown,More than 28 Days,2430
2020-08,Unknown,Other Practice staff,Unknown,Same Day,2672
2020-08,Unknown,Other Practice staff,Unknown,Unknown / Data Quality,2
2020-08,Unknown,Other Practice staff,Video/Online,1 Day,177
2020-08,Unknown,Other Practice staff,Video/Online,15  to 21 Days,319
2020-08,Unknown,Other Practice staff,Video/Online,2 to 7 Days,328
2020-08,Unknown,Other Practice staff,Video/Online,22  to 28 Days,305
2020-08,Unknown,Other Practice staff,Video/Online,8  to 14 Days,303
2020-08,Unknown,Other Practice staff,Video/Online,More than 28 Days,752
2020-08,Unknown,Other Practice staff,Video/Online,Same Day,520
2020-08,Unknown,Other Practice staff,Video/Online,Unknown / Data Quality,2
2020-08,Unknown,Unknown,Face-to-Face,1 Day,2147
2020-08,Unknown,Unknown,Face-to-Face,15  to 21 Days,255
2020-08,Unknown,Unknown,Face-to-Face,2 to 7 Days,2554
2020-08,Unknown,Unknown,Face-to-Face,22  to 28 Days,149
2020-08,Unknown,Unknown,Face-to-Face,8  to 14 Days,798
2020-08,Unknown,Unknown,Face-to-Face,More than 28 Days,474
2020-08,Unknown,Unknown,Face-to-Face,Same Day,10653
2020-08,Unknown,Unknown,Face-to-Face,Unknown / Data Quality,65
2020-08,Unknown,Unknown,Home Visit,1 Day,869
2020-08,Unknown,Unknown,Home Visit,15  to 21 Days,120
2020-08,Unknown,Unknown,Home Visit,2 to 7 Days,738
2020-08,Unknown,Unknown,Home Visit,22  to 28 Days,87
2020-08,Unknown,Unknown,Home Visit,8  to 14 Days,189
2020-08,Unknown,Unknown,Home Visit,More than 28 Days,68
2020-08,Unknown,Unknown,Home Visit,Same Day,3696
2020-08,Unknown,Unknown,Home Visit,Unknown / Data Quality,21
2020-08,Unknown,Unknown,Telephone,1 Day,614
2020-08,Unknown,Unknown,Telephone,15  to 21 Days,141
2020-08,Unknown,Unknown,Telephone,2 to 7 Days,699
2020-08,Unknown,Unknown,Telephone,22  to 28 Days,98
2020-08,Unknown,Unknown,Telephone,8  to 14 Days,194
2020-08,Unknown,Unknown,Telephone,More than 28 Days,91
2020-08,Unknown,Unknown,Telephone,Same Day,3188
2020-08,Unknown,Unknown,Telephone,Unknown / Data Quality,16
2020-08,Unknown,Unknown,Unknown,1 Day,1609
2020-08,Unknown,Unknown,Unknown,15  to 21 Days,3155
2020-08,Unknown,Unknown,Unknown,2 to 7 Days,5034
2020-08,Unknown,Unknown,Unknown,22  to 28 Days,3046
2020-08,Unknown,Unknown,Unknown,8  to 14 Days,4347
2020-08,Unknown,Unknown,Unknown,More than 28 Days,7568
2020-08,Unknown,Unknown,Unknown,Same Day,5204
2020-08,Unknown,Unknown,Unknown,Unknown / Data Quality,35
2020-08,Unknown,Unknown,Video/Online,1 Day,1
2020-08,Unknown,Unknown,Video/Online,2 to 7 Days,1
2020-08,Unknown,Unknown,Video/Online,Same Day,1
2020-09,Attended,GP,Face-to-Face,1 Day,569203
2020-09,Attended,GP,Face-to-Face,15  to 21 Days,151257
2020-09,Attended,GP,Face-to-Face,2 to 7 Days,948006
2020-09,Attended,GP,Face-to-Face,22  to 28 Days,81623
2020-09,Attended,GP,Face-to-Face,8  to 14 Days,336952
2020-09,Attended,GP,Face-to-Face,More than 28 Days,69152
2020-09,Attended,GP,Face-to-Face,Same Day,2825611
2020-09,Attended,GP,Face-to-Face,Unknown / Data Quality,1551
2020-09,Attended,GP,Home Visit,1 Day,5415
2020-09,Attended,GP,Home Visit,15  to 21 Days,232
2020-09,Attended,GP,Home Visit,2 to 7 Days,5299
2020-09,Attended,GP,Home Visit,22  to 28 Days,82
2020-09,Attended,GP,Home Visit,8  to 14 Days,809
2020-09,Attended,GP,Home Visit,More than 28 Days,170
2020-09,Attended,GP,Home Visit,Same Day,26929
2020-09,Attended,GP,Home Visit,Unknown / Data Quality,166
2020-09,Attended,GP,Telephone,1 Day,654685
2020-09,Attended,GP,Telephone,15  to 21 Days,142064
2020-09,Attended,GP,Telephone,2 to 7 Days,1184205
2020-09,Attended,GP,Telephone,22  to 28 Days,53066
2020-09,Attended,GP,Telephone,8  to 14 Days,431547
2020-09,Attended,GP,Telephone,More than 28 Days,20321
2020-09,Attended,GP,Telephone,Same Day,4531182
2020-09,Attended,GP,Telephone,Unknown / Data Quality,2055
2020-09,Attended,GP,Unknown,1 Day,25145
2020-09,Attended,GP,Unknown,15  to 21 Days,5391
2020-09,Attended,GP,Unknown,2 to 7 Days,38475
2020-09,Attended,GP,Unknown,22  to 28 Days,2527
2020-09,Attended,GP,Unknown,8  to 14 Days,13184
2020-09,Attended,GP,Unknown,More than 28 Days,2043
2020-09,Attended,GP,Unknown,Same Day,133365
2020-09,Attended,GP,Unknown,Unknown / Data Quality,63
2020-09,Attended,GP,Video/Online,1 Day,7458
2020-09,Attended,GP,Video/Online,15  to 21 Days,1711
2020-09,Attended,GP,Video/Online,2 to 7 Days,10773
2020-09,Attended,GP,Video/Online,22  to 28 Days,1177
2020-09,Attended,GP,Video/Online,8  to 14 Days,4285
2020-09,Attended,GP,Video/Online,More than 28 Days,1216
2020-09,Attended,GP,Video/Online,Same Day,27384
2020-09,Attended,GP,Video/Online,Unknown / Data Quality,48
2020-09,Attended,Other Practice staff,Face-to-Face,1 Day,635213
2020-09,Attended,Other Practice staff,Face-to-Face,15  to 21 Days,887208
2020-09,Attended,Other Practice staff,Face-to-Face,2 to 7 Days,2180177
2020-09,Attended,Other Practice staff,Face-to-Face,22  to 28 Days,484127
2020-09,Attended,Other Practice staff,Face-to-Face,8  to 14 Days,1665837
2020-09,Attended,Other Practice staff,Face-to-Face,More than 28 Days,432616
2020-09,Attended,Other Practice staff,Face-to-Face,Same Day,1728126
2020-09,Attended,Other Practice staff,Face-to-Face,Unknown / Data Quality,4322
2020-09,Attended,Other Practice staff,Home Visit,1 Day,6883
2020-09,Attended,Other Practice staff,Home Visit,15  to 21 Days,2096
2020-09,Attended,Other Practice staff,Home Visit,2 to 7 Days,11472
2020-09,Attended,Other Practice staff,Home Visit,22  to 28 Days,1160
2020-09,Attended,Other Practice staff,Home Visit,8  to 14 Days,5048
2020-09,Attended,Other Practice staff,Home Visit,More than 28 Days,1433
2020-09,Attended,Other Practice staff,Home Visit,Same Day,27341
2020-09,Attended,Other Practice staff,Home Visit,Unknown / Data Quality,400
2020-09,Attended,Other Practice staff,Telephone,1 Day,244804
2020-09,Attended,Other Practice staff,Telephone,15  to 21 Days,86479
2020-09,Attended,Other Practice staff,Telephone,2 to 7 Days,427524
2020-09,Attended,Other Practice staff,Telephone,22  to 28 Days,43966
2020-09,Attended,Other Practice staff,Telephone,8  to 14 Days,188453
2020-09,Attended,Other Practice staff,Telephone,More than 28 Days,32016
2020-09,Attended,Other Practice staff,Telephone,Same Day,1509068
2020-09,Attended,Other Practice staff,Telephone,Unknown / Data Quality,789
2020-09,Attended,Other Practice staff,Unknown,1 Day,29426
2020-09,Attended,Other Practice staff,Unknown,15  to 21 Days,17380
2020-09,Attended,Other Practice staff,Unknown,2 to 7 Days,63863
2020-09,Attended,Other Practice staff,Unknown,22  to 28 Days,9354
2020-09,Attended,Other Practice staff,Unknown,8  to 14 Days,35980
2020-09,Attended,Other Practice staff,Unknown,More than 28 Days,8357
2020-09,Attended,Other Practice staff,Unknown,Same Day,96368
2020-09,Attended,Other Practice staff,Unknown,Unknown / Data Quality,93
2020-09,Attended,Other Practice staff,Video/Online,1 Day,4637
2020-09,Attended,Other Practice staff,Video/Online,15  to 21 Days,6066
2020-09,Attended,Other Practice staff,Video/Online,2 to 7 Days,15217
2020-09,Attended,Other Practice staff,Video/Online,22  to 28 Days,4425
2020-09,Attended,Other Practice staff,Video/Online,8  to 14 Days,11834
2020-09,Attended,Other Practice staff,Video/Online,More than 28 Days,3730
2020-09,Attended,Other Practice staff,Video/Online,Same Day,10519
2020-09,Attended,Other Practice staff,Video/Online,Unknown / Data Quality,32
2020-09,Attended,Unknown,Face-to-Face,1 Day,14010
2020-09,Attended,Unknown,Face-to-Face,15  to 21 Days,3349
2020-09,Attended,Unknown,Face-to-Face,2 to 7 Days,12524
2020-09,Attended,Unknown,Face-to-Face,22  to 28 Days,1049
2020-09,Attended,Unknown,Face-to-Face,8  to 14 Days,5709
2020-09,Attended,Unknown,Face-to-Face,More than 28 Days,949
2020-09,Attended,Unknown,Face-to-Face,Same Day,95196
2020-09,Attended,Unknown,Face-to-Face,Unknown / Data Quality,51
2020-09,Attended,Unknown,Home Visit,1 Day,2123
2020-09,Attended,Unknown,Home Visit,15  to 21 Days,89
2020-09,Attended,Unknown,Home Visit,2 to 7 Days,1441
2020-09,Attended,Unknown,Home Visit,22  to 28 Days,46
2020-09,Attended,Unknown,Home Visit,8  to 14 Days,205
2020-09,Attended,Unknown,Home Visit,More than 28 Days,26
2020-09,Attended,Unknown,Home Visit,Same Day,10324
2020-09,Attended,Unknown,Home Visit,Unknown / Data Quality,44
2020-09,Attended,Unknown,Telephone,1 Day,13397
2020-09,Attended,Unknown,Telephone,15  to 21 Days,657
2020-09,Attended,Unknown,Telephone,2 to 7 Days,9551
2020-09,Attended,Unknown,Telephone,22  to 28 Days,320
2020-09,Attended,Unknown,Telephone,8  to 14 Days,2236
2020-09,Attended,Unknown,Telephone,More than 28 Days,94
2020-09,Attended,Unknown,Telephone,Same Day,121161
2020-09,Attended,Unknown,Telephone,Unknown / Data Quality,12
2020-09,Attended,Unknown,Unknown,1 Day,39877
2020-09,Attended,Unknown,Unknown,15  to 21 Days,18018
2020-09,Attended,Unknown,Unknown,2 to 7 Days,86142
2020-09,Attended,Unknown,Unknown,22  to 28 Days,11104
2020-09,Attended,Unknown,Unknown,8  to 14 Days,38515
2020-09,Attended,Unknown,Unknown,More than 28 Days,10125
2020-09,Attended,Unknown,Unknown,Same Day,247270
2020-09,Attended,Unknown,Unknown,Unknown / Data Quality,303
2020-09,Attended,Unknown,Video/Online,1 Day,10
2020-09,Attended,Unknown,Video/Online,2 to 7 Days,8
2020-09,Attended,Unknown,Video/Online,Same Day,33
2020-09,DNA,GP,Face-to-Face,1 Day,20055
2020-09,DNA,GP,Face-to-Face,15  to 21 Days,20087
2020-09,DNA,GP,Face-to-Face,2 to 7 Days,53213
2020-09,DNA,GP,Face-to-Face,22  to 28 Days,12047
2020-09,DNA,GP,Face-to-Face,8  to 14 Days,31155
2020-09,DNA,GP,Face-to-Face,More than 28 Days,15263
2020-09,DNA,GP,Face-to-Face,Same Day,50453
2020-09,DNA,GP,Face-to-Face,Unknown / Data Quality,116
2020-09,DNA,GP,Home Visit,1 Day,146
2020-09,DNA,GP,Home Visit,15  to 21 Days,21
2020-09,DNA,GP,Home Visit,2 to 7 Days,172
2020-09,DNA,GP,Home Visit,22  to 28 Days,13
2020-09,DNA,GP,Home Visit,8  to 14 Days,55
2020-09,DNA,GP,Home Visit,More than 28 Days,8
2020-09,DNA,GP,Home Visit,Same Day,835
2020-09,DNA,GP,Telephone,1 Day,14175
2020-09,DNA,GP,Telephone,15  to 21 Days,3743
2020-09,DNA,GP,Telephone,2 to 7 Days,26335
2020-09,DNA,GP,Telephone,22  to 28 Days,1272
2020-09,DNA,GP,Telephone,8  to 14 Days,10338
2020-09,DNA,GP,Telephone,More than 28 Days,489
2020-09,DNA,GP,Telephone,Same Day,59718
2020-09,DNA,GP,Telephone,Unknown / Data Quality,6
2020-09,DNA,GP,Unknown,1 Day,918
2020-09,DNA,GP,Unknown,15  to 21 Days,416
2020-09,DNA,GP,Unknown,2 to 7 Days,1670
2020-09,DNA,GP,Unknown,22  to 28 Days,236
2020-09,DNA,GP,Unknown,8  to 14 Days,662
2020-09,DNA,GP,Unknown,More than 28 Days,209
2020-09,DNA,GP,Unknown,Same Day,5770
2020-09,DNA,GP,Unknown,Unknown / Data Quality,41
2020-09,DNA,GP,Video/Online,1 Day,112
2020-09,DNA,GP,Video/Online,15  to 21 Days,62
2020-09,DNA,GP,Video/Online,2 to 7 Days,306
2020-09,DNA,GP,Video/Online,22  to 28 Days,19
2020-09,DNA,GP,Video/Online,8  to 14 Days,196
2020-09,DNA,GP,Video/Online,More than 28 Days,38
2020-09,DNA,GP,Video/Online,Same Day,309
2020-09,DNA,Other Practice staff,Face-to-Face,1 Day,41924
2020-09,DNA,Other Practice staff,Face-to-Face,15  to 21 Days,101641
2020-09,DNA,Other Practice staff,Face-to-Face,2 to 7 Days,195894
2020-09,DNA,Other Practice staff,Face-to-Face,22  to 28 Days,56385
2020-09,DNA,Other Practice staff,Face-to-Face,8  to 14 Days,173422
2020-09,DNA,Other Practice staff,Face-to-Face,More than 28 Days,56970
2020-09,DNA,Other Practice staff,Face-to-Face,Same Day,55300
2020-09,DNA,Other Practice staff,Face-to-Face,Unknown / Data Quality,167
2020-09,DNA,Other Practice staff,Home Visit,1 Day,231
2020-09,DNA,Other Practice staff,Home Visit,15  to 21 Days,122
2020-09,DNA,Other Practice staff,Home Visit,2 to 7 Days,502
2020-09,DNA,Other Practice staff,Home Visit,22  to 28 Days,63
2020-09,DNA,Other Practice staff,Home Visit,8  to 14 Days,245
2020-09,DNA,Other Practice staff,Home Visit,More than 28 Days,44
2020-09,DNA,Other Practice staff,Home Visit,Same Day,567
2020-09,DNA,Other Practice staff,Home Visit,Unknown / Data Quality,10
2020-09,DNA,Other Practice staff,Telephone,1 Day,9770
2020-09,DNA,Other Practice staff,Telephone,15  to 21 Days,4553
2020-09,DNA,Other Practice staff,Telephone,2 to 7 Days,19712
2020-09,DNA,Other Practice staff,Telephone,22  to 28 Days,2535
2020-09,DNA,Other Practice staff,Telephone,8  to 14 Days,9521
2020-09,DNA,Other Practice staff,Telephone,More than 28 Days,1975
2020-09,DNA,Other Practice staff,Telephone,Same Day,28544
2020-09,DNA,Other Practice staff,Telephone,Unknown / Data Quality,23
2020-09,DNA,Other Practice staff,Unknown,1 Day,3650
2020-09,DNA,Other Practice staff,Unknown,15  to 21 Days,1531
2020-09,DNA,Other Practice staff,Unknown,2 to 7 Days,6707
2020-09,DNA,Other Practice staff,Unknown,22  to 28 Days,885
2020-09,DNA,Other Practice staff,Unknown,8  to 14 Days,2479
2020-09,DNA,Other Practice staff,Unknown,More than 28 Days,1331
2020-09,DNA,Other Practice staff,Unknown,Same Day,8582
2020-09,DNA,Other Practice staff,Unknown,Unknown / Data Quality,83
2020-09,DNA,Other Practice staff,Video/Online,1 Day,174
2020-09,DNA,Other Practice staff,Video/Online,15  to 21 Days,420
2020-09,DNA,Other Practice staff,Video/Online,2 to 7 Days,1393
2020-09,DNA,Other Practice staff,Video/Online,22  to 28 Days,239
2020-09,DNA,Other Practice staff,Video/Online,8  to 14 Days,1048
2020-09,DNA,Other Practice staff,Video/Online,More than 28 Days,256
2020-09,DNA,Other Practice staff,Video/Online,Same Day,269
2020-09,DNA,Unknown,Face-to-Face,1 Day,689
2020-09,DNA,Unknown,Face-to-Face,15  to 21 Days,299
2020-09,DNA,Unknown,Face-to-Face,2 to 7 Days,1557
2020-09,DNA,Unknown,Face-to-Face,22  to 28 Days,360
2020-09,DNA,Unknown,Face-to-Face,8  to 14 Days,557
2020-09,DNA,Unknown,Face-to-Face,More than 28 Days,41
2020-09,DNA,Unknown,Face-to-Face,Same Day,1156
2020-09,DNA,Unknown,Face-to-Face,Unknown / Data Quality,32
2020-09,DNA,Unknown,Home Visit,1 Day,363
2020-09,DNA,Unknown,Home Visit,15  to 21 Days,30
2020-09,DNA,Unknown,Home Visit,2 to 7 Days,292
2020-09,DNA,Unknown,Home Visit,22  to 28 Days,75
2020-09,DNA,Unknown,Home Visit,8  to 14 Days,90
2020-09,DNA,Unknown,Home Visit,More than 28 Days,62
2020-09,DNA,Unknown,Home Visit,Same Day,825
2020-09,DNA,Unknown,Telephone,1 Day,497
2020-09,DNA,Unknown,Telephone,15  to 21 Days,32
2020-09,DNA,Unknown,Telephone,2 to 7 Days,383
2020-09,DNA,Unknown,Telephone,22  to 28 Days,12
2020-09,DNA,Unknown,Telephone,8  to 14 Days,133
2020-09,DNA,Unknown,Telephone,More than 28 Days,5
2020-09,DNA,Unknown,Telephone,Same Day,2904
2020-09,DNA,Unknown,Telephone,Unknown / Data Quality,1
2020-09,DNA,Unknown,Unknown,1 Day,1212
2020-09,DNA,Unknown,Unknown,15  to 21 Days,1239
2020-09,DNA,Unknown,Unknown,2 to 7 Days,4412
2020-09,DNA,Unknown,Unknown,22  to 28 Days,729
2020-09,DNA,Unknown,Unknown,8  to 14 Days,2548
2020-09,DNA,Unknown,Unknown,More than 28 Days,1408
2020-09,DNA,Unknown,Unknown,Same Day,1916
2020-09,DNA,Unknown,Unknown,Unknown / Data Quality,3
2020-09,DNA,Unknown,Video/Online,Same Day,4
2020-09,Unknown,GP,Face-to-Face,1 Day,23988
2020-09,Unknown,GP,Face-to-Face,15  to 21 Days,33138
2020-09,Unknown,GP,Face-to-Face,2 to 7 Days,58825
2020-09,Unknown,GP,Face-to-Face,22  to 28 Days,19500
2020-09,Unknown,GP,Face-to-Face,8  to 14 Days,44834
2020-09,Unknown,GP,Face-to-Face,More than 28 Days,30298
2020-09,Unknown,GP,Face-to-Face,Same Day,83949
2020-09,Unknown,GP,Face-to-Face,Unknown / Data Quality,598
2020-09,Unknown,GP,Home Visit,1 Day,1825
2020-09,Unknown,GP,Home Visit,15  to 21 Days,97
2020-09,Unknown,GP,Home Visit,2 to 7 Days,1747
2020-09,Unknown,GP,Home Visit,22  to 28 Days,61
2020-09,Unknown,GP,Home Visit,8  to 14 Days,385
2020-09,Unknown,GP,Home Visit,More than 28 Days,82
2020-09,Unknown,GP,Home Visit,Same Day,8048
2020-09,Unknown,GP,Home Visit,Unknown / Data Quality,54
2020-09,Unknown,GP,Telephone,1 Day,20079
2020-09,Unknown,GP,Telephone,15  to 21 Days,14785
2020-09,Unknown,GP,Telephone,2 to 7 Days,42472
2020-09,Unknown,GP,Telephone,22  to 28 Days,9282
2020-09,Unknown,GP,Telephone,8  to 14 Days,26930
2020-09,Unknown,GP,Telephone,More than 28 Days,11967
2020-09,Unknown,GP,Telephone,Same Day,88342
2020-09,Unknown,GP,Telephone,Unknown / Data Quality,714
2020-09,Unknown,GP,Unknown,1 Day,1361
2020-09,Unknown,GP,Unknown,15  to 21 Days,2157
2020-09,Unknown,GP,Unknown,2 to 7 Days,3274
2020-09,Unknown,GP,Unknown,22  to 28 Days,793
2020-09,Unknown,GP,Unknown,8  to 14 Days,2671
2020-09,Unknown,GP,Unknown,More than 28 Days,1071
2020-09,Unknown,GP,Unknown,Same Day,2664
2020-09,Unknown,GP,Unknown,Unknown / Data Quality,8
2020-09,Unknown,GP,Video/Online,1 Day,316
2020-09,Unknown,GP,Video/Online,15  to 21 Days,179
2020-09,Unknown,GP,Video/Online,2 to 7 Days,542
2020-09,Unknown,GP,Video/Online,22  to 28 Days,133
2020-09,Unknown,GP,Video/Online,8  to 14 Days,353
2020-09,Unknown,GP,Video/Online,More than 28 Days,265
2020-09,Unknown,GP,Video/Online,Same Day,745
2020-09,Unknown,GP,Video/Online,Unknown / Data Quality,17
2020-09,Unknown,Other Practice staff,Face-to-Face,1 Day,42948
2020-09,Unknown,Other Practice staff,Face-to-Face,15  to 21 Days,108828
2020-09,Unknown,Other Practice staff,Face-to-Face,2 to 7 Days,138079
2020-09,Unknown,Other Practice staff,Face-to-Face,22  to 28 Days,76067
2020-09,Unknown,Other Practice staff,Face-to-Face,8  to 14 Days,142750
2020-09,Unknown,Other Practice staff,Face-to-Face,More than 28 Days,132007
2020-09,Unknown,Other Practice staff,Face-to-Face,Same Day,98126
2020-09,Unknown,Other Practice staff,Face-to-Face,Unknown / Data Quality,1127
2020-09,Unknown,Other Practice staff,Home Visit,1 Day,1732
2020-09,Unknown,Other Practice staff,Home Visit,15  to 21 Days,702
2020-09,Unknown,Other Practice staff,Home Visit,2 to 7 Days,3129
2020-09,Unknown,Other Practice staff,Home Visit,22  to 28 Days,534
2020-09,Unknown,Other Practice staff,Home Visit,8  to 14 Days,1875
2020-09,Unknown,Other Practice staff,Home Visit,More than 28 Days,813
2020-09,Unknown,Other Practice staff,Home Visit,Same Day,5708
2020-09,Unknown,Other Practice staff,Home Visit,Unknown / Data Quality,101
2020-09,Unknown,Other Practice staff,Telephone,1 Day,12950
2020-09,Unknown,Other Practice staff,Telephone,15  to 21 Days,10912
2020-09,Unknown,Other Practice staff,Telephone,2 to 7 Days,29298
2020-09,Unknown,Other Practice staff,Telephone,22  to 28 Days,7514
2020-09,Unknown,Other Practice staff,Telephone,8  to 14 Days,18425
2020-09,Unknown,Other Practice staff,Telephone,More than 28 Days,10140
2020-09,Unknown,Other Practice staff,Telephone,Same Day,52003
2020-09,Unknown,Other Practice staff,Telephone,Unknown / Data Quality,336
2020-09,Unknown,Other Practice staff,Unknown,1 Day,2277
2020-09,Unknown,Other Practice staff,Unknown,15  to 21 Days,7111
2020-09,Unknown,Other Practice staff,Unknown,2 to 7 Days,9833
2020-09,Unknown,Other Practice staff,Unknown,22  to 28 Days,3419
2020-09,Unknown,Other Practice staff,Unknown,8  to 14 Days,11820
2020-09,Unknown,Other Practice staff,Unknown,More than 28 Days,3519
2020-09,Unknown,Other Practice staff,Unknown,Same Day,2367
2020-09,Unknown,Other Practice staff,Unknown,Unknown / Data Quality,4
2020-09,Unknown,Other Practice staff,Video/Online,1 Day,322
2020-09,Unknown,Other Practice staff,Video/Online,15  to 21 Days,1126
2020-09,Unknown,Other Practice staff,Video/Online,2 to 7 Days,1131
2020-09,Unknown,Other Practice staff,Video/Online,22  to 28 Days,1120
2020-09,Unknown,Other Practice staff,Video/Online,8  to 14 Days,1005
2020-09,Unknown,Other Practice staff,Video/Online,More than 28 Days,721
2020-09,Unknown,Other Practice staff,Video/Online,Same Day,599
2020-09,Unknown,Other Practice staff,Video/Online,Unknown / Data Quality,42
2020-09,Unknown,Unknown,Face-to-Face,1 Day,2877
2020-09,Unknown,Unknown,Face-to-Face,15  to 21 Days,3170
2020-09,Unknown,Unknown,Face-to-Face,2 to 7 Days,4616
2020-09,Unknown,Unknown,Face-to-Face,22  to 28 Days,1928
2020-09,Unknown,Unknown,Face-to-Face,8  to 14 Days,3125
2020-09,Unknown,Unknown,Face-to-Face,More than 28 Days,2525
2020-09,Unknown,Unknown,Face-to-Face,Same Day,14613
2020-09,Unknown,Unknown,Face-to-Face,Unknown / Data Quality,91
2020-09,Unknown,Unknown,Home Visit,1 Day,920
2020-09,Unknown,Unknown,Home Visit,15  to 21 Days,88
2020-09,Unknown,Unknown,Home Visit,2 to 7 Days,1032
2020-09,Unknown,Unknown,Home Visit,22  to 28 Days,90
2020-09,Unknown,Unknown,Home Visit,8  to 14 Days,237
2020-09,Unknown,Unknown,Home Visit,More than 28 Days,108
2020-09,Unknown,Unknown,Home Visit,Same Day,4300
2020-09,Unknown,Unknown,Home Visit,Unknown / Data Quality,58
2020-09,Unknown,Unknown,Telephone,1 Day,762
2020-09,Unknown,Unknown,Telephone,15  to 21 Days,120
2020-09,Unknown,Unknown,Telephone,2 to 7 Days,707
2020-09,Unknown,Unknown,Telephone,22  to 28 Days,60
2020-09,Unknown,Unknown,Telephone,8  to 14 Days,185
2020-09,Unknown,Unknown,Telephone,More than 28 Days,80
2020-09,Unknown,Unknown,Telephone,Same Day,4187
2020-09,Unknown,Unknown,Telephone,Unknown / Data Quality,13
2020-09,Unknown,Unknown,Unknown,1 Day,3137
2020-09,Unknown,Unknown,Unknown,15  to 21 Days,6386
2020-09,Unknown,Unknown,Unknown,2 to 7 Days,9898
2020-09,Unknown,Unknown,Unknown,22  to 28 Days,5616
2020-09,Unknown,Unknown,Unknown,8  to 14 Days,8486
2020-09,Unknown,Unknown,Unknown,More than 28 Days,10038
2020-09,Unknown,Unknown,Unknown,Same Day,6510
2020-09,Unknown,Unknown,Unknown,Unknown / Data Quality,81
2020-09,Unknown,Unknown,Video/Online,1 Day,1
2020-09,Unknown,Unknown,Video/Online,2 to 7 Days,1
2020-09,Unknown,Unknown,Video/Online,Same Day,1
2020-10,Attended,GP,Face-to-Face,1 Day,601078
2020-10,Attended,GP,Face-to-Face,15  to 21 Days,166088
2020-10,Attended,GP,Face-to-Face,2 to 7 Days,1018234
2020-10,Attended,GP,Face-to-Face,22  to 28 Days,111978
2020-10,Attended,GP,Face-to-Face,8  to 14 Days,367703
2020-10,Attended,GP,Face-to-Face,More than 28 Days,123095
2020-10,Attended,GP,Face-to-Face,Same Day,2797641
2020-10,Attended,GP,Face-to-Face,Unknown / Data Quality,2023
2020-10,Attended,GP,Home Visit,1 Day,6066
2020-10,Attended,GP,Home Visit,15  to 21 Days,203
2020-10,Attended,GP,Home Visit,2 to 7 Days,5752
2020-10,Attended,GP,Home Visit,22  to 28 Days,117
2020-10,Attended,GP,Home Visit,8  to 14 Days,831
2020-10,Attended,GP,Home Visit,More than 28 Days,183
2020-10,Attended,GP,Home Visit,Same Day,27247
2020-10,Attended,GP,Home Visit,Unknown / Data Quality,236
2020-10,Attended,GP,Telephone,1 Day,668145
2020-10,Attended,GP,Telephone,15  to 21 Days,138199
2020-10,Attended,GP,Telephone,2 to 7 Days,1209869
2020-10,Attended,GP,Telephone,22  to 28 Days,52851
2020-10,Attended,GP,Telephone,8  to 14 Days,442142
2020-10,Attended,GP,Telephone,More than 28 Days,17543
2020-10,Attended,GP,Telephone,Same Day,4395346
2020-10,Attended,GP,Telephone,Unknown / Data Quality,2497
2020-10,Attended,GP,Unknown,1 Day,22160
2020-10,Attended,GP,Unknown,15  to 21 Days,5102
2020-10,Attended,GP,Unknown,2 to 7 Days,36789
2020-10,Attended,GP,Unknown,22  to 28 Days,2816
2020-10,Attended,GP,Unknown,8  to 14 Days,13258
2020-10,Attended,GP,Unknown,More than 28 Days,2302
2020-10,Attended,GP,Unknown,Same Day,117978
2020-10,Attended,GP,Unknown,Unknown / Data Quality,75
2020-10,Attended,GP,Video/Online,1 Day,8114
2020-10,Attended,GP,Video/Online,15  to 21 Days,1817
2020-10,Attended,GP,Video/Online,2 to 7 Days,10823
2020-10,Attended,GP,Video/Online,22  to 28 Days,1022
2020-10,Attended,GP,Video/Online,8  to 14 Days,3603
2020-10,Attended,GP,Video/Online,More than 28 Days,1416
2020-10,Attended,GP,Video/Online,Same Day,26823
2020-10,Attended,GP,Video/Online,Unknown / Data Quality,20
2020-10,Attended,Other Practice staff,Face-to-Face,1 Day,706321
2020-10,Attended,Other Practice staff,Face-to-Face,15  to 21 Days,1139573
2020-10,Attended,Other Practice staff,Face-to-Face,2 to 7 Days,2384371
2020-10,Attended,Other Practice staff,Face-to-Face,22  to 28 Days,729669
2020-10,Attended,Other Practice staff,Face-to-Face,8  to 14 Days,1933647
2020-10,Attended,Other Practice staff,Face-to-Face,More than 28 Days,767961
2020-10,Attended,Other Practice staff,Face-to-Face,Same Day,1750295
2020-10,Attended,Other Practice staff,Face-to-Face,Unknown / Data Quality,4895
2020-10,Attended,Other Practice staff,Home Visit,1 Day,7962
2020-10,Attended,Other Practice staff,Home Visit,15  to 21 Days,2560
2020-10,Attended,Other Practice staff,Home Visit,2 to 7 Days,14722
2020-10,Attended,Other Practice staff,Home Visit,22  to 28 Days,1355
2020-10,Attended,Other Practice staff,Home Visit,8  to 14 Days,6038
2020-10,Attended,Other Practice staff,Home Visit,More than 28 Days,1270
2020-10,Attended,Other Practice staff,Home Visit,Same Day,29756
2020-10,Attended,Other Practice staff,Home Visit,Unknown / Data Quality,410
2020-10,Attended,Other Practice staff,Telephone,1 Day,243440
2020-10,Attended,Other Practice staff,Telephone,15  to 21 Days,88040
2020-10,Attended,Other Practice staff,Telephone,2 to 7 Days,426773
2020-10,Attended,Other Practice staff,Telephone,22  to 28 Days,45963
2020-10,Attended,Other Practice staff,Telephone,8  to 14 Days,194471
2020-10,Attended,Other Practice staff,Telephone,More than 28 Days,28703
2020-10,Attended,Other Practice staff,Telephone,Same Day,1434518
2020-10,Attended,Other Practice staff,Telephone,Unknown / Data Quality,574
2020-10,Attended,Other Practice staff,Unknown,1 Day,28385
2020-10,Attended,Other Practice staff,Unknown,15  to 21 Days,21049
2020-10,Attended,Other Practice staff,Unknown,2 to 7 Days,65794
2020-10,Attended,Other Practice staff,Unknown,22  to 28 Days,11754
2020-10,Attended,Other Practice staff,Unknown,8  to 14 Days,37904
2020-10,Attended,Other Practice staff,Unknown,More than 28 Days,12134
2020-10,Attended,Other Practice staff,Unknown,Same Day,89791
2020-10,Attended,Other Practice staff,Unknown,Unknown / Data Quality,149
2020-10,Attended,Other Practice staff,Video/Online,1 Day,5218
2020-10,Attended,Other Practice staff,Video/Online,15  to 21 Days,8204
2020-10,Attended,Other Practice staff,Video/Online,2 to 7 Days,14110
2020-10,Attended,Other Practice staff,Video/Online,22  to 28 Days,6745
2020-10,Attended,Other Practice staff,Video/Online,8  to 14 Days,13764
2020-10,Attended,Other Practice staff,Video/Online,More than 28 Days,7714
2020-10,Attended,Other Practice staff,Video/Online,Same Day,15311
2020-10,Attended,Other Practice staff,Video/Online,Unknown / Data Quality,14
2020-10,Attended,Unknown,Face-to-Face,1 Day,15172
2020-10,Attended,Unknown,Face-to-Face,15  to 21 Days,4971
2020-10,Attended,Unknown,Face-to-Face,2 to 7 Days,13061
2020-10,Attended,Unknown,Face-to-Face,22  to 28 Days,3072
2020-10,Attended,Unknown,Face-to-Face,8  to 14 Days,5721
2020-10,Attended,Unknown,Face-to-Face,More than 28 Days,3321
2020-10,Attended,Unknown,Face-to-Face,Same Day,89492
2020-10,Attended,Unknown,Face-to-Face,Unknown / Data Quality,38
2020-10,Attended,Unknown,Home Visit,1 Day,2159
2020-10,Attended,Unknown,Home Visit,15  to 21 Days,47
2020-10,Attended,Unknown,Home Visit,2 to 7 Days,1585
2020-10,Attended,Unknown,Home Visit,22  to 28 Days,50
2020-10,Attended,Unknown,Home Visit,8  to 14 Days,177
2020-10,Attended,Unknown,Home Visit,More than 28 Days,50
2020-10,Attended,Unknown,Home Visit,Same Day,10200
2020-10,Attended,Unknown,Home Visit,Unknown / Data Quality,37
2020-10,Attended,Unknown,Telephone,1 Day,12990
2020-10,Attended,Unknown,Telephone,15  to 21 Days,385
2020-10,Attended,Unknown,Telephone,2 to 7 Days,8131
2020-10,Attended,Unknown,Telephone,22  to 28 Days,253
2020-10,Attended,Unknown,Telephone,8  to 14 Days,1571
2020-10,Attended,Unknown,Telephone,More than 28 Days,114
2020-10,Attended,Unknown,Telephone,Same Day,109623
2020-10,Attended,Unknown,Telephone,Unknown / Data Quality,9
2020-10,Attended,Unknown,Unknown,1 Day,46904
2020-10,Attended,Unknown,Unknown,15  to 21 Days,32941
2020-10,Attended,Unknown,Unknown,2 to 7 Days,115462
2020-10,Attended,Unknown,Unknown,22  to 28 Days,19149
2020-10,Attended,Unknown,Unknown,8  to 14 Days,63623
2020-10,Attended,Unknown,Unknown,More than 28 Days,24583
2020-10,Attended,Unknown,Unknown,Same Day,251945
2020-10,Attended,Unknown,Unknown,Unknown / Data Quality,732
2020-10,Attended,Unknown,Video/Online,1 Day,3
2020-10,Attended,Unknown,Video/Online,2 to 7 Days,3
2020-10,Attended,Unknown,Video/Online,Same Day,18
2020-10,DNA,GP,Face-to-Face,1 Day,22648
2020-10,DNA,GP,Face-to-Face,15  to 21 Days,30079
2020-10,DNA,GP,Face-to-Face,2 to 7 Days,58937
2020-10,DNA,GP,Face-to-Face,22  to 28 Days,18736
2020-10,DNA,GP,Face-to-Face,8  to 14 Days,37936
2020-10,DNA,GP,Face-to-Face,More than 28 Days,21765
2020-10,DNA,GP,Face-to-Face,Same Day,48363
2020-10,DNA,GP,Face-to-Face,Unknown / Data Quality,91
2020-10,DNA,GP,Home Visit,1 Day,159
2020-10,DNA,GP,Home Visit,15  to 21 Days,25
2020-10,DNA,GP,Home Visit,2 to 7 Days,189
2020-10,DNA,GP,Home Visit,22  to 28 Days,16
2020-10,DNA,GP,Home Visit,8  to 14 Days,29
2020-10,DNA,GP,Home Visit,More than 28 Days,21
2020-10,DNA,GP,Home Visit,Same Day,813
2020-10,DNA,GP,Home Visit,Unknown / Data Quality,3
2020-10,DNA,GP,Telephone,1 Day,14350
2020-10,DNA,GP,Telephone,15  to 21 Days,3614
2020-10,DNA,GP,Telephone,2 to 7 Days,25657
2020-10,DNA,GP,Telephone,22  to 28 Days,1237
2020-10,DNA,GP,Telephone,8  to 14 Days,10709
2020-10,DNA,GP,Telephone,More than 28 Days,458
2020-10,DNA,GP,Telephone,Same Day,54671
2020-10,DNA,GP,Telephone,Unknown / Data Quality,11
2020-10,DNA,GP,Unknown,1 Day,810
2020-10,DNA,GP,Unknown,15  to 21 Days,388
2020-10,DNA,GP,Unknown,2 to 7 Days,1585
2020-10,DNA,GP,Unknown,22  to 28 Days,277
2020-10,DNA,GP,Unknown,8  to 14 Days,635
2020-10,DNA,GP,Unknown,More than 28 Days,338
2020-10,DNA,GP,Unknown,Same Day,4742
2020-10,DNA,GP,Unknown,Unknown / Data Quality,34
2020-10,DNA,GP,Video/Online,1 Day,164
2020-10,DNA,GP,Video/Online,15  to 21 Days,115
2020-10,DNA,GP,Video/Online,2 to 7 Days,356
2020-10,DNA,GP,Video/Online,22  to 28 Days,48
2020-10,DNA,GP,Video/Online,8  to 14 Days,175
2020-10,DNA,GP,Video/Online,More than 28 Days,34
2020-10,DNA,GP,Video/Online,Same Day,361
2020-10,DNA,Other Practice staff,Face-to-Face,1 Day,52777
2020-10,DNA,Other Practice staff,Face-to-Face,15  to 21 Days,131278
2020-10,DNA,Other Practice staff,Face-to-Face,2 to 7 Days,225593
2020-10,DNA,Other Practice staff,Face-to-Face,22  to 28 Days,89956
2020-10,DNA,Other Practice staff,Face-to-Face,8  to 14 Days,208904
2020-10,DNA,Other Practice staff,Face-to-Face,More than 28 Days,96745
2020-10,DNA,Other Practice staff,Face-to-Face,Same Day,55382
2020-10,DNA,Other Practice staff,Face-to-Face,Unknown / Data Quality,252
2020-10,DNA,Other Practice staff,Home Visit,1 Day,292
2020-10,DNA,Other Practice staff,Home Visit,15  to 21 Days,106
2020-10,DNA,Other Practice staff,Home Visit,2 to 7 Days,664
2020-10,DNA,Other Practice staff,Home Visit,22  to 28 Days,94
2020-10,DNA,Other Practice staff,Home Visit,8  to 14 Days,308
2020-10,DNA,Other Practice staff,Home Visit,More than 28 Days,72
2020-10,DNA,Other Practice staff,Home Visit,Same Day,680
2020-10,DNA,Other Practice staff,Home Visit,Unknown / Data Quality,13
2020-10,DNA,Other Practice staff,Telephone,1 Day,9525
2020-10,DNA,Other Practice staff,Telephone,15  to 21 Days,4276
2020-10,DNA,Other Practice staff,Telephone,2 to 7 Days,19529
2020-10,DNA,Other Practice staff,Telephone,22  to 28 Days,2445
2020-10,DNA,Other Practice staff,Telephone,8  to 14 Days,9579
2020-10,DNA,Other Practice staff,Telephone,More than 28 Days,1575
2020-10,DNA,Other Practice staff,Telephone,Same Day,25292
2020-10,DNA,Other Practice staff,Telephone,Unknown / Data Quality,11
2020-10,DNA,Other Practice staff,Unknown,1 Day,3202
2020-10,DNA,Other Practice staff,Unknown,15  to 21 Days,1532
2020-10,DNA,Other Practice staff,Unknown,2 to 7 Days,6341
2020-10,DNA,Other Practice staff,Unknown,22  to 28 Days,1417
2020-10,DNA,Other Practice staff,Unknown,8  to 14 Days,2258
2020-10,DNA,Other Practice staff,Unknown,More than 28 Days,1305
2020-10,DNA,Other Practice staff,Unknown,Same Day,8627
2020-10,DNA,Other Practice staff,Unknown,Unknown / Data Quality,83
2020-10,DNA,Other Practice staff,Video/Online,1 Day,306
2020-10,DNA,Other Practice staff,Video/Online,15  to 21 Days,533
2020-10,DNA,Other Practice staff,Video/Online,2 to 7 Days,1082
2020-10,DNA,Other Practice staff,Video/Online,22  to 28 Days,354
2020-10,DNA,Other Practice staff,Video/Online,8  to 14 Days,1183
2020-10,DNA,Other Practice staff,Video/Online,More than 28 Days,282
2020-10,DNA,Other Practice staff,Video/Online,Same Day,235
2020-10,DNA,Unknown,Face-to-Face,1 Day,739
2020-10,DNA,Unknown,Face-to-Face,15  to 21 Days,356
2020-10,DNA,Unknown,Face-to-Face,2 to 7 Days,1317
2020-10,DNA,Unknown,Face-to-Face,22  to 28 Days,178
2020-10,DNA,Unknown,Face-to-Face,8  to 14 Days,958
2020-10,DNA,Unknown,Face-to-Face,More than 28 Days,91
2020-10,DNA,Unknown,Face-to-Face,Same Day,1241
2020-10,DNA,Unknown,Home Visit,1 Day,491
2020-10,DNA,Unknown,Home Visit,15  to 21 Days,26
2020-10,DNA,Unknown,Home Visit,2 to 7 Days,341
2020-10,DNA,Unknown,Home Visit,22  to 28 Days,99
2020-10,DNA,Unknown,Home Visit,8  to 14 Days,59
2020-10,DNA,Unknown,Home Visit,More than 28 Days,15
2020-10,DNA,Unknown,Home Visit,Same Day,1606
2020-10,DNA,Unknown,Telephone,1 Day,469
2020-10,DNA,Unknown,Telephone,15  to 21 Days,27
2020-10,DNA,Unknown,Telephone,2 to 7 Days,382
2020-10,DNA,Unknown,Telephone,22  to 28 Days,10
2020-10,DNA,Unknown,Telephone,8  to 14 Days,111
2020-10,DNA,Unknown,Telephone,More than 28 Days,5
2020-10,DNA,Unknown,Telephone,Same Day,2699
2020-10,DNA,Unknown,Unknown,1 Day,1721
2020-10,DNA,Unknown,Unknown,15  to 21 Days,2542
2020-10,DNA,Unknown,Unknown,2 to 7 Days,6390
2020-10,DNA,Unknown,Unknown,22  to 28 Days,1343
2020-10,DNA,Unknown,Unknown,8  to 14 Days,4758
2020-10,DNA,Unknown,Unknown,More than 28 Days,1524
2020-10,DNA,Unknown,Unknown,Same Day,2163
2020-10,DNA,Unknown,Video/Online,Same Day,2
2020-10,Unknown,GP,Face-to-Face,1 Day,18137
2020-10,Unknown,GP,Face-to-Face,15  to 21 Days,28597
2020-10,Unknown,GP,Face-to-Face,2 to 7 Days,47732
2020-10,Unknown,GP,Face-to-Face,22  to 28 Days,21935
2020-10,Unknown,GP,Face-to-Face,8  to 14 Days,36738
2020-10,Unknown,GP,Face-to-Face,More than 28 Days,32386
2020-10,Unknown,GP,Face-to-Face,Same Day,57092
2020-10,Unknown,GP,Face-to-Face,Unknown / Data Quality,726
2020-10,Unknown,GP,Home Visit,1 Day,1790
2020-10,Unknown,GP,Home Visit,15  to 21 Days,117
2020-10,Unknown,GP,Home Visit,2 to 7 Days,1862
2020-10,Unknown,GP,Home Visit,22  to 28 Days,57
2020-10,Unknown,GP,Home Visit,8  to 14 Days,368
2020-10,Unknown,GP,Home Visit,More than 28 Days,48
2020-10,Unknown,GP,Home Visit,Same Day,7704
2020-10,Unknown,GP,Home Visit,Unknown / Data Quality,49
2020-10,Unknown,GP,Telephone,1 Day,13623
2020-10,Unknown,GP,Telephone,15  to 21 Days,9285
2020-10,Unknown,GP,Telephone,2 to 7 Days,29970
2020-10,Unknown,GP,Telephone,22  to 28 Days,5597
2020-10,Unknown,GP,Telephone,8  to 14 Days,18139
2020-10,Unknown,GP,Telephone,More than 28 Days,5764
2020-10,Unknown,GP,Telephone,Same Day,57151
2020-10,Unknown,GP,Telephone,Unknown / Data Quality,486
2020-10,Unknown,GP,Unknown,1 Day,1115
2020-10,Unknown,GP,Unknown,15  to 21 Days,1962
2020-10,Unknown,GP,Unknown,2 to 7 Days,3045
2020-10,Unknown,GP,Unknown,22  to 28 Days,1302
2020-10,Unknown,GP,Unknown,8  to 14 Days,2586
2020-10,Unknown,GP,Unknown,More than 28 Days,1035
2020-10,Unknown,GP,Unknown,Same Day,2365
2020-10,Unknown,GP,Unknown,Unknown / Data Quality,6
2020-10,Unknown,GP,Video/Online,1 Day,179
2020-10,Unknown,GP,Video/Online,15  to 21 Days,230
2020-10,Unknown,GP,Video/Online,2 to 7 Days,314
2020-10,Unknown,GP,Video/Online,22  to 28 Days,150
2020-10,Unknown,GP,Video/Online,8  to 14 Days,246
2020-10,Unknown,GP,Video/Online,More than 28 Days,307
2020-10,Unknown,GP,Video/Online,Same Day,589
2020-10,Unknown,GP,Video/Online,Unknown / Data Quality,3
2020-10,Unknown,Other Practice staff,Face-to-Face,1 Day,27584
2020-10,Unknown,Other Practice staff,Face-to-Face,15  to 21 Days,118798
2020-10,Unknown,Other Practice staff,Face-to-Face,2 to 7 Days,121764
2020-10,Unknown,Other Practice staff,Face-to-Face,22  to 28 Days,97335
2020-10,Unknown,Other Practice staff,Face-to-Face,8  to 14 Days,150931
2020-10,Unknown,Other Practice staff,Face-to-Face,More than 28 Days,161933
2020-10,Unknown,Other Practice staff,Face-to-Face,Same Day,61045
2020-10,Unknown,Other Practice staff,Face-to-Face,Unknown / Data Quality,843
2020-10,Unknown,Other Practice staff,Home Visit,1 Day,1952
2020-10,Unknown,Other Practice staff,Home Visit,15  to 21 Days,851
2020-10,Unknown,Other Practice staff,Home Visit,2 to 7 Days,4132
2020-10,Unknown,Other Practice staff,Home Visit,22  to 28 Days,732
2020-10,Unknown,Other Practice staff,Home Visit,8  to 14 Days,2111
2020-10,Unknown,Other Practice staff,Home Visit,More than 28 Days,938
2020-10,Unknown,Other Practice staff,Home Visit,Same Day,5931
2020-10,Unknown,Other Practice staff,Home Visit,Unknown / Data Quality,72
2020-10,Unknown,Other Practice staff,Telephone,1 Day,9240
2020-10,Unknown,Other Practice staff,Telephone,15  to 21 Days,8404
2020-10,Unknown,Other Practice staff,Telephone,2 to 7 Days,21966
2020-10,Unknown,Other Practice staff,Telephone,22  to 28 Days,5698
2020-10,Unknown,Other Practice staff,Telephone,8  to 14 Days,14654
2020-10,Unknown,Other Practice staff,Telephone,More than 28 Days,5976
2020-10,Unknown,Other Practice staff,Telephone,Same Day,26866
2020-10,Unknown,Other Practice staff,Telephone,Unknown / Data Quality,332
2020-10,Unknown,Other Practice staff,Unknown,1 Day,1737
2020-10,Unknown,Other Practice staff,Unknown,15  to 21 Days,9673
2020-10,Unknown,Other Practice staff,Unknown,2 to 7 Days,9826
2020-10,Unknown,Other Practice staff,Unknown,22  to 28 Days,5159
2020-10,Unknown,Other Practice staff,Unknown,8  to 14 Days,11426
2020-10,Unknown,Other Practice staff,Unknown,More than 28 Days,6787
2020-10,Unknown,Other Practice staff,Unknown,Same Day,2258
2020-10,Unknown,Other Practice staff,Unknown,Unknown / Data Quality,7
2020-10,Unknown,Other Practice staff,Video/Online,1 Day,158
2020-10,Unknown,Other Practice staff,Video/Online,15  to 21 Days,1062
2020-10,Unknown,Other Practice staff,Video/Online,2 to 7 Days,1061
2020-10,Unknown,Other Practice staff,Video/Online,22  to 28 Days,761
2020-10,Unknown,Other Practice staff,Video/Online,8  to 14 Days,1223
2020-10,Unknown,Other Practice staff,Video/Online,More than 28 Days,772
2020-10,Unknown,Other Practice staff,Video/Online,Same Day,152
2020-10,Unknown,Other Practice staff,Video/Online,Unknown / Data Quality,13
2020-10,Unknown,Unknown,Face-to-Face,1 Day,3054
2020-10,Unknown,Unknown,Face-to-Face,15  to 21 Days,3294
2020-10,Unknown,Unknown,Face-to-Face,2 to 7 Days,8323
2020-10,Unknown,Unknown,Face-to-Face,22  to 28 Days,2367
2020-10,Unknown,Unknown,Face-to-Face,8  to 14 Days,5285
2020-10,Unknown,Unknown,Face-to-Face,More than 28 Days,2907
2020-10,Unknown,Unknown,Face-to-Face,Same Day,16017
2020-10,Unknown,Unknown,Face-to-Face,Unknown / Data Quality,139
2020-10,Unknown,Unknown,Home Visit,1 Day,1019
2020-10,Unknown,Unknown,Home Visit,15  to 21 Days,105
2020-10,Unknown,Unknown,Home Visit,2 to 7 Days,920
2020-10,Unknown,Unknown,Home Visit,22  to 28 Days,181
2020-10,Unknown,Unknown,Home Visit,8  to 14 Days,278
2020-10,Unknown,Unknown,Home Visit,More than 28 Days,69
2020-10,Unknown,Unknown,Home Visit,Same Day,4115
2020-10,Unknown,Unknown,Home Visit,Unknown / Data Quality,18
2020-10,Unknown,Unknown,Telephone,1 Day,959
2020-10,Unknown,Unknown,Telephone,15  to 21 Days,150
2020-10,Unknown,Unknown,Telephone,2 to 7 Days,800
2020-10,Unknown,Unknown,Telephone,22  to 28 Days,97
2020-10,Unknown,Unknown,Telephone,8  to 14 Days,265
2020-10,Unknown,Unknown,Telephone,More than 28 Days,115
2020-10,Unknown,Unknown,Telephone,Same Day,3916
2020-10,Unknown,Unknown,Telephone,Unknown / Data Quality,89
2020-10,Unknown,Unknown,Unknown,1 Day,1384
2020-10,Unknown,Unknown,Unknown,15  to 21 Days,7504
2020-10,Unknown,Unknown,Unknown,2 to 7 Days,7262
2020-10,Unknown,Unknown,Unknown,22  to 28 Days,5752
2020-10,Unknown,Unknown,Unknown,8  to 14 Days,9088
2020-10,Unknown,Unknown,Unknown,More than 28 Days,11104
2020-10,Unknown,Unknown,Unknown,Same Day,2013
2020-10,Unknown,Unknown,Unknown,Unknown / Data Quality,73
2020-10,Unknown,Unknown,Video/Online,1 Day,1
2020-10,Unknown,Unknown,Video/Online,2 to 7 Days,1
2020-10,Unknown,Unknown,Video/Online,8  to 14 Days,1
2020-10,Unknown,Unknown,Video/Online,Same Day,2
2020-11,Attended,GP,Face-to-Face,1 Day,531724
2020-11,Attended,GP,Face-to-Face,15  to 21 Days,120222
2020-11,Attended,GP,Face-to-Face,2 to 7 Days,929524
2020-11,Attended,GP,Face-to-Face,22  to 28 Days,60993
2020-11,Attended,GP,Face-to-Face,8  to 14 Days,308222
2020-11,Attended,GP,Face-to-Face,More than 28 Days,54607
2020-11,Attended,GP,Face-to-Face,Same Day,2747101
2020-11,Attended,GP,Face-to-Face,Unknown / Data Quality,1602
2020-11,Attended,GP,Home Visit,1 Day,5388
2020-11,Attended,GP,Home Visit,15  to 21 Days,204
2020-11,Attended,GP,Home Visit,2 to 7 Days,5911
2020-11,Attended,GP,Home Visit,22  to 28 Days,133
2020-11,Attended,GP,Home Visit,8  to 14 Days,713
2020-11,Attended,GP,Home Visit,More than 28 Days,167
2020-11,Attended,GP,Home Visit,Same Day,26999
2020-11,Attended,GP,Home Visit,Unknown / Data Quality,173
2020-11,Attended,GP,Telephone,1 Day,604992
2020-11,Attended,GP,Telephone,15  to 21 Days,160776
2020-11,Attended,GP,Telephone,2 to 7 Days,1229090
2020-11,Attended,GP,Telephone,22  to 28 Days,64585
2020-11,Attended,GP,Telephone,8  to 14 Days,465448
2020-11,Attended,GP,Telephone,More than 28 Days,22484
2020-11,Attended,GP,Telephone,Same Day,4339811
2020-11,Attended,GP,Telephone,Unknown / Data Quality,2617
2020-11,Attended,GP,Unknown,1 Day,18868
2020-11,Attended,GP,Unknown,15  to 21 Days,4201
2020-11,Attended,GP,Unknown,2 to 7 Days,32358
2020-11,Attended,GP,Unknown,22  to 28 Days,1674
2020-11,Attended,GP,Unknown,8  to 14 Days,11442
2020-11,Attended,GP,Unknown,More than 28 Days,1602
2020-11,Attended,GP,Unknown,Same Day,106823
2020-11,Attended,GP,Unknown,Unknown / Data Quality,40
2020-11,Attended,GP,Video/Online,1 Day,8078
2020-11,Attended,GP,Video/Online,15  to 21 Days,1144
2020-11,Attended,GP,Video/Online,2 to 7 Days,10931
2020-11,Attended,GP,Video/Online,22  to 28 Days,495
2020-11,Attended,GP,Video/Online,8  to 14 Days,3385
2020-11,Attended,GP,Video/Online,More than 28 Days,257
2020-11,Attended,GP,Video/Online,Same Day,27355
2020-11,Attended,GP,Video/Online,Unknown / Data Quality,108
2020-11,Attended,Other Practice staff,Face-to-Face,1 Day,624487
2020-11,Attended,Other Practice staff,Face-to-Face,15  to 21 Days,756267
2020-11,Attended,Other Practice staff,Face-to-Face,2 to 7 Days,2192308
2020-11,Attended,Other Practice staff,Face-to-Face,22  to 28 Days,446257
2020-11,Attended,Other Practice staff,Face-to-Face,8  to 14 Days,1507292
2020-11,Attended,Other Practice staff,Face-to-Face,More than 28 Days,425155
2020-11,Attended,Other Practice staff,Face-to-Face,Same Day,1653239
2020-11,Attended,Other Practice staff,Face-to-Face,Unknown / Data Quality,1756
2020-11,Attended,Other Practice staff,Home Visit,1 Day,7361
2020-11,Attended,Other Practice staff,Home Visit,15  to 21 Days,2145
2020-11,Attended,Other Practice staff,Home Visit,2 to 7 Days,12987
2020-11,Attended,Other Practice staff,Home Visit,22  to 28 Days,1273
2020-11,Attended,Other Practice staff,Home Visit,8  to 14 Days,4886
2020-11,Attended,Other Practice staff,Home Visit,More than 28 Days,1062
2020-11,Attended,Other Practice staff,Home Visit,Same Day,26057
2020-11,Attended,Other Practice staff,Home Visit,Unknown / Data Quality,412
2020-11,Attended,Other Practice staff,Telephone,1 Day,232723
2020-11,Attended,Other Practice staff,Telephone,15  to 21 Days,98705
2020-11,Attended,Other Practice staff,Telephone,2 to 7 Days,442078
2020-11,Attended,Other Practice staff,Telephone,22  to 28 Days,52881
2020-11,Attended,Other Practice staff,Telephone,8  to 14 Days,203610
2020-11,Attended,Other Practice staff,Telephone,More than 28 Days,35730
2020-11,Attended,Other Practice staff,Telephone,Same Day,1449299
2020-11,Attended,Other Practice staff,Telephone,Unknown / Data Quality,918
2020-11,Attended,Other Practice staff,Unknown,1 Day,24131
2020-11,Attended,Other Practice staff,Unknown,15  to 21 Days,12983
2020-11,Attended,Other Practice staff,Unknown,2 to 7 Days,55440
2020-11,Attended,Other Practice staff,Unknown,22  to 28 Days,7887
2020-11,Attended,Other Practice staff,Unknown,8  to 14 Days,28754
2020-11,Attended,Other Practice staff,Unknown,More than 28 Days,6769
2020-11,Attended,Other Practice staff,Unknown,Same Day,83757
2020-11,Attended,Other Practice staff,Unknown,Unknown / Data Quality,152
2020-11,Attended,Other Practice staff,Video/Online,1 Day,4748
2020-11,Attended,Other Practice staff,Video/Online,15  to 21 Days,5445
2020-11,Attended,Other Practice staff,Video/Online,2 to 7 Days,11328
2020-11,Attended,Other Practice staff,Video/Online,22  to 28 Days,3146
2020-11,Attended,Other Practice staff,Video/Online,8  to 14 Days,9204
2020-11,Attended,Other Practice staff,Video/Online,More than 28 Days,4140
2020-11,Attended,Other Practice staff,Video/Online,Same Day,11598
2020-11,Attended,Other Practice staff,Video/Online,Unknown / Data Quality,19
2020-11,Attended,Unknown,Face-to-Face,1 Day,13721
2020-11,Attended,Unknown,Face-to-Face,15  to 21 Days,1929
2020-11,Attended,Unknown,Face-to-Face,2 to 7 Days,12410
2020-11,Attended,Unknown,Face-to-Face,22  to 28 Days,1587
2020-11,Attended,Unknown,Face-to-Face,8  to 14 Days,3605
2020-11,Attended,Unknown,Face-to-Face,More than 28 Days,843
2020-11,Attended,Unknown,Face-to-Face,Same Day,89167
2020-11,Attended,Unknown,Face-to-Face,Unknown / Data Quality,54
2020-11,Attended,Unknown,Home Visit,1 Day,2001
2020-11,Attended,Unknown,Home Visit,15  to 21 Days,57
2020-11,Attended,Unknown,Home Visit,2 to 7 Days,1479
2020-11,Attended,Unknown,Home Visit,22  to 28 Days,65
2020-11,Attended,Unknown,Home Visit,8  to 14 Days,179
2020-11,Attended,Unknown,Home Visit,More than 28 Days,28
2020-11,Attended,Unknown,Home Visit,Same Day,9637
2020-11,Attended,Unknown,Home Visit,Unknown / Data Quality,32
2020-11,Attended,Unknown,Telephone,1 Day,11858
2020-11,Attended,Unknown,Telephone,15  to 21 Days,496
2020-11,Attended,Unknown,Telephone,2 to 7 Days,7708
2020-11,Attended,Unknown,Telephone,22  to 28 Days,200
2020-11,Attended,Unknown,Telephone,8  to 14 Days,2128
2020-11,Attended,Unknown,Telephone,More than 28 Days,88
2020-11,Attended,Unknown,Telephone,Same Day,102979
2020-11,Attended,Unknown,Telephone,Unknown / Data Quality,9
2020-11,Attended,Unknown,Unknown,1 Day,38976
2020-11,Attended,Unknown,Unknown,15  to 21 Days,18429
2020-11,Attended,Unknown,Unknown,2 to 7 Days,92638
2020-11,Attended,Unknown,Unknown,22  to 28 Days,9821
2020-11,Attended,Unknown,Unknown,8  to 14 Days,41385
2020-11,Attended,Unknown,Unknown,More than 28 Days,9663
2020-11,Attended,Unknown,Unknown,Same Day,236901
2020-11,Attended,Unknown,Unknown,Unknown / Data Quality,215
2020-11,Attended,Unknown,Video/Online,1 Day,2
2020-11,Attended,Unknown,Video/Online,2 to 7 Days,2
2020-11,Attended,Unknown,Video/Online,8  to 14 Days,1
2020-11,Attended,Unknown,Video/Online,Same Day,17
2020-11,DNA,GP,Face-to-Face,1 Day,17033
2020-11,DNA,GP,Face-to-Face,15  to 21 Days,10982
2020-11,DNA,GP,Face-to-Face,2 to 7 Days,42983
2020-11,DNA,GP,Face-to-Face,22  to 28 Days,6526
2020-11,DNA,GP,Face-to-Face,8  to 14 Days,20415
2020-11,DNA,GP,Face-to-Face,More than 28 Days,8834
2020-11,DNA,GP,Face-to-Face,Same Day,44811
2020-11,DNA,GP,Face-to-Face,Unknown / Data Quality,87
2020-11,DNA,GP,Home Visit,1 Day,153
2020-11,DNA,GP,Home Visit,15  to 21 Days,14
2020-11,DNA,GP,Home Visit,2 to 7 Days,204
2020-11,DNA,GP,Home Visit,22  to 28 Days,5
2020-11,DNA,GP,Home Visit,8  to 14 Days,48
2020-11,DNA,GP,Home Visit,More than 28 Days,5
2020-11,DNA,GP,Home Visit,Same Day,847
2020-11,DNA,GP,Telephone,1 Day,12333
2020-11,DNA,GP,Telephone,15  to 21 Days,3969
2020-11,DNA,GP,Telephone,2 to 7 Days,25043
2020-11,DNA,GP,Telephone,22  to 28 Days,1495
2020-11,DNA,GP,Telephone,8  to 14 Days,10517
2020-11,DNA,GP,Telephone,More than 28 Days,555
2020-11,DNA,GP,Telephone,Same Day,51434
2020-11,DNA,GP,Telephone,Unknown / Data Quality,8
2020-11,DNA,GP,Unknown,1 Day,773
2020-11,DNA,GP,Unknown,15  to 21 Days,190
2020-11,DNA,GP,Unknown,2 to 7 Days,1122
2020-11,DNA,GP,Unknown,22  to 28 Days,109
2020-11,DNA,GP,Unknown,8  to 14 Days,417
2020-11,DNA,GP,Unknown,More than 28 Days,157
2020-11,DNA,GP,Unknown,Same Day,4111
2020-11,DNA,GP,Unknown,Unknown / Data Quality,25
2020-11,DNA,GP,Video/Online,1 Day,119
2020-11,DNA,GP,Video/Online,15  to 21 Days,65
2020-11,DNA,GP,Video/Online,2 to 7 Days,225
2020-11,DNA,GP,Video/Online,22  to 28 Days,20
2020-11,DNA,GP,Video/Online,8  to 14 Days,108
2020-11,DNA,GP,Video/Online,More than 28 Days,9
2020-11,DNA,GP,Video/Online,Same Day,344
2020-11,DNA,Other Practice staff,Face-to-Face,1 Day,41326
2020-11,DNA,Other Practice staff,Face-to-Face,15  to 21 Days,83759
2020-11,DNA,Other Practice staff,Face-to-Face,2 to 7 Days,193471
2020-11,DNA,Other Practice staff,Face-to-Face,22  to 28 Days,49623
2020-11,DNA,Other Practice staff,Face-to-Face,8  to 14 Days,153466
2020-11,DNA,Other Practice staff,Face-to-Face,More than 28 Days,55509
2020-11,DNA,Other Practice staff,Face-to-Face,Same Day,50375
2020-11,DNA,Other Practice staff,Face-to-Face,Unknown / Data Quality,133
2020-11,DNA,Other Practice staff,Home Visit,1 Day,273
2020-11,DNA,Other Practice staff,Home Visit,15  to 21 Days,111
2020-11,DNA,Other Practice staff,Home Visit,2 to 7 Days,631
2020-11,DNA,Other Practice staff,Home Visit,22  to 28 Days,69
2020-11,DNA,Other Practice staff,Home Visit,8  to 14 Days,317
2020-11,DNA,Other Practice staff,Home Visit,More than 28 Days,108
2020-11,DNA,Other Practice staff,Home Visit,Same Day,589
2020-11,DNA,Other Practice staff,Home Visit,Unknown / Data Quality,7
2020-11,DNA,Other Practice staff,Telephone,1 Day,9090
2020-11,DNA,Other Practice staff,Telephone,15  to 21 Days,4871
2020-11,DNA,Other Practice staff,Telephone,2 to 7 Days,19919
2020-11,DNA,Other Practice staff,Telephone,22  to 28 Days,2690
2020-11,DNA,Other Practice staff,Telephone,8  to 14 Days,9548
2020-11,DNA,Other Practice staff,Telephone,More than 28 Days,1859
2020-11,DNA,Other Practice staff,Telephone,Same Day,27244
2020-11,DNA,Other Practice staff,Telephone,Unknown / Data Quality,32
2020-11,DNA,Other Practice staff,Unknown,1 Day,2726
2020-11,DNA,Other Practice staff,Unknown,15  to 21 Days,919
2020-11,DNA,Other Practice staff,Unknown,2 to 7 Days,4432
2020-11,DNA,Other Practice staff,Unknown,22  to 28 Days,586
2020-11,DNA,Other Practice staff,Unknown,8  to 14 Days,1671
2020-11,DNA,Other Practice staff,Unknown,More than 28 Days,705
2020-11,DNA,Other Practice staff,Unknown,Same Day,8379
2020-11,DNA,Other Practice staff,Unknown,Unknown / Data Quality,100
2020-11,DNA,Other Practice staff,Video/Online,1 Day,148
2020-11,DNA,Other Practice staff,Video/Online,15  to 21 Days,478
2020-11,DNA,Other Practice staff,Video/Online,2 to 7 Days,776
2020-11,DNA,Other Practice staff,Video/Online,22  to 28 Days,260
2020-11,DNA,Other Practice staff,Video/Online,8  to 14 Days,788
2020-11,DNA,Other Practice staff,Video/Online,More than 28 Days,327
2020-11,DNA,Other Practice staff,Video/Online,Same Day,181
2020-11,DNA,Other Practice staff,Video/Online,Unknown / Data Quality,1
2020-11,DNA,Unknown,Face-to-Face,1 Day,683
2020-11,DNA,Unknown,Face-to-Face,15  to 21 Days,270
2020-11,DNA,Unknown,Face-to-Face,2 to 7 Days,1169
2020-11,DNA,Unknown,Face-to-Face,22  to 28 Days,245
2020-11,DNA,Unknown,Face-to-Face,8  to 14 Days,293
2020-11,DNA,Unknown,Face-to-Face,More than 28 Days,167
2020-11,DNA,Unknown,Face-to-Face,Same Day,1271
2020-11,DNA,Unknown,Home Visit,1 Day,453
2020-11,DNA,Unknown,Home Visit,15  to 21 Days,10
2020-11,DNA,Unknown,Home Visit,2 to 7 Days,294
2020-11,DNA,Unknown,Home Visit,22  to 28 Days,65
2020-11,DNA,Unknown,Home Visit,8  to 14 Days,60
2020-11,DNA,Unknown,Home Visit,More than 28 Days,26
2020-11,DNA,Unknown,Home Visit,Same Day,2039
2020-11,DNA,Unknown,Telephone,1 Day,457
2020-11,DNA,Unknown,Telephone,15  to 21 Days,26
2020-11,DNA,Unknown,Telephone,2 to 7 Days,305
2020-11,DNA,Unknown,Telephone,22  to 28 Days,18
2020-11,DNA,Unknown,Telephone,8  to 14 Days,93
2020-11,DNA,Unknown,Telephone,More than 28 Days,10
2020-11,DNA,Unknown,Telephone,Same Day,2830
2020-11,DNA,Unknown,Unknown,1 Day,1210
2020-11,DNA,Unknown,Unknown,15  to 21 Days,1592
2020-11,DNA,Unknown,Unknown,2 to 7 Days,5242
2020-11,DNA,Unknown,Unknown,22  to 28 Days,877
2020-11,DNA,Unknown,Unknown,8  to 14 Days,3314
2020-11,DNA,Unknown,Unknown,More than 28 Days,1101
2020-11,DNA,Unknown,Unknown,Same Day,1968
2020-11,DNA,Unknown,Video/Online,2 to 7 Days,1
2020-11,DNA,Unknown,Video/Online,Same Day,1
2020-11,Unknown,GP,Face-to-Face,1 Day,14711
2020-11,Unknown,GP,Face-to-Face,15  to 21 Days,12017
2020-11,Unknown,GP,Face-to-Face,2 to 7 Days,34574
2020-11,Unknown,GP,Face-to-Face,22  to 28 Days,7892
2020-11,Unknown,GP,Face-to-Face,8  to 14 Days,21934
2020-11,Unknown,GP,Face-to-Face,More than 28 Days,13922
2020-11,Unknown,GP,Face-to-Face,Same Day,52138
2020-11,Unknown,GP,Face-to-Face,Unknown / Data Quality,354
2020-11,Unknown,GP,Home Visit,1 Day,1532
2020-11,Unknown,GP,Home Visit,15  to 21 Days,143
2020-11,Unknown,GP,Home Visit,2 to 7 Days,1909
2020-11,Unknown,GP,Home Visit,22  to 28 Days,56
2020-11,Unknown,GP,Home Visit,8  to 14 Days,314
2020-11,Unknown,GP,Home Visit,More than 28 Days,37
2020-11,Unknown,GP,Home Visit,Same Day,7642
2020-11,Unknown,GP,Home Visit,Unknown / Data Quality,39
2020-11,Unknown,GP,Telephone,1 Day,13366
2020-11,Unknown,GP,Telephone,15  to 21 Days,9437
2020-11,Unknown,GP,Telephone,2 to 7 Days,29750
2020-11,Unknown,GP,Telephone,22  to 28 Days,5482
2020-11,Unknown,GP,Telephone,8  to 14 Days,17799
2020-11,Unknown,GP,Telephone,More than 28 Days,4621
2020-11,Unknown,GP,Telephone,Same Day,57319
2020-11,Unknown,GP,Telephone,Unknown / Data Quality,333
2020-11,Unknown,GP,Unknown,1 Day,1316
2020-11,Unknown,GP,Unknown,15  to 21 Days,1393
2020-11,Unknown,GP,Unknown,2 to 7 Days,2808
2020-11,Unknown,GP,Unknown,22  to 28 Days,1513
2020-11,Unknown,GP,Unknown,8  to 14 Days,2081
2020-11,Unknown,GP,Unknown,More than 28 Days,1405
2020-11,Unknown,GP,Unknown,Same Day,2195
2020-11,Unknown,GP,Unknown,Unknown / Data Quality,1
2020-11,Unknown,GP,Video/Online,1 Day,152
2020-11,Unknown,GP,Video/Online,15  to 21 Days,43
2020-11,Unknown,GP,Video/Online,2 to 7 Days,227
2020-11,Unknown,GP,Video/Online,22  to 28 Days,38
2020-11,Unknown,GP,Video/Online,8  to 14 Days,113
2020-11,Unknown,GP,Video/Online,More than 28 Days,201
2020-11,Unknown,GP,Video/Online,Same Day,575
2020-11,Unknown,GP,Video/Online,Unknown / Data Quality,5
2020-11,Unknown,Other Practice staff,Face-to-Face,1 Day,19379
2020-11,Unknown,Other Practice staff,Face-to-Face,15  to 21 Days,60850
2020-11,Unknown,Other Practice staff,Face-to-Face,2 to 7 Days,85788
2020-11,Unknown,Other Practice staff,Face-to-Face,22  to 28 Days,42792
2020-11,Unknown,Other Practice staff,Face-to-Face,8  to 14 Days,92588
2020-11,Unknown,Other Practice staff,Face-to-Face,More than 28 Days,79724
2020-11,Unknown,Other Practice staff,Face-to-Face,Same Day,53373
2020-11,Unknown,Other Practice staff,Face-to-Face,Unknown / Data Quality,531
2020-11,Unknown,Other Practice staff,Home Visit,1 Day,1930
2020-11,Unknown,Other Practice staff,Home Visit,15  to 21 Days,760
2020-11,Unknown,Other Practice staff,Home Visit,2 to 7 Days,3738
2020-11,Unknown,Other Practice staff,Home Visit,22  to 28 Days,513
2020-11,Unknown,Other Practice staff,Home Visit,8  to 14 Days,1737
2020-11,Unknown,Other Practice staff,Home Visit,More than 28 Days,761
2020-11,Unknown,Other Practice staff,Home Visit,Same Day,5940
2020-11,Unknown,Other Practice staff,Home Visit,Unknown / Data Quality,76
2020-11,Unknown,Other Practice staff,Telephone,1 Day,8663
2020-11,Unknown,Other Practice staff,Telephone,15  to 21 Days,8249
2020-11,Unknown,Other Practice staff,Telephone,2 to 7 Days,22300
2020-11,Unknown,Other Practice staff,Telephone,22  to 28 Days,5407
2020-11,Unknown,Other Practice staff,Telephone,8  to 14 Days,14459
2020-11,Unknown,Other Practice staff,Telephone,More than 28 Days,5909
2020-11,Unknown,Other Practice staff,Telephone,Same Day,27068
2020-11,Unknown,Other Practice staff,Telephone,Unknown / Data Quality,251
2020-11,Unknown,Other Practice staff,Unknown,1 Day,2080
2020-11,Unknown,Other Practice staff,Unknown,15  to 21 Days,5723
2020-11,Unknown,Other Practice staff,Unknown,2 to 7 Days,8979
2020-11,Unknown,Other Practice staff,Unknown,22  to 28 Days,4416
2020-11,Unknown,Other Practice staff,Unknown,8  to 14 Days,9784
2020-11,Unknown,Other Practice staff,Unknown,More than 28 Days,4560
2020-11,Unknown,Other Practice staff,Unknown,Same Day,2355
2020-11,Unknown,Other Practice staff,Unknown,Unknown / Data Quality,1
2020-11,Unknown,Other Practice staff,Video/Online,1 Day,138
2020-11,Unknown,Other Practice staff,Video/Online,15  to 21 Days,261
2020-11,Unknown,Other Practice staff,Video/Online,2 to 7 Days,299
2020-11,Unknown,Other Practice staff,Video/Online,22  to 28 Days,134
2020-11,Unknown,Other Practice staff,Video/Online,8  to 14 Days,456
2020-11,Unknown,Other Practice staff,Video/Online,More than 28 Days,306
2020-11,Unknown,Other Practice staff,Video/Online,Same Day,118
2020-11,Unknown,Other Practice staff,Video/Online,Unknown / Data Quality,1
2020-11,Unknown,Unknown,Face-to-Face,1 Day,2515
2020-11,Unknown,Unknown,Face-to-Face,15  to 21 Days,1181
2020-11,Unknown,Unknown,Face-to-Face,2 to 7 Days,3854
2020-11,Unknown,Unknown,Face-to-Face,22  to 28 Days,876
2020-11,Unknown,Unknown,Face-to-Face,8  to 14 Days,1803
2020-11,Unknown,Unknown,Face-to-Face,More than 28 Days,1519
2020-11,Unknown,Unknown,Face-to-Face,Same Day,12870
2020-11,Unknown,Unknown,Face-to-Face,Unknown / Data Quality,155
2020-11,Unknown,Unknown,Home Visit,1 Day,856
2020-11,Unknown,Unknown,Home Visit,15  to 21 Days,86
2020-11,Unknown,Unknown,Home Visit,2 to 7 Days,1006
2020-11,Unknown,Unknown,Home Visit,22  to 28 Days,100
2020-11,Unknown,Unknown,Home Visit,8  to 14 Days,189
2020-11,Unknown,Unknown,Home Visit,More than 28 Days,128
2020-11,Unknown,Unknown,Home Visit,Same Day,4005
2020-11,Unknown,Unknown,Home Visit,Unknown / Data Quality,15
2020-11,Unknown,Unknown,Telephone,1 Day,844
2020-11,Unknown,Unknown,Telephone,15  to 21 Days,77
2020-11,Unknown,Unknown,Telephone,2 to 7 Days,777
2020-11,Unknown,Unknown,Telephone,22  to 28 Days,50
2020-11,Unknown,Unknown,Telephone,8  to 14 Days,166
2020-11,Unknown,Unknown,Telephone,More than 28 Days,97
2020-11,Unknown,Unknown,Telephone,Same Day,4191
2020-11,Unknown,Unknown,Telephone,Unknown / Data Quality,146
2020-11,Unknown,Unknown,Unknown,1 Day,1117
2020-11,Unknown,Unknown,Unknown,15  to 21 Days,3871
2020-11,Unknown,Unknown,Unknown,2 to 7 Days,4580
2020-11,Unknown,Unknown,Unknown,22  to 28 Days,2679
2020-11,Unknown,Unknown,Unknown,8  to 14 Days,5523
2020-11,Unknown,Unknown,Unknown,More than 28 Days,4714
2020-11,Unknown,Unknown,Unknown,Same Day,1703
2020-11,Unknown,Unknown,Unknown,Unknown / Data Quality,21
2020-11,Unknown,Unknown,Video/Online,1 Day,2
2020-11,Unknown,Unknown,Video/Online,2 to 7 Days,1
2020-11,Unknown,Unknown,Video/Online,Same Day,2
2020-12,Attended,GP,Face-to-Face,1 Day,532398
2020-12,Attended,GP,Face-to-Face,15  to 21 Days,118289
2020-12,Attended,GP,Face-to-Face,2 to 7 Days,830005
2020-12,Attended,GP,Face-to-Face,22  to 28 Days,50175
2020-12,Attended,GP,Face-to-Face,8  to 14 Days,327411
2020-12,Attended,GP,Face-to-Face,More than 28 Days,34451
2020-12,Attended,GP,Face-to-Face,Same Day,2600282
2020-12,Attended,GP,Face-to-Face,Unknown / Data Quality,1312
2020-12,Attended,GP,Home Visit,1 Day,5807
2020-12,Attended,GP,Home Visit,15  to 21 Days,155
2020-12,Attended,GP,Home Visit,2 to 7 Days,4796
2020-12,Attended,GP,Home Visit,22  to 28 Days,81
2020-12,Attended,GP,Home Visit,8  to 14 Days,728
2020-12,Attended,GP,Home Visit,More than 28 Days,136
2020-12,Attended,GP,Home Visit,Same Day,27407
2020-12,Attended,GP,Home Visit,Unknown / Data Quality,112
2020-12,Attended,GP,Telephone,1 Day,598108
2020-12,Attended,GP,Telephone,15  to 21 Days,153558
2020-12,Attended,GP,Telephone,2 to 7 Days,1009490
2020-12,Attended,GP,Telephone,22  to 28 Days,60712
2020-12,Attended,GP,Telephone,8  to 14 Days,438520
2020-12,Attended,GP,Telephone,More than 28 Days,21326
2020-12,Attended,GP,Telephone,Same Day,4136042
2020-12,Attended,GP,Telephone,Unknown / Data Quality,2407
2020-12,Attended,GP,Unknown,1 Day,18035
2020-12,Attended,GP,Unknown,15  to 21 Days,3624
2020-12,Attended,GP,Unknown,2 to 7 Days,26798
2020-12,Attended,GP,Unknown,22  to 28 Days,1587
2020-12,Attended,GP,Unknown,8  to 14 Days,11297
2020-12,Attended,GP,Unknown,More than 28 Days,1186
2020-12,Attended,GP,Unknown,Same Day,99431
2020-12,Attended,GP,Unknown,Unknown / Data Quality,60
2020-12,Attended,GP,Video/Online,1 Day,7632
2020-12,Attended,GP,Video/Online,15  to 21 Days,931
2020-12,Attended,GP,Video/Online,2 to 7 Days,10021
2020-12,Attended,GP,Video/Online,22  to 28 Days,422
2020-12,Attended,GP,Video/Online,8  to 14 Days,4437
2020-12,Attended,GP,Video/Online,More than 28 Days,179
2020-12,Attended,GP,Video/Online,Same Day,24881
2020-12,Attended,GP,Video/Online,Unknown / Data Quality,36
2020-12,Attended,Other Practice staff,Face-to-Face,1 Day,653966
2020-12,Attended,Other Practice staff,Face-to-Face,15  to 21 Days,676398
2020-12,Attended,Other Practice staff,Face-to-Face,2 to 7 Days,2056545
2020-12,Attended,Other Practice staff,Face-to-Face,22  to 28 Days,344848
2020-12,Attended,Other Practice staff,Face-to-Face,8  to 14 Days,1566940
2020-12,Attended,Other Practice staff,Face-to-Face,More than 28 Days,284012
2020-12,Attended,Other Practice staff,Face-to-Face,Same Day,1544378
2020-12,Attended,Other Practice staff,Face-to-Face,Unknown / Data Quality,2184
2020-12,Attended,Other Practice staff,Home Visit,1 Day,6209
2020-12,Attended,Other Practice staff,Home Visit,15  to 21 Days,1687
2020-12,Attended,Other Practice staff,Home Visit,2 to 7 Days,9632
2020-12,Attended,Other Practice staff,Home Visit,22  to 28 Days,962
2020-12,Attended,Other Practice staff,Home Visit,8  to 14 Days,4376
2020-12,Attended,Other Practice staff,Home Visit,More than 28 Days,914
2020-12,Attended,Other Practice staff,Home Visit,Same Day,23920
2020-12,Attended,Other Practice staff,Home Visit,Unknown / Data Quality,160
2020-12,Attended,Other Practice staff,Telephone,1 Day,232399
2020-12,Attended,Other Practice staff,Telephone,15  to 21 Days,94044
2020-12,Attended,Other Practice staff,Telephone,2 to 7 Days,376533
2020-12,Attended,Other Practice staff,Telephone,22  to 28 Days,49799
2020-12,Attended,Other Practice staff,Telephone,8  to 14 Days,192265
2020-12,Attended,Other Practice staff,Telephone,More than 28 Days,33686
2020-12,Attended,Other Practice staff,Telephone,Same Day,1353682
2020-12,Attended,Other Practice staff,Telephone,Unknown / Data Quality,750
2020-12,Attended,Other Practice staff,Unknown,1 Day,22633
2020-12,Attended,Other Practice staff,Unknown,15  to 21 Days,10885
2020-12,Attended,Other Practice staff,Unknown,2 to 7 Days,47262
2020-12,Attended,Other Practice staff,Unknown,22  to 28 Days,6144
2020-12,Attended,Other Practice staff,Unknown,8  to 14 Days,27097
2020-12,Attended,Other Practice staff,Unknown,More than 28 Days,5153
2020-12,Attended,Other Practice staff,Unknown,Same Day,75518
2020-12,Attended,Other Practice staff,Unknown,Unknown / Data Quality,94
2020-12,Attended,Other Practice staff,Video/Online,1 Day,5286
2020-12,Attended,Other Practice staff,Video/Online,15  to 21 Days,4132
2020-12,Attended,Other Practice staff,Video/Online,2 to 7 Days,13414
2020-12,Attended,Other Practice staff,Video/Online,22  to 28 Days,2358
2020-12,Attended,Other Practice staff,Video/Online,8  to 14 Days,11914
2020-12,Attended,Other Practice staff,Video/Online,More than 28 Days,1835
2020-12,Attended,Other Practice staff,Video/Online,Same Day,10970
2020-12,Attended,Other Practice staff,Video/Online,Unknown / Data Quality,1
2020-12,Attended,Unknown,Face-to-Face,1 Day,14135
2020-12,Attended,Unknown,Face-to-Face,15  to 21 Days,1574
2020-12,Attended,Unknown,Face-to-Face,2 to 7 Days,11953
2020-12,Attended,Unknown,Face-to-Face,22  to 28 Days,1139
2020-12,Attended,Unknown,Face-to-Face,8  to 14 Days,3903
2020-12,Attended,Unknown,Face-to-Face,More than 28 Days,513
2020-12,Attended,Unknown,Face-to-Face,Same Day,83379
2020-12,Attended,Unknown,Face-to-Face,Unknown / Data Quality,55
2020-12,Attended,Unknown,Home Visit,1 Day,2136
2020-12,Attended,Unknown,Home Visit,15  to 21 Days,43
2020-12,Attended,Unknown,Home Visit,2 to 7 Days,1258
2020-12,Attended,Unknown,Home Visit,22  to 28 Days,61
2020-12,Attended,Unknown,Home Visit,8  to 14 Days,184
2020-12,Attended,Unknown,Home Visit,More than 28 Days,69
2020-12,Attended,Unknown,Home Visit,Same Day,9482
2020-12,Attended,Unknown,Home Visit,Unknown / Data Quality,58
2020-12,Attended,Unknown,Telephone,1 Day,11906
2020-12,Attended,Unknown,Telephone,15  to 21 Days,597
2020-12,Attended,Unknown,Telephone,2 to 7 Days,6992
2020-12,Attended,Unknown,Telephone,22  to 28 Days,218
2020-12,Attended,Unknown,Telephone,8  to 14 Days,1978
2020-12,Attended,Unknown,Telephone,More than 28 Days,110
2020-12,Attended,Unknown,Telephone,Same Day,97863
2020-12,Attended,Unknown,Telephone,Unknown / Data Quality,10
2020-12,Attended,Unknown,Unknown,1 Day,39893
2020-12,Attended,Unknown,Unknown,15  to 21 Days,16288
2020-12,Attended,Unknown,Unknown,2 to 7 Days,86469
2020-12,Attended,Unknown,Unknown,22  to 28 Days,6833
2020-12,Attended,Unknown,Unknown,8  to 14 Days,43158
2020-12,Attended,Unknown,Unknown,More than 28 Days,5084
2020-12,Attended,Unknown,Unknown,Same Day,222841
2020-12,Attended,Unknown,Unknown,Unknown / Data Quality,253
2020-12,Attended,Unknown,Video/Online,1 Day,4
2020-12,Attended,Unknown,Video/Online,2 to 7 Days,2
2020-12,Attended,Unknown,Video/Online,Same Day,7
2020-12,DNA,GP,Face-to-Face,1 Day,18476
2020-12,DNA,GP,Face-to-Face,15  to 21 Days,9478
2020-12,DNA,GP,Face-to-Face,2 to 7 Days,51026
2020-12,DNA,GP,Face-to-Face,22  to 28 Days,4366
2020-12,DNA,GP,Face-to-Face,8  to 14 Days,25133
2020-12,DNA,GP,Face-to-Face,More than 28 Days,5706
2020-12,DNA,GP,Face-to-Face,Same Day,43718
2020-12,DNA,GP,Face-to-Face,Unknown / Data Quality,93
2020-12,DNA,GP,Home Visit,1 Day,178
2020-12,DNA,GP,Home Visit,15  to 21 Days,23
2020-12,DNA,GP,Home Visit,2 to 7 Days,140
2020-12,DNA,GP,Home Visit,22  to 28 Days,7
2020-12,DNA,GP,Home Visit,8  to 14 Days,35
2020-12,DNA,GP,Home Visit,More than 28 Days,14
2020-12,DNA,GP,Home Visit,Same Day,721
2020-12,DNA,GP,Telephone,1 Day,12560
2020-12,DNA,GP,Telephone,15  to 21 Days,4075
2020-12,DNA,GP,Telephone,2 to 7 Days,21747
2020-12,DNA,GP,Telephone,22  to 28 Days,1474
2020-12,DNA,GP,Telephone,8  to 14 Days,10584
2020-12,DNA,GP,Telephone,More than 28 Days,520
2020-12,DNA,GP,Telephone,Same Day,49119
2020-12,DNA,GP,Telephone,Unknown / Data Quality,4
2020-12,DNA,GP,Unknown,1 Day,729
2020-12,DNA,GP,Unknown,15  to 21 Days,237
2020-12,DNA,GP,Unknown,2 to 7 Days,1104
2020-12,DNA,GP,Unknown,22  to 28 Days,106
2020-12,DNA,GP,Unknown,8  to 14 Days,425
2020-12,DNA,GP,Unknown,More than 28 Days,94
2020-12,DNA,GP,Unknown,Same Day,4158
2020-12,DNA,GP,Unknown,Unknown / Data Quality,65
2020-12,DNA,GP,Video/Online,1 Day,138
2020-12,DNA,GP,Video/Online,15  to 21 Days,17
2020-12,DNA,GP,Video/Online,2 to 7 Days,245
2020-12,DNA,GP,Video/Online,22  to 28 Days,28
2020-12,DNA,GP,Video/Online,8  to 14 Days,113
2020-12,DNA,GP,Video/Online,More than 28 Days,5
2020-12,DNA,GP,Video/Online,Same Day,308
2020-12,DNA,Other Practice staff,Face-to-Face,1 Day,43819
2020-12,DNA,Other Practice staff,Face-to-Face,15  to 21 Days,75338
2020-12,DNA,Other Practice staff,Face-to-Face,2 to 7 Days,199257
2020-12,DNA,Other Practice staff,Face-to-Face,22  to 28 Days,36531
2020-12,DNA,Other Practice staff,Face-to-Face,8  to 14 Days,168009
2020-12,DNA,Other Practice staff,Face-to-Face,More than 28 Days,37260
2020-12,DNA,Other Practice staff,Face-to-Face,Same Day,49557
2020-12,DNA,Other Practice staff,Face-to-Face,Unknown / Data Quality,141
2020-12,DNA,Other Practice staff,Home Visit,1 Day,222
2020-12,DNA,Other Practice staff,Home Visit,15  to 21 Days,75
2020-12,DNA,Other Practice staff,Home Visit,2 to 7 Days,473
2020-12,DNA,Other Practice staff,Home Visit,22  to 28 Days,38
2020-12,DNA,Other Practice staff,Home Visit,8  to 14 Days,214
2020-12,DNA,Other Practice staff,Home Visit,More than 28 Days,47
2020-12,DNA,Other Practice staff,Home Visit,Same Day,562
2020-12,DNA,Other Practice staff,Home Visit,Unknown / Data Quality,11
2020-12,DNA,Other Practice staff,Telephone,1 Day,8947
2020-12,DNA,Other Practice staff,Telephone,15  to 21 Days,4570
2020-12,DNA,Other Practice staff,Telephone,2 to 7 Days,17687
2020-12,DNA,Other Practice staff,Telephone,22  to 28 Days,2711
2020-12,DNA,Other Practice staff,Telephone,8  to 14 Days,9873
2020-12,DNA,Other Practice staff,Telephone,More than 28 Days,1531
2020-12,DNA,Other Practice staff,Telephone,Same Day,24525
2020-12,DNA,Other Practice staff,Telephone,Unknown / Data Quality,15
2020-12,DNA,Other Practice staff,Unknown,1 Day,2836
2020-12,DNA,Other Practice staff,Unknown,15  to 21 Days,1067
2020-12,DNA,Other Practice staff,Unknown,2 to 7 Days,3806
2020-12,DNA,Other Practice staff,Unknown,22  to 28 Days,621
2020-12,DNA,Other Practice staff,Unknown,8  to 14 Days,1628
2020-12,DNA,Other Practice staff,Unknown,More than 28 Days,828
2020-12,DNA,Other Practice staff,Unknown,Same Day,7690
2020-12,DNA,Other Practice staff,Unknown,Unknown / Data Quality,122
2020-12,DNA,Other Practice staff,Video/Online,1 Day,180
2020-12,DNA,Other Practice staff,Video/Online,15  to 21 Days,441
2020-12,DNA,Other Practice staff,Video/Online,2 to 7 Days,1091
2020-12,DNA,Other Practice staff,Video/Online,22  to 28 Days,188
2020-12,DNA,Other Practice staff,Video/Online,8  to 14 Days,1183
2020-12,DNA,Other Practice staff,Video/Online,More than 28 Days,160
2020-12,DNA,Other Practice staff,Video/Online,Same Day,233
2020-12,DNA,Unknown,Face-to-Face,1 Day,727
2020-12,DNA,Unknown,Face-to-Face,15  to 21 Days,180
2020-12,DNA,Unknown,Face-to-Face,2 to 7 Days,1253
2020-12,DNA,Unknown,Face-to-Face,22  to 28 Days,57
2020-12,DNA,Unknown,Face-to-Face,8  to 14 Days,424
2020-12,DNA,Unknown,Face-to-Face,More than 28 Days,37
2020-12,DNA,Unknown,Face-to-Face,Same Day,1294
2020-12,DNA,Unknown,Home Visit,1 Day,446
2020-12,DNA,Unknown,Home Visit,15  to 21 Days,16
2020-12,DNA,Unknown,Home Visit,2 to 7 Days,258
2020-12,DNA,Unknown,Home Visit,22  to 28 Days,19
2020-12,DNA,Unknown,Home Visit,8  to 14 Days,49
2020-12,DNA,Unknown,Home Visit,More than 28 Days,39
2020-12,DNA,Unknown,Home Visit,Same Day,1179
2020-12,DNA,Unknown,Telephone,1 Day,450
2020-12,DNA,Unknown,Telephone,15  to 21 Days,31
2020-12,DNA,Unknown,Telephone,2 to 7 Days,288
2020-12,DNA,Unknown,Telephone,22  to 28 Days,17
2020-12,DNA,Unknown,Telephone,8  to 14 Days,76
2020-12,DNA,Unknown,Telephone,More than 28 Days,9
2020-12,DNA,Unknown,Telephone,Same Day,2778
2020-12,DNA,Unknown,Unknown,1 Day,1414
2020-12,DNA,Unknown,Unknown,15  to 21 Days,1415
2020-12,DNA,Unknown,Unknown,2 to 7 Days,5142
2020-12,DNA,Unknown,Unknown,22  to 28 Days,526
2020-12,DNA,Unknown,Unknown,8  to 14 Days,3362
2020-12,DNA,Unknown,Unknown,More than 28 Days,549
2020-12,DNA,Unknown,Unknown,Same Day,1818
2020-12,DNA,Unknown,Unknown,Unknown / Data Quality,4
2020-12,Unknown,GP,Face-to-Face,1 Day,17134
2020-12,Unknown,GP,Face-to-Face,15  to 21 Days,12668
2020-12,Unknown,GP,Face-to-Face,2 to 7 Days,43093
2020-12,Unknown,GP,Face-to-Face,22  to 28 Days,6422
2020-12,Unknown,GP,Face-to-Face,8  to 14 Days,27916
2020-12,Unknown,GP,Face-to-Face,More than 28 Days,10048
2020-12,Unknown,GP,Face-to-Face,Same Day,51033
2020-12,Unknown,GP,Face-to-Face,Unknown / Data Quality,642
2020-12,Unknown,GP,Home Visit,1 Day,1687
2020-12,Unknown,GP,Home Visit,15  to 21 Days,113
2020-12,Unknown,GP,Home Visit,2 to 7 Days,1506
2020-12,Unknown,GP,Home Visit,22  to 28 Days,68
2020-12,Unknown,GP,Home Visit,8  to 14 Days,280
2020-12,Unknown,GP,Home Visit,More than 28 Days,175
2020-12,Unknown,GP,Home Visit,Same Day,7182
2020-12,Unknown,GP,Home Visit,Unknown / Data Quality,83
2020-12,Unknown,GP,Telephone,1 Day,13277
2020-12,Unknown,GP,Telephone,15  to 21 Days,9140
2020-12,Unknown,GP,Telephone,2 to 7 Days,27080
2020-12,Unknown,GP,Telephone,22  to 28 Days,5376
2020-12,Unknown,GP,Telephone,8  to 14 Days,17899
2020-12,Unknown,GP,Telephone,More than 28 Days,3977
2020-12,Unknown,GP,Telephone,Same Day,56978
2020-12,Unknown,GP,Telephone,Unknown / Data Quality,436
2020-12,Unknown,GP,Unknown,1 Day,935
2020-12,Unknown,GP,Unknown,15  to 21 Days,1015
2020-12,Unknown,GP,Unknown,2 to 7 Days,1966
2020-12,Unknown,GP,Unknown,22  to 28 Days,1226
2020-12,Unknown,GP,Unknown,8  to 14 Days,1662
2020-12,Unknown,GP,Unknown,More than 28 Days,997
2020-12,Unknown,GP,Unknown,Same Day,2186
2020-12,Unknown,GP,Unknown,Unknown / Data Quality,30
2020-12,Unknown,GP,Video/Online,1 Day,187
2020-12,Unknown,GP,Video/Online,15  to 21 Days,255
2020-12,Unknown,GP,Video/Online,2 to 7 Days,288
2020-12,Unknown,GP,Video/Online,22  to 28 Days,53
2020-12,Unknown,GP,Video/Online,8  to 14 Days,329
2020-12,Unknown,GP,Video/Online,More than 28 Days,54
2020-12,Unknown,GP,Video/Online,Same Day,726
2020-12,Unknown,Other Practice staff,Face-to-Face,1 Day,22422
2020-12,Unknown,Other Practice staff,Face-to-Face,15  to 21 Days,56553
2020-12,Unknown,Other Practice staff,Face-to-Face,2 to 7 Days,104121
2020-12,Unknown,Other Practice staff,Face-to-Face,22  to 28 Days,32972
2020-12,Unknown,Other Practice staff,Face-to-Face,8  to 14 Days,104025
2020-12,Unknown,Other Practice staff,Face-to-Face,More than 28 Days,51312
2020-12,Unknown,Other Practice staff,Face-to-Face,Same Day,52437
2020-12,Unknown,Other Practice staff,Face-to-Face,Unknown / Data Quality,719
2020-12,Unknown,Other Practice staff,Home Visit,1 Day,1758
2020-12,Unknown,Other Practice staff,Home Visit,15  to 21 Days,604
2020-12,Unknown,Other Practice staff,Home Visit,2 to 7 Days,2840
2020-12,Unknown,Other Practice staff,Home Visit,22  to 28 Days,415
2020-12,Unknown,Other Practice staff,Home Visit,8  to 14 Days,1471
2020-12,Unknown,Other Practice staff,Home Visit,More than 28 Days,929
2020-12,Unknown,Other Practice staff,Home Visit,Same Day,5533
2020-12,Unknown,Other Practice staff,Home Visit,Unknown / Data Quality,94
2020-12,Unknown,Other Practice staff,Telephone,1 Day,8551
2020-12,Unknown,Other Practice staff,Telephone,15  to 21 Days,8032
2020-12,Unknown,Other Practice staff,Telephone,2 to 7 Days,21382
2020-12,Unknown,Other Practice staff,Telephone,22  to 28 Days,5887
2020-12,Unknown,Other Practice staff,Telephone,8  to 14 Days,15260
2020-12,Unknown,Other Practice staff,Telephone,More than 28 Days,5951
2020-12,Unknown,Other Practice staff,Telephone,Same Day,24471
2020-12,Unknown,Other Practice staff,Telephone,Unknown / Data Quality,197
2020-12,Unknown,Other Practice staff,Unknown,1 Day,1830
2020-12,Unknown,Other Practice staff,Unknown,15  to 21 Days,3651
2020-12,Unknown,Other Practice staff,Unknown,2 to 7 Days,6760
2020-12,Unknown,Other Practice staff,Unknown,22  to 28 Days,3258
2020-12,Unknown,Other Practice staff,Unknown,8  to 14 Days,6806
2020-12,Unknown,Other Practice staff,Unknown,More than 28 Days,3790
2020-12,Unknown,Other Practice staff,Unknown,Same Day,2545
2020-12,Unknown,Other Practice staff,Unknown,Unknown / Data Quality,2
2020-12,Unknown,Other Practice staff,Video/Online,1 Day,141
2020-12,Unknown,Other Practice staff,Video/Online,15  to 21 Days,376
2020-12,Unknown,Other Practice staff,Video/Online,2 to 7 Days,1133
2020-12,Unknown,Other Practice staff,Video/Online,22  to 28 Days,110
2020-12,Unknown,Other Practice staff,Video/Online,8  to 14 Days,761
2020-12,Unknown,Other Practice staff,Video/Online,More than 28 Days,164
2020-12,Unknown,Other Practice staff,Video/Online,Same Day,95
2020-12,Unknown,Other Practice staff,Video/Online,Unknown / Data Quality,4
2020-12,Unknown,Unknown,Face-to-Face,1 Day,2297
2020-12,Unknown,Unknown,Face-to-Face,15  to 21 Days,848
2020-12,Unknown,Unknown,Face-to-Face,2 to 7 Days,4163
2020-12,Unknown,Unknown,Face-to-Face,22  to 28 Days,384
2020-12,Unknown,Unknown,Face-to-Face,8  to 14 Days,2630
2020-12,Unknown,Unknown,Face-to-Face,More than 28 Days,1675
2020-12,Unknown,Unknown,Face-to-Face,Same Day,12548
2020-12,Unknown,Unknown,Face-to-Face,Unknown / Data Quality,66
2020-12,Unknown,Unknown,Home Visit,1 Day,888
2020-12,Unknown,Unknown,Home Visit,15  to 21 Days,75
2020-12,Unknown,Unknown,Home Visit,2 to 7 Days,849
2020-12,Unknown,Unknown,Home Visit,22  to 28 Days,74
2020-12,Unknown,Unknown,Home Visit,8  to 14 Days,215
2020-12,Unknown,Unknown,Home Visit,More than 28 Days,308
2020-12,Unknown,Unknown,Home Visit,Same Day,3927
2020-12,Unknown,Unknown,Home Visit,Unknown / Data Quality,9
2020-12,Unknown,Unknown,Telephone,1 Day,703
2020-12,Unknown,Unknown,Telephone,15  to 21 Days,98
2020-12,Unknown,Unknown,Telephone,2 to 7 Days,542
2020-12,Unknown,Unknown,Telephone,22  to 28 Days,63
2020-12,Unknown,Unknown,Telephone,8  to 14 Days,178
2020-12,Unknown,Unknown,Telephone,More than 28 Days,352
2020-12,Unknown,Unknown,Telephone,Same Day,3532
2020-12,Unknown,Unknown,Telephone,Unknown / Data Quality,56
2020-12,Unknown,Unknown,Unknown,1 Day,1172
2020-12,Unknown,Unknown,Unknown,15  to 21 Days,3276
2020-12,Unknown,Unknown,Unknown,2 to 7 Days,5110
2020-12,Unknown,Unknown,Unknown,22  to 28 Days,2091
2020-12,Unknown,Unknown,Unknown,8  to 14 Days,5470
2020-12,Unknown,Unknown,Unknown,More than 28 Days,3234
2020-12,Unknown,Unknown,Unknown,Same Day,1705
2020-12,Unknown,Unknown,Unknown,Unknown / Data Quality,27
2020-12,Unknown,Unknown,Video/Online,1 Day,1
2020-12,Unknown,Unknown,Video/Online,2 to 7 Days,1
2020-12,Unknown,Unknown,Video/Online,8  to 14 Days,1
2021-01,Attended,GP,Face-to-Face,1 Day,522473
2021-01,Attended,GP,Face-to-Face,15  to 21 Days,97710
2021-01,Attended,GP,Face-to-Face,2 to 7 Days,799850
2021-01,Attended,GP,Face-to-Face,22  to 28 Days,59253
2021-01,Attended,GP,Face-to-Face,8  to 14 Days,217573
2021-01,Attended,GP,Face-to-Face,More than 28 Days,44160
2021-01,Attended,GP,Face-to-Face,Same Day,2562607
2021-01,Attended,GP,Face-to-Face,Unknown / Data Quality,1299
2021-01,Attended,GP,Home Visit,1 Day,5480
2021-01,Attended,GP,Home Visit,15  to 21 Days,221
2021-01,Attended,GP,Home Visit,2 to 7 Days,4585
2021-01,Attended,GP,Home Visit,22  to 28 Days,73
2021-01,Attended,GP,Home Visit,8  to 14 Days,569
2021-01,Attended,GP,Home Visit,More than 28 Days,136
2021-01,Attended,GP,Home Visit,Same Day,25082
2021-01,Attended,GP,Home Visit,Unknown / Data Quality,290
2021-01,Attended,GP,Telephone,1 Day,633692
2021-01,Attended,GP,Telephone,15  to 21 Days,148056
2021-01,Attended,GP,Telephone,2 to 7 Days,1115196
2021-01,Attended,GP,Telephone,22  to 28 Days,70581
2021-01,Attended,GP,Telephone,8  to 14 Days,353469
2021-01,Attended,GP,Telephone,More than 28 Days,33486
2021-01,Attended,GP,Telephone,Same Day,4281530
2021-01,Attended,GP,Telephone,Unknown / Data Quality,2336
2021-01,Attended,GP,Unknown,1 Day,18116
2021-01,Attended,GP,Unknown,15  to 21 Days,2986
2021-01,Attended,GP,Unknown,2 to 7 Days,26807
2021-01,Attended,GP,Unknown,22  to 28 Days,1838
2021-01,Attended,GP,Unknown,8  to 14 Days,7582
2021-01,Attended,GP,Unknown,More than 28 Days,1156
2021-01,Attended,GP,Unknown,Same Day,97318
2021-01,Attended,GP,Unknown,Unknown / Data Quality,61
2021-01,Attended,GP,Video/Online,1 Day,8593
2021-01,Attended,GP,Video/Online,15  to 21 Days,1002
2021-01,Attended,GP,Video/Online,2 to 7 Days,13910
2021-01,Attended,GP,Video/Online,22  to 28 Days,518
2021-01,Attended,GP,Video/Online,8  to 14 Days,2893
2021-01,Attended,GP,Video/Online,More than 28 Days,275
2021-01,Attended,GP,Video/Online,Same Day,26304
2021-01,Attended,GP,Video/Online,Unknown / Data Quality,40
2021-01,Attended,Other Practice staff,Face-to-Face,1 Day,704521
2021-01,Attended,Other Practice staff,Face-to-Face,15  to 21 Days,457181
2021-01,Attended,Other Practice staff,Face-to-Face,2 to 7 Days,1972645
2021-01,Attended,Other Practice staff,Face-to-Face,22  to 28 Days,298090
2021-01,Attended,Other Practice staff,Face-to-Face,8  to 14 Days,923196
2021-01,Attended,Other Practice staff,Face-to-Face,More than 28 Days,279490
2021-01,Attended,Other Practice staff,Face-to-Face,Same Day,1541565
2021-01,Attended,Other Practice staff,Face-to-Face,Unknown / Data Quality,1753
2021-01,Attended,Other Practice staff,Home Visit,1 Day,6166
2021-01,Attended,Other Practice staff,Home Visit,15  to 21 Days,1292
2021-01,Attended,Other Practice staff,Home Visit,2 to 7 Days,9188
2021-01,Attended,Other Practice staff,Home Visit,22  to 28 Days,798
2021-01,Attended,Other Practice staff,Home Visit,8  to 14 Days,2924
2021-01,Attended,Other Practice staff,Home Visit,More than 28 Days,783
2021-01,Attended,Other Practice staff,Home Visit,Same Day,21788
2021-01,Attended,Other Practice staff,Home Visit,Unknown / Data Quality,231
2021-01,Attended,Other Practice staff,Telephone,1 Day,255948
2021-01,Attended,Other Practice staff,Telephone,15  to 21 Days,75827
2021-01,Attended,Other Practice staff,Telephone,2 to 7 Days,410307
2021-01,Attended,Other Practice staff,Telephone,22  to 28 Days,47112
2021-01,Attended,Other Practice staff,Telephone,8  to 14 Days,149719
2021-01,Attended,Other Practice staff,Telephone,More than 28 Days,41811
2021-01,Attended,Other Practice staff,Telephone,Same Day,1417867
2021-01,Attended,Other Practice staff,Telephone,Unknown / Data Quality,1041
2021-01,Attended,Other Practice staff,Unknown,1 Day,24466
2021-01,Attended,Other Practice staff,Unknown,15  to 21 Days,7716
2021-01,Attended,Other Practice staff,Unknown,2 to 7 Days,47505
2021-01,Attended,Other Practice staff,Unknown,22  to 28 Days,4957
2021-01,Attended,Other Practice staff,Unknown,8  to 14 Days,18207
2021-01,Attended,Other Practice staff,Unknown,More than 28 Days,4465
2021-01,Attended,Other Practice staff,Unknown,Same Day,76900
2021-01,Attended,Other Practice staff,Unknown,Unknown / Data Quality,248
2021-01,Attended,Other Practice staff,Video/Online,1 Day,7702
2021-01,Attended,Other Practice staff,Video/Online,15  to 21 Days,3124
2021-01,Attended,Other Practice staff,Video/Online,2 to 7 Days,11427
2021-01,Attended,Other Practice staff,Video/Online,22  to 28 Days,1861
2021-01,Attended,Other Practice staff,Video/Online,8  to 14 Days,5641
2021-01,Attended,Other Practice staff,Video/Online,More than 28 Days,1840
2021-01,Attended,Other Practice staff,Video/Online,Same Day,14679
2021-01,Attended,Other Practice staff,Video/Online,Unknown / Data Quality,3
2021-01,Attended,Unknown,Face-to-Face,1 Day,13345
2021-01,Attended,Unknown,Face-to-Face,15  to 21 Days,956
2021-01,Attended,Unknown,Face-to-Face,2 to 7 Days,10271
2021-01,Attended,Unknown,Face-to-Face,22  to 28 Days,686
2021-01,Attended,Unknown,Face-to-Face,8  to 14 Days,2277
2021-01,Attended,Unknown,Face-to-Face,More than 28 Days,1101
2021-01,Attended,Unknown,Face-to-Face,Same Day,79724
2021-01,Attended,Unknown,Face-to-Face,Unknown / Data Quality,20
2021-01,Attended,Unknown,Home Visit,1 Day,1909
2021-01,Attended,Unknown,Home Visit,15  to 21 Days,29
2021-01,Attended,Unknown,Home Visit,2 to 7 Days,1242
2021-01,Attended,Unknown,Home Visit,22  to 28 Days,48
2021-01,Attended,Unknown,Home Visit,8  to 14 Days,140
2021-01,Attended,Unknown,Home Visit,More than 28 Days,36
2021-01,Attended,Unknown,Home Visit,Same Day,8892
2021-01,Attended,Unknown,Home Visit,Unknown / Data Quality,34
2021-01,Attended,Unknown,Telephone,1 Day,12361
2021-01,Attended,Unknown,Telephone,15  to 21 Days,690
2021-01,Attended,Unknown,Telephone,2 to 7 Days,6984
2021-01,Attended,Unknown,Telephone,22  to 28 Days,257
2021-01,Attended,Unknown,Telephone,8  to 14 Days,1834
2021-01,Attended,Unknown,Telephone,More than 28 Days,110
2021-01,Attended,Unknown,Telephone,Same Day,98556
2021-01,Attended,Unknown,Telephone,Unknown / Data Quality,3
2021-01,Attended,Unknown,Unknown,1 Day,37018
2021-01,Attended,Unknown,Unknown,15  to 21 Days,11574
2021-01,Attended,Unknown,Unknown,2 to 7 Days,73657
2021-01,Attended,Unknown,Unknown,22  to 28 Days,8056
2021-01,Attended,Unknown,Unknown,8  to 14 Days,24519
2021-01,Attended,Unknown,Unknown,More than 28 Days,5591
2021-01,Attended,Unknown,Unknown,Same Day,199462
2021-01,Attended,Unknown,Unknown,Unknown / Data Quality,244
2021-01,Attended,Unknown,Video/Online,1 Day,5
2021-01,Attended,Unknown,Video/Online,2 to 7 Days,3
2021-01,Attended,Unknown,Video/Online,Same Day,19
2021-01,DNA,GP,Face-to-Face,1 Day,23840
2021-01,DNA,GP,Face-to-Face,15  to 21 Days,8289
2021-01,DNA,GP,Face-to-Face,2 to 7 Days,68934
2021-01,DNA,GP,Face-to-Face,22  to 28 Days,9494
2021-01,DNA,GP,Face-to-Face,8  to 14 Days,14392
2021-01,DNA,GP,Face-to-Face,More than 28 Days,6810
2021-01,DNA,GP,Face-to-Face,Same Day,44490
2021-01,DNA,GP,Face-to-Face,Unknown / Data Quality,115
2021-01,DNA,GP,Home Visit,1 Day,180
2021-01,DNA,GP,Home Visit,15  to 21 Days,24
2021-01,DNA,GP,Home Visit,2 to 7 Days,187
2021-01,DNA,GP,Home Visit,22  to 28 Days,21
2021-01,DNA,GP,Home Visit,8  to 14 Days,38
2021-01,DNA,GP,Home Visit,More than 28 Days,7
2021-01,DNA,GP,Home Visit,Same Day,784
2021-01,DNA,GP,Telephone,1 Day,12069
2021-01,DNA,GP,Telephone,15  to 21 Days,3370
2021-01,DNA,GP,Telephone,2 to 7 Days,22058
2021-01,DNA,GP,Telephone,22  to 28 Days,1585
2021-01,DNA,GP,Telephone,8  to 14 Days,7652
2021-01,DNA,GP,Telephone,More than 28 Days,815
2021-01,DNA,GP,Telephone,Same Day,47129
2021-01,DNA,GP,Telephone,Unknown / Data Quality,7
2021-01,DNA,GP,Unknown,1 Day,809
2021-01,DNA,GP,Unknown,15  to 21 Days,123
2021-01,DNA,GP,Unknown,2 to 7 Days,2384
2021-01,DNA,GP,Unknown,22  to 28 Days,103
2021-01,DNA,GP,Unknown,8  to 14 Days,294
2021-01,DNA,GP,Unknown,More than 28 Days,76
2021-01,DNA,GP,Unknown,Same Day,4164
2021-01,DNA,GP,Unknown,Unknown / Data Quality,52
2021-01,DNA,GP,Video/Online,1 Day,170
2021-01,DNA,GP,Video/Online,15  to 21 Days,32
2021-01,DNA,GP,Video/Online,2 to 7 Days,428
2021-01,DNA,GP,Video/Online,22  to 28 Days,29
2021-01,DNA,GP,Video/Online,8  to 14 Days,72
2021-01,DNA,GP,Video/Online,More than 28 Days,50
2021-01,DNA,GP,Video/Online,Same Day,375
2021-01,DNA,Other Practice staff,Face-to-Face,1 Day,46928
2021-01,DNA,Other Practice staff,Face-to-Face,15  to 21 Days,51506
2021-01,DNA,Other Practice staff,Face-to-Face,2 to 7 Days,184738
2021-01,DNA,Other Practice staff,Face-to-Face,22  to 28 Days,38282
2021-01,DNA,Other Practice staff,Face-to-Face,8  to 14 Days,90619
2021-01,DNA,Other Practice staff,Face-to-Face,More than 28 Days,38930
2021-01,DNA,Other Practice staff,Face-to-Face,Same Day,50826
2021-01,DNA,Other Practice staff,Face-to-Face,Unknown / Data Quality,123
2021-01,DNA,Other Practice staff,Home Visit,1 Day,218
2021-01,DNA,Other Practice staff,Home Visit,15  to 21 Days,87
2021-01,DNA,Other Practice staff,Home Visit,2 to 7 Days,522
2021-01,DNA,Other Practice staff,Home Visit,22  to 28 Days,45
2021-01,DNA,Other Practice staff,Home Visit,8  to 14 Days,167
2021-01,DNA,Other Practice staff,Home Visit,More than 28 Days,30
2021-01,DNA,Other Practice staff,Home Visit,Same Day,509
2021-01,DNA,Other Practice staff,Home Visit,Unknown / Data Quality,4
2021-01,DNA,Other Practice staff,Telephone,1 Day,9114
2021-01,DNA,Other Practice staff,Telephone,15  to 21 Days,3790
2021-01,DNA,Other Practice staff,Telephone,2 to 7 Days,17531
2021-01,DNA,Other Practice staff,Telephone,22  to 28 Days,2431
2021-01,DNA,Other Practice staff,Telephone,8  to 14 Days,7397
2021-01,DNA,Other Practice staff,Telephone,More than 28 Days,2231
2021-01,DNA,Other Practice staff,Telephone,Same Day,25898
2021-01,DNA,Other Practice staff,Telephone,Unknown / Data Quality,23
2021-01,DNA,Other Practice staff,Unknown,1 Day,2428
2021-01,DNA,Other Practice staff,Unknown,15  to 21 Days,600
2021-01,DNA,Other Practice staff,Unknown,2 to 7 Days,5494
2021-01,DNA,Other Practice staff,Unknown,22  to 28 Days,464
2021-01,DNA,Other Practice staff,Unknown,8  to 14 Days,1176
2021-01,DNA,Other Practice staff,Unknown,More than 28 Days,424
2021-01,DNA,Other Practice staff,Unknown,Same Day,7804
2021-01,DNA,Other Practice staff,Unknown,Unknown / Data Quality,143
2021-01,DNA,Other Practice staff,Video/Online,1 Day,425
2021-01,DNA,Other Practice staff,Video/Online,15  to 21 Days,267
2021-01,DNA,Other Practice staff,Video/Online,2 to 7 Days,691
2021-01,DNA,Other Practice staff,Video/Online,22  to 28 Days,184
2021-01,DNA,Other Practice staff,Video/Online,8  to 14 Days,472
2021-01,DNA,Other Practice staff,Video/Online,More than 28 Days,221
2021-01,DNA,Other Practice staff,Video/Online,Same Day,406
2021-01,DNA,Unknown,Face-to-Face,1 Day,913
2021-01,DNA,Unknown,Face-to-Face,15  to 21 Days,83
2021-01,DNA,Unknown,Face-to-Face,2 to 7 Days,1652
2021-01,DNA,Unknown,Face-to-Face,22  to 28 Days,56
2021-01,DNA,Unknown,Face-to-Face,8  to 14 Days,203
2021-01,DNA,Unknown,Face-to-Face,More than 28 Days,26
2021-01,DNA,Unknown,Face-to-Face,Same Day,1203
2021-01,DNA,Unknown,Face-to-Face,Unknown / Data Quality,1
2021-01,DNA,Unknown,Home Visit,1 Day,556
2021-01,DNA,Unknown,Home Visit,15  to 21 Days,26
2021-01,DNA,Unknown,Home Visit,2 to 7 Days,326
2021-01,DNA,Unknown,Home Visit,22  to 28 Days,12
2021-01,DNA,Unknown,Home Visit,8  to 14 Days,52
2021-01,DNA,Unknown,Home Visit,More than 28 Days,30
2021-01,DNA,Unknown,Home Visit,Same Day,1032
2021-01,DNA,Unknown,Home Visit,Unknown / Data Quality,2
2021-01,DNA,Unknown,Telephone,1 Day,470
2021-01,DNA,Unknown,Telephone,15  to 21 Days,29
2021-01,DNA,Unknown,Telephone,2 to 7 Days,269
2021-01,DNA,Unknown,Telephone,22  to 28 Days,16
2021-01,DNA,Unknown,Telephone,8  to 14 Days,59
2021-01,DNA,Unknown,Telephone,More than 28 Days,9
2021-01,DNA,Unknown,Telephone,Same Day,2515
2021-01,DNA,Unknown,Unknown,1 Day,1415
2021-01,DNA,Unknown,Unknown,15  to 21 Days,988
2021-01,DNA,Unknown,Unknown,2 to 7 Days,5076
2021-01,DNA,Unknown,Unknown,22  to 28 Days,700
2021-01,DNA,Unknown,Unknown,8  to 14 Days,1848
2021-01,DNA,Unknown,Unknown,More than 28 Days,658
2021-01,DNA,Unknown,Unknown,Same Day,1950
2021-01,DNA,Unknown,Unknown,Unknown / Data Quality,4
2021-01,DNA,Unknown,Video/Online,Same Day,5
2021-01,Unknown,GP,Face-to-Face,1 Day,18314
2021-01,Unknown,GP,Face-to-Face,15  to 21 Days,11411
2021-01,Unknown,GP,Face-to-Face,2 to 7 Days,45573
2021-01,Unknown,GP,Face-to-Face,22  to 28 Days,15146
2021-01,Unknown,GP,Face-to-Face,8  to 14 Days,18530
2021-01,Unknown,GP,Face-to-Face,More than 28 Days,10718
2021-01,Unknown,GP,Face-to-Face,Same Day,51144
2021-01,Unknown,GP,Face-to-Face,Unknown / Data Quality,780
2021-01,Unknown,GP,Home Visit,1 Day,1620
2021-01,Unknown,GP,Home Visit,15  to 21 Days,111
2021-01,Unknown,GP,Home Visit,2 to 7 Days,1801
2021-01,Unknown,GP,Home Visit,22  to 28 Days,58
2021-01,Unknown,GP,Home Visit,8  to 14 Days,207
2021-01,Unknown,GP,Home Visit,More than 28 Days,110
2021-01,Unknown,GP,Home Visit,Same Day,7234
2021-01,Unknown,GP,Home Visit,Unknown / Data Quality,64
2021-01,Unknown,GP,Telephone,1 Day,13994
2021-01,Unknown,GP,Telephone,15  to 21 Days,9422
2021-01,Unknown,GP,Telephone,2 to 7 Days,29367
2021-01,Unknown,GP,Telephone,22  to 28 Days,5736
2021-01,Unknown,GP,Telephone,8  to 14 Days,16496
2021-01,Unknown,GP,Telephone,More than 28 Days,5078
2021-01,Unknown,GP,Telephone,Same Day,58563
2021-01,Unknown,GP,Telephone,Unknown / Data Quality,590
2021-01,Unknown,GP,Unknown,1 Day,823
2021-01,Unknown,GP,Unknown,15  to 21 Days,809
2021-01,Unknown,GP,Unknown,2 to 7 Days,2930
2021-01,Unknown,GP,Unknown,22  to 28 Days,1097
2021-01,Unknown,GP,Unknown,8  to 14 Days,1361
2021-01,Unknown,GP,Unknown,More than 28 Days,867
2021-01,Unknown,GP,Unknown,Same Day,1905
2021-01,Unknown,GP,Unknown,Unknown / Data Quality,16
2021-01,Unknown,GP,Video/Online,1 Day,169
2021-01,Unknown,GP,Video/Online,15  to 21 Days,48
2021-01,Unknown,GP,Video/Online,2 to 7 Days,217
2021-01,Unknown,GP,Video/Online,22  to 28 Days,41
2021-01,Unknown,GP,Video/Online,8  to 14 Days,70
2021-01,Unknown,GP,Video/Online,More than 28 Days,36
2021-01,Unknown,GP,Video/Online,Same Day,619
2021-01,Unknown,GP,Video/Online,Unknown / Data Quality,1
2021-01,Unknown,Other Practice staff,Face-to-Face,1 Day,27795
2021-01,Unknown,Other Practice staff,Face-to-Face,15  to 21 Days,47265
2021-01,Unknown,Other Practice staff,Face-to-Face,2 to 7 Days,120188
2021-01,Unknown,Other Practice staff,Face-to-Face,22  to 28 Days,41769
2021-01,Unknown,Other Practice staff,Face-to-Face,8  to 14 Days,73874
2021-01,Unknown,Other Practice staff,Face-to-Face,More than 28 Days,51154
2021-01,Unknown,Other Practice staff,Face-to-Face,Same Day,53106
2021-01,Unknown,Other Practice staff,Face-to-Face,Unknown / Data Quality,918
2021-01,Unknown,Other Practice staff,Home Visit,1 Day,2497
2021-01,Unknown,Other Practice staff,Home Visit,15  to 21 Days,479
2021-01,Unknown,Other Practice staff,Home Visit,2 to 7 Days,3560
2021-01,Unknown,Other Practice staff,Home Visit,22  to 28 Days,352
2021-01,Unknown,Other Practice staff,Home Visit,8  to 14 Days,1102
2021-01,Unknown,Other Practice staff,Home Visit,More than 28 Days,708
2021-01,Unknown,Other Practice staff,Home Visit,Same Day,5298
2021-01,Unknown,Other Practice staff,Home Visit,Unknown / Data Quality,118
2021-01,Unknown,Other Practice staff,Telephone,1 Day,10530
2021-01,Unknown,Other Practice staff,Telephone,15  to 21 Days,7918
2021-01,Unknown,Other Practice staff,Telephone,2 to 7 Days,25397
2021-01,Unknown,Other Practice staff,Telephone,22  to 28 Days,5742
2021-01,Unknown,Other Practice staff,Telephone,8  to 14 Days,12944
2021-01,Unknown,Other Practice staff,Telephone,More than 28 Days,7412
2021-01,Unknown,Other Practice staff,Telephone,Same Day,27222
2021-01,Unknown,Other Practice staff,Telephone,Unknown / Data Quality,367
2021-01,Unknown,Other Practice staff,Unknown,1 Day,1875
2021-01,Unknown,Other Practice staff,Unknown,15  to 21 Days,2333
2021-01,Unknown,Other Practice staff,Unknown,2 to 7 Days,7308
2021-01,Unknown,Other Practice staff,Unknown,22  to 28 Days,2011
2021-01,Unknown,Other Practice staff,Unknown,8  to 14 Days,4197
2021-01,Unknown,Other Practice staff,Unknown,More than 28 Days,2709
2021-01,Unknown,Other Practice staff,Unknown,Same Day,2403
2021-01,Unknown,Other Practice staff,Unknown,Unknown / Data Quality,1
2021-01,Unknown,Other Practice staff,Video/Online,1 Day,91
2021-01,Unknown,Other Practice staff,Video/Online,15  to 21 Days,214
2021-01,Unknown,Other Practice staff,Video/Online,2 to 7 Days,375
2021-01,Unknown,Other Practice staff,Video/Online,22  to 28 Days,96
2021-01,Unknown,Other Practice staff,Video/Online,8  to 14 Days,370
2021-01,Unknown,Other Practice staff,Video/Online,More than 28 Days,154
2021-01,Unknown,Other Practice staff,Video/Online,Same Day,88
2021-01,Unknown,Other Practice staff,Video/Online,Unknown / Data Quality,1
2021-01,Unknown,Unknown,Face-to-Face,1 Day,2278
2021-01,Unknown,Unknown,Face-to-Face,15  to 21 Days,466
2021-01,Unknown,Unknown,Face-to-Face,2 to 7 Days,4543
2021-01,Unknown,Unknown,Face-to-Face,22  to 28 Days,295
2021-01,Unknown,Unknown,Face-to-Face,8  to 14 Days,974
2021-01,Unknown,Unknown,Face-to-Face,More than 28 Days,1109
2021-01,Unknown,Unknown,Face-to-Face,Same Day,12258
2021-01,Unknown,Unknown,Face-to-Face,Unknown / Data Quality,128
2021-01,Unknown,Unknown,Home Visit,1 Day,845
2021-01,Unknown,Unknown,Home Visit,15  to 21 Days,42
2021-01,Unknown,Unknown,Home Visit,2 to 7 Days,901
2021-01,Unknown,Unknown,Home Visit,22  to 28 Days,60
2021-01,Unknown,Unknown,Home Visit,8  to 14 Days,133
2021-01,Unknown,Unknown,Home Visit,More than 28 Days,106
2021-01,Unknown,Unknown,Home Visit,Same Day,3547
2021-01,Unknown,Unknown,Home Visit,Unknown / Data Quality,26
2021-01,Unknown,Unknown,Telephone,1 Day,673
2021-01,Unknown,Unknown,Telephone,15  to 21 Days,107
2021-01,Unknown,Unknown,Telephone,2 to 7 Days,613
2021-01,Unknown,Unknown,Telephone,22  to 28 Days,22
2021-01,Unknown,Unknown,Telephone,8  to 14 Days,166
2021-01,Unknown,Unknown,Telephone,More than 28 Days,28
2021-01,Unknown,Unknown,Telephone,Same Day,3606
2021-01,Unknown,Unknown,Telephone,Unknown / Data Quality,58
2021-01,Unknown,Unknown,Unknown,1 Day,1311
2021-01,Unknown,Unknown,Unknown,15  to 21 Days,3552
2021-01,Unknown,Unknown,Unknown,2 to 7 Days,6303
2021-01,Unknown,Unknown,Unknown,22  to 28 Days,3522
2021-01,Unknown,Unknown,Unknown,8  to 14 Days,4745
2021-01,Unknown,Unknown,Unknown,More than 28 Days,3705
2021-01,Unknown,Unknown,Unknown,Same Day,2263
2021-01,Unknown,Unknown,Unknown,Unknown / Data Quality,58
2021-01,Unknown,Unknown,Video/Online,1 Day,2
2021-01,Unknown,Unknown,Video/Online,15  to 21 Days,1
2021-01,Unknown,Unknown,Video/Online,2 to 7 Days,1
2021-02,Attended,GP,Face-to-Face,1 Day,533504
2021-02,Attended,GP,Face-to-Face,15  to 21 Days,79189
2021-02,Attended,GP,Face-to-Face,2 to 7 Days,920601
2021-02,Attended,GP,Face-to-Face,22  to 28 Days,40267
2021-02,Attended,GP,Face-to-Face,8  to 14 Days,254006
2021-02,Attended,GP,Face-to-Face,More than 28 Days,25403
2021-02,Attended,GP,Face-to-Face,Same Day,2564882
2021-02,Attended,GP,Face-to-Face,Unknown / Data Quality,1219
2021-02,Attended,GP,Home Visit,1 Day,5642
2021-02,Attended,GP,Home Visit,15  to 21 Days,137
2021-02,Attended,GP,Home Visit,2 to 7 Days,5327
2021-02,Attended,GP,Home Visit,22  to 28 Days,92
2021-02,Attended,GP,Home Visit,8  to 14 Days,628
2021-02,Attended,GP,Home Visit,More than 28 Days,81
2021-02,Attended,GP,Home Visit,Same Day,25059
2021-02,Attended,GP,Home Visit,Unknown / Data Quality,191
2021-02,Attended,GP,Telephone,1 Day,621480
2021-02,Attended,GP,Telephone,15  to 21 Days,116551
2021-02,Attended,GP,Telephone,2 to 7 Days,1224997
2021-02,Attended,GP,Telephone,22  to 28 Days,46735
2021-02,Attended,GP,Telephone,8  to 14 Days,413602
2021-02,Attended,GP,Telephone,More than 28 Days,16280
2021-02,Attended,GP,Telephone,Same Day,4159302
2021-02,Attended,GP,Telephone,Unknown / Data Quality,2487
2021-02,Attended,GP,Unknown,1 Day,17112
2021-02,Attended,GP,Unknown,15  to 21 Days,2151
2021-02,Attended,GP,Unknown,2 to 7 Days,29609
2021-02,Attended,GP,Unknown,22  to 28 Days,989
2021-02,Attended,GP,Unknown,8  to 14 Days,9277
2021-02,Attended,GP,Unknown,More than 28 Days,619
2021-02,Attended,GP,Unknown,Same Day,95946
2021-02,Attended,GP,Unknown,Unknown / Data Quality,72
2021-02,Attended,GP,Video/Online,1 Day,8504
2021-02,Attended,GP,Video/Online,15  to 21 Days,873
2021-02,Attended,GP,Video/Online,2 to 7 Days,14411
2021-02,Attended,GP,Video/Online,22  to 28 Days,382
2021-02,Attended,GP,Video/Online,8  to 14 Days,3274
2021-02,Attended,GP,Video/Online,More than 28 Days,168
2021-02,Attended,GP,Video/Online,Same Day,25334
2021-02,Attended,GP,Video/Online,Unknown / Data Quality,47
2021-02,Attended,Other Practice staff,Face-to-Face,1 Day,650570
2021-02,Attended,Other Practice staff,Face-to-Face,15  to 21 Days,412910
2021-02,Attended,Other Practice staff,Face-to-Face,2 to 7 Days,2094299
2021-02,Attended,Other Practice staff,Face-to-Face,22  to 28 Days,252370
2021-02,Attended,Other Practice staff,Face-to-Face,8  to 14 Days,1056300
2021-02,Attended,Other Practice staff,Face-to-Face,More than 28 Days,198575
2021-02,Attended,Other Practice staff,Face-to-Face,Same Day,1514867
2021-02,Attended,Other Practice staff,Face-to-Face,Unknown / Data Quality,1872
2021-02,Attended,Other Practice staff,Home Visit,1 Day,6453
2021-02,Attended,Other Practice staff,Home Visit,15  to 21 Days,1050
2021-02,Attended,Other Practice staff,Home Visit,2 to 7 Days,10963
2021-02,Attended,Other Practice staff,Home Visit,22  to 28 Days,769
2021-02,Attended,Other Practice staff,Home Visit,8  to 14 Days,3631
2021-02,Attended,Other Practice staff,Home Visit,More than 28 Days,604
2021-02,Attended,Other Practice staff,Home Visit,Same Day,19526
2021-02,Attended,Other Practice staff,Home Visit,Unknown / Data Quality,152
2021-02,Attended,Other Practice staff,Telephone,1 Day,250356
2021-02,Attended,Other Practice staff,Telephone,15  to 21 Days,69826
2021-02,Attended,Other Practice staff,Telephone,2 to 7 Days,463439
2021-02,Attended,Other Practice staff,Telephone,22  to 28 Days,39600
2021-02,Attended,Other Practice staff,Telephone,8  to 14 Days,179092
2021-02,Attended,Other Practice staff,Telephone,More than 28 Days,23625
2021-02,Attended,Other Practice staff,Telephone,Same Day,1387593
2021-02,Attended,Other Practice staff,Telephone,Unknown / Data Quality,976
2021-02,Attended,Other Practice staff,Unknown,1 Day,21292
2021-02,Attended,Other Practice staff,Unknown,15  to 21 Days,7138
2021-02,Attended,Other Practice staff,Unknown,2 to 7 Days,49590
2021-02,Attended,Other Practice staff,Unknown,22  to 28 Days,4215
2021-02,Attended,Other Practice staff,Unknown,8  to 14 Days,21179
2021-02,Attended,Other Practice staff,Unknown,More than 28 Days,3341
2021-02,Attended,Other Practice staff,Unknown,Same Day,71829
2021-02,Attended,Other Practice staff,Unknown,Unknown / Data Quality,178
2021-02,Attended,Other Practice staff,Video/Online,1 Day,6991
2021-02,Attended,Other Practice staff,Video/Online,15  to 21 Days,2470
2021-02,Attended,Other Practice staff,Video/Online,2 to 7 Days,13298
2021-02,Attended,Other Practice staff,Video/Online,22  to 28 Days,1421
2021-02,Attended,Other Practice staff,Video/Online,8  to 14 Days,6439
2021-02,Attended,Other Practice staff,Video/Online,More than 28 Days,1032
2021-02,Attended,Other Practice staff,Video/Online,Same Day,12334
2021-02,Attended,Other Practice staff,Video/Online,Unknown / Data Quality,5
2021-02,Attended,Unknown,Face-to-Face,1 Day,14090
2021-02,Attended,Unknown,Face-to-Face,15  to 21 Days,937
2021-02,Attended,Unknown,Face-to-Face,2 to 7 Days,11391
2021-02,Attended,Unknown,Face-to-Face,22  to 28 Days,856
2021-02,Attended,Unknown,Face-to-Face,8  to 14 Days,2830
2021-02,Attended,Unknown,Face-to-Face,More than 28 Days,490
2021-02,Attended,Unknown,Face-to-Face,Same Day,83711
2021-02,Attended,Unknown,Face-to-Face,Unknown / Data Quality,119
2021-02,Attended,Unknown,Home Visit,1 Day,1896
2021-02,Attended,Unknown,Home Visit,15  to 21 Days,17
2021-02,Attended,Unknown,Home Visit,2 to 7 Days,1264
2021-02,Attended,Unknown,Home Visit,22  to 28 Days,33
2021-02,Attended,Unknown,Home Visit,8  to 14 Days,105
2021-02,Attended,Unknown,Home Visit,More than 28 Days,35
2021-02,Attended,Unknown,Home Visit,Same Day,9004
2021-02,Attended,Unknown,Home Visit,Unknown / Data Quality,52
2021-02,Attended,Unknown,Telephone,1 Day,13070
2021-02,Attended,Unknown,Telephone,15  to 21 Days,425
2021-02,Attended,Unknown,Telephone,2 to 7 Days,8639
2021-02,Attended,Unknown,Telephone,22  to 28 Days,261
2021-02,Attended,Unknown,Telephone,8  to 14 Days,1882
2021-02,Attended,Unknown,Telephone,More than 28 Days,89
2021-02,Attended,Unknown,Telephone,Same Day,100524
2021-02,Attended,Unknown,Telephone,Unknown / Data Quality,10
2021-02,Attended,Unknown,Unknown,1 Day,34779
2021-02,Attended,Unknown,Unknown,15  to 21 Days,8273
2021-02,Attended,Unknown,Unknown,2 to 7 Days,71115
2021-02,Attended,Unknown,Unknown,22  to 28 Days,4935
2021-02,Attended,Unknown,Unknown,8  to 14 Days,22548
2021-02,Attended,Unknown,Unknown,More than 28 Days,3419
2021-02,Attended,Unknown,Unknown,Same Day,204930
2021-02,Attended,Unknown,Unknown,Unknown / Data Quality,292
2021-02,Attended,Unknown,Video/Online,1 Day,3
2021-02,Attended,Unknown,Video/Online,15  to 21 Days,1
2021-02,Attended,Unknown,Video/Online,2 to 7 Days,4
2021-02,Attended,Unknown,Video/Online,8  to 14 Days,1
2021-02,Attended,Unknown,Video/Online,Same Day,245
2021-02,DNA,GP,Face-to-Face,1 Day,20302
2021-02,DNA,GP,Face-to-Face,15  to 21 Days,5138
2021-02,DNA,GP,Face-to-Face,2 to 7 Days,54969
2021-02,DNA,GP,Face-to-Face,22  to 28 Days,3310
2021-02,DNA,GP,Face-to-Face,8  to 14 Days,15526
2021-02,DNA,GP,Face-to-Face,More than 28 Days,4041
2021-02,DNA,GP,Face-to-Face,Same Day,42390
2021-02,DNA,GP,Face-to-Face,Unknown / Data Quality,90
2021-02,DNA,GP,Home Visit,1 Day,221
2021-02,DNA,GP,Home Visit,15  to 21 Days,15
2021-02,DNA,GP,Home Visit,2 to 7 Days,220
2021-02,DNA,GP,Home Visit,22  to 28 Days,22
2021-02,DNA,GP,Home Visit,8  to 14 Days,58
2021-02,DNA,GP,Home Visit,More than 28 Days,8
2021-02,DNA,GP,Home Visit,Same Day,735
2021-02,DNA,GP,Telephone,1 Day,11576
2021-02,DNA,GP,Telephone,15  to 21 Days,2410
2021-02,DNA,GP,Telephone,2 to 7 Days,23153
2021-02,DNA,GP,Telephone,22  to 28 Days,1069
2021-02,DNA,GP,Telephone,8  to 14 Days,8898
2021-02,DNA,GP,Telephone,More than 28 Days,342
2021-02,DNA,GP,Telephone,Same Day,45624
2021-02,DNA,GP,Telephone,Unknown / Data Quality,9
2021-02,DNA,GP,Unknown,1 Day,1109
2021-02,DNA,GP,Unknown,15  to 21 Days,120
2021-02,DNA,GP,Unknown,2 to 7 Days,1852
2021-02,DNA,GP,Unknown,22  to 28 Days,56
2021-02,DNA,GP,Unknown,8  to 14 Days,580
2021-02,DNA,GP,Unknown,More than 28 Days,27
2021-02,DNA,GP,Unknown,Same Day,4088
2021-02,DNA,GP,Unknown,Unknown / Data Quality,49
2021-02,DNA,GP,Video/Online,1 Day,128
2021-02,DNA,GP,Video/Online,15  to 21 Days,46
2021-02,DNA,GP,Video/Online,2 to 7 Days,394
2021-02,DNA,GP,Video/Online,22  to 28 Days,32
2021-02,DNA,GP,Video/Online,8  to 14 Days,83
2021-02,DNA,GP,Video/Online,More than 28 Days,8
2021-02,DNA,GP,Video/Online,Same Day,353
2021-02,DNA,Other Practice staff,Face-to-Face,1 Day,42835
2021-02,DNA,Other Practice staff,Face-to-Face,15  to 21 Days,39163
2021-02,DNA,Other Practice staff,Face-to-Face,2 to 7 Days,177601
2021-02,DNA,Other Practice staff,Face-to-Face,22  to 28 Days,23456
2021-02,DNA,Other Practice staff,Face-to-Face,8  to 14 Days,93689
2021-02,DNA,Other Practice staff,Face-to-Face,More than 28 Days,23476
2021-02,DNA,Other Practice staff,Face-to-Face,Same Day,46159
2021-02,DNA,Other Practice staff,Face-to-Face,Unknown / Data Quality,194
2021-02,DNA,Other Practice staff,Home Visit,1 Day,289
2021-02,DNA,Other Practice staff,Home Visit,15  to 21 Days,91
2021-02,DNA,Other Practice staff,Home Visit,2 to 7 Days,475
2021-02,DNA,Other Practice staff,Home Visit,22  to 28 Days,40
2021-02,DNA,Other Practice staff,Home Visit,8  to 14 Days,176
2021-02,DNA,Other Practice staff,Home Visit,More than 28 Days,37
2021-02,DNA,Other Practice staff,Home Visit,Same Day,498
2021-02,DNA,Other Practice staff,Home Visit,Unknown / Data Quality,8
2021-02,DNA,Other Practice staff,Telephone,1 Day,8571
2021-02,DNA,Other Practice staff,Telephone,15  to 21 Days,3254
2021-02,DNA,Other Practice staff,Telephone,2 to 7 Days,18960
2021-02,DNA,Other Practice staff,Telephone,22  to 28 Days,2087
2021-02,DNA,Other Practice staff,Telephone,8  to 14 Days,8253
2021-02,DNA,Other Practice staff,Telephone,More than 28 Days,1247
2021-02,DNA,Other Practice staff,Telephone,Same Day,24944
2021-02,DNA,Other Practice staff,Telephone,Unknown / Data Quality,38
2021-02,DNA,Other Practice staff,Unknown,1 Day,2207
2021-02,DNA,Other Practice staff,Unknown,15  to 21 Days,576
2021-02,DNA,Other Practice staff,Unknown,2 to 7 Days,4326
2021-02,DNA,Other Practice staff,Unknown,22  to 28 Days,319
2021-02,DNA,Other Practice staff,Unknown,8  to 14 Days,1221
2021-02,DNA,Other Practice staff,Unknown,More than 28 Days,293
2021-02,DNA,Other Practice staff,Unknown,Same Day,7479
2021-02,DNA,Other Practice staff,Unknown,Unknown / Data Quality,92
2021-02,DNA,Other Practice staff,Video/Online,1 Day,324
2021-02,DNA,Other Practice staff,Video/Online,15  to 21 Days,181
2021-02,DNA,Other Practice staff,Video/Online,2 to 7 Days,780
2021-02,DNA,Other Practice staff,Video/Online,22  to 28 Days,106
2021-02,DNA,Other Practice staff,Video/Online,8  to 14 Days,483
2021-02,DNA,Other Practice staff,Video/Online,More than 28 Days,83
2021-02,DNA,Other Practice staff,Video/Online,Same Day,344
2021-02,DNA,Unknown,Face-to-Face,1 Day,1456
2021-02,DNA,Unknown,Face-to-Face,15  to 21 Days,66
2021-02,DNA,Unknown,Face-to-Face,2 to 7 Days,1789
2021-02,DNA,Unknown,Face-to-Face,22  to 28 Days,39
2021-02,DNA,Unknown,Face-to-Face,8  to 14 Days,238
2021-02,DNA,Unknown,Face-to-Face,More than 28 Days,18
2021-02,DNA,Unknown,Face-to-Face,Same Day,1374
2021-02,DNA,Unknown,Face-to-Face,Unknown / Data Quality,1
2021-02,DNA,Unknown,Home Visit,1 Day,558
2021-02,DNA,Unknown,Home Visit,15  to 21 Days,14
2021-02,DNA,Unknown,Home Visit,2 to 7 Days,368
2021-02,DNA,Unknown,Home Visit,22  to 28 Days,9
2021-02,DNA,Unknown,Home Visit,8  to 14 Days,53
2021-02,DNA,Unknown,Home Visit,More than 28 Days,116
2021-02,DNA,Unknown,Home Visit,Same Day,1052
2021-02,DNA,Unknown,Telephone,1 Day,475
2021-02,DNA,Unknown,Telephone,15  to 21 Days,17
2021-02,DNA,Unknown,Telephone,2 to 7 Days,366
2021-02,DNA,Unknown,Telephone,22  to 28 Days,10
2021-02,DNA,Unknown,Telephone,8  to 14 Days,75
2021-02,DNA,Unknown,Telephone,More than 28 Days,6
2021-02,DNA,Unknown,Telephone,Same Day,2919
2021-02,DNA,Unknown,Unknown,1 Day,882
2021-02,DNA,Unknown,Unknown,15  to 21 Days,515
2021-02,DNA,Unknown,Unknown,2 to 7 Days,2982
2021-02,DNA,Unknown,Unknown,22  to 28 Days,362
2021-02,DNA,Unknown,Unknown,8  to 14 Days,1584
2021-02,DNA,Unknown,Unknown,More than 28 Days,345
2021-02,DNA,Unknown,Unknown,Same Day,1477
2021-02,DNA,Unknown,Video/Online,1 Day,2
2021-02,DNA,Unknown,Video/Online,Same Day,24
2021-02,Unknown,GP,Face-to-Face,1 Day,17845
2021-02,Unknown,GP,Face-to-Face,15  to 21 Days,8155
2021-02,Unknown,GP,Face-to-Face,2 to 7 Days,46206
2021-02,Unknown,GP,Face-to-Face,22  to 28 Days,5623
2021-02,Unknown,GP,Face-to-Face,8  to 14 Days,16640
2021-02,Unknown,GP,Face-to-Face,More than 28 Days,6954
2021-02,Unknown,GP,Face-to-Face,Same Day,50600
2021-02,Unknown,GP,Face-to-Face,Unknown / Data Quality,675
2021-02,Unknown,GP,Home Visit,1 Day,1652
2021-02,Unknown,GP,Home Visit,15  to 21 Days,91
2021-02,Unknown,GP,Home Visit,2 to 7 Days,1902
2021-02,Unknown,GP,Home Visit,22  to 28 Days,58
2021-02,Unknown,GP,Home Visit,8  to 14 Days,357
2021-02,Unknown,GP,Home Visit,More than 28 Days,61
2021-02,Unknown,GP,Home Visit,Same Day,7170
2021-02,Unknown,GP,Home Visit,Unknown / Data Quality,59
2021-02,Unknown,GP,Telephone,1 Day,13414
2021-02,Unknown,GP,Telephone,15  to 21 Days,6933
2021-02,Unknown,GP,Telephone,2 to 7 Days,30739
2021-02,Unknown,GP,Telephone,22  to 28 Days,5394
2021-02,Unknown,GP,Telephone,8  to 14 Days,16012
2021-02,Unknown,GP,Telephone,More than 28 Days,3133
2021-02,Unknown,GP,Telephone,Same Day,59159
2021-02,Unknown,GP,Telephone,Unknown / Data Quality,724
2021-02,Unknown,GP,Unknown,1 Day,990
2021-02,Unknown,GP,Unknown,15  to 21 Days,755
2021-02,Unknown,GP,Unknown,2 to 7 Days,2431
2021-02,Unknown,GP,Unknown,22  to 28 Days,531
2021-02,Unknown,GP,Unknown,8  to 14 Days,1629
2021-02,Unknown,GP,Unknown,More than 28 Days,539
2021-02,Unknown,GP,Unknown,Same Day,1849
2021-02,Unknown,GP,Video/Online,1 Day,133
2021-02,Unknown,GP,Video/Online,15  to 21 Days,44
2021-02,Unknown,GP,Video/Online,2 to 7 Days,201
2021-02,Unknown,GP,Video/Online,22  to 28 Days,26
2021-02,Unknown,GP,Video/Online,8  to 14 Days,90
2021-02,Unknown,GP,Video/Online,More than 28 Days,35
2021-02,Unknown,GP,Video/Online,Same Day,638
2021-02,Unknown,GP,Video/Online,Unknown / Data Quality,2
2021-02,Unknown,Other Practice staff,Face-to-Face,1 Day,26877
2021-02,Unknown,Other Practice staff,Face-to-Face,15  to 21 Days,33547
2021-02,Unknown,Other Practice staff,Face-to-Face,2 to 7 Days,114928
2021-02,Unknown,Other Practice staff,Face-to-Face,22  to 28 Days,26324
2021-02,Unknown,Other Practice staff,Face-to-Face,8  to 14 Days,67765
2021-02,Unknown,Other Practice staff,Face-to-Face,More than 28 Days,35950
2021-02,Unknown,Other Practice staff,Face-to-Face,Same Day,54316
2021-02,Unknown,Other Practice staff,Face-to-Face,Unknown / Data Quality,928
2021-02,Unknown,Other Practice staff,Home Visit,1 Day,2373
2021-02,Unknown,Other Practice staff,Home Visit,15  to 21 Days,469
2021-02,Unknown,Other Practice staff,Home Visit,2 to 7 Days,3719
2021-02,Unknown,Other Practice staff,Home Visit,22  to 28 Days,321
2021-02,Unknown,Other Practice staff,Home Visit,8  to 14 Days,1238
2021-02,Unknown,Other Practice staff,Home Visit,More than 28 Days,311
2021-02,Unknown,Other Practice staff,Home Visit,Same Day,5586
2021-02,Unknown,Other Practice staff,Home Visit,Unknown / Data Quality,139
2021-02,Unknown,Other Practice staff,Telephone,1 Day,9259
2021-02,Unknown,Other Practice staff,Telephone,15  to 21 Days,6564
2021-02,Unknown,Other Practice staff,Telephone,2 to 7 Days,27377
2021-02,Unknown,Other Practice staff,Telephone,22  to 28 Days,4867
2021-02,Unknown,Other Practice staff,Telephone,8  to 14 Days,13887
2021-02,Unknown,Other Practice staff,Telephone,More than 28 Days,4523
2021-02,Unknown,Other Practice staff,Telephone,Same Day,26113
2021-02,Unknown,Other Practice staff,Telephone,Unknown / Data Quality,306
2021-02,Unknown,Other Practice staff,Unknown,1 Day,1999
2021-02,Unknown,Other Practice staff,Unknown,15  to 21 Days,2701
2021-02,Unknown,Other Practice staff,Unknown,2 to 7 Days,7066
2021-02,Unknown,Other Practice staff,Unknown,22  to 28 Days,1431
2021-02,Unknown,Other Practice staff,Unknown,8  to 14 Days,5332
2021-02,Unknown,Other Practice staff,Unknown,More than 28 Days,1881
2021-02,Unknown,Other Practice staff,Unknown,Same Day,1882
2021-02,Unknown,Other Practice staff,Unknown,Unknown / Data Quality,3
2021-02,Unknown,Other Practice staff,Video/Online,1 Day,105
2021-02,Unknown,Other Practice staff,Video/Online,15  to 21 Days,122
2021-02,Unknown,Other Practice staff,Video/Online,2 to 7 Days,525
2021-02,Unknown,Other Practice staff,Video/Online,22  to 28 Days,73
2021-02,Unknown,Other Practice staff,Video/Online,8  to 14 Days,237
2021-02,Unknown,Other Practice staff,Video/Online,More than 28 Days,91
2021-02,Unknown,Other Practice staff,Video/Online,Same Day,69
2021-02,Unknown,Other Practice staff,Video/Online,Unknown / Data Quality,2
2021-02,Unknown,Unknown,Face-to-Face,1 Day,2478
2021-02,Unknown,Unknown,Face-to-Face,15  to 21 Days,264
2021-02,Unknown,Unknown,Face-to-Face,2 to 7 Days,6095
2021-02,Unknown,Unknown,Face-to-Face,22  to 28 Days,226
2021-02,Unknown,Unknown,Face-to-Face,8  to 14 Days,1015
2021-02,Unknown,Unknown,Face-to-Face,More than 28 Days,481
2021-02,Unknown,Unknown,Face-to-Face,Same Day,11849
2021-02,Unknown,Unknown,Face-to-Face,Unknown / Data Quality,146
2021-02,Unknown,Unknown,Home Visit,1 Day,833
2021-02,Unknown,Unknown,Home Visit,15  to 21 Days,49
2021-02,Unknown,Unknown,Home Visit,2 to 7 Days,987
2021-02,Unknown,Unknown,Home Visit,22  to 28 Days,39
2021-02,Unknown,Unknown,Home Visit,8  to 14 Days,134
2021-02,Unknown,Unknown,Home Visit,More than 28 Days,69
2021-02,Unknown,Unknown,Home Visit,Same Day,3674
2021-02,Unknown,Unknown,Home Visit,Unknown / Data Quality,9
2021-02,Unknown,Unknown,Telephone,1 Day,759
2021-02,Unknown,Unknown,Telephone,15  to 21 Days,78
2021-02,Unknown,Unknown,Telephone,2 to 7 Days,815
2021-02,Unknown,Unknown,Telephone,22  to 28 Days,75
2021-02,Unknown,Unknown,Telephone,8  to 14 Days,143
2021-02,Unknown,Unknown,Telephone,More than 28 Days,67
2021-02,Unknown,Unknown,Telephone,Same Day,4117
2021-02,Unknown,Unknown,Telephone,Unknown / Data Quality,17
2021-02,Unknown,Unknown,Unknown,1 Day,1477
2021-02,Unknown,Unknown,Unknown,15  to 21 Days,2373
2021-02,Unknown,Unknown,Unknown,2 to 7 Days,6018
2021-02,Unknown,Unknown,Unknown,22  to 28 Days,1944
2021-02,Unknown,Unknown,Unknown,8  to 14 Days,4204
2021-02,Unknown,Unknown,Unknown,More than 28 Days,2761
2021-02,Unknown,Unknown,Unknown,Same Day,2043
2021-02,Unknown,Unknown,Unknown,Unknown / Data Quality,89
2021-02,Unknown,Unknown,Video/Online,2 to 7 Days,1
2021-02,Unknown,Unknown,Video/Online,Same Day,4
2021-03,Attended,GP,Face-to-Face,1 Day,643586
2021-03,Attended,GP,Face-to-Face,15  to 21 Days,123052
2021-03,Attended,GP,Face-to-Face,2 to 7 Days,1196826
2021-03,Attended,GP,Face-to-Face,22  to 28 Days,57586
2021-03,Attended,GP,Face-to-Face,8  to 14 Days,382474
2021-03,Attended,GP,Face-to-Face,More than 28 Days,38131
2021-03,Attended,GP,Face-to-Face,Same Day,3093059
2021-03,Attended,GP,Face-to-Face,Unknown / Data Quality,1353
2021-03,Attended,GP,Home Visit,1 Day,6535
2021-03,Attended,GP,Home Visit,15  to 21 Days,183
2021-03,Attended,GP,Home Visit,2 to 7 Days,7163
2021-03,Attended,GP,Home Visit,22  to 28 Days,113
2021-03,Attended,GP,Home Visit,8  to 14 Days,807
2021-03,Attended,GP,Home Visit,More than 28 Days,129
2021-03,Attended,GP,Home Visit,Same Day,29966
2021-03,Attended,GP,Home Visit,Unknown / Data Quality,185
2021-03,Attended,GP,Telephone,1 Day,696857
2021-03,Attended,GP,Telephone,15  to 21 Days,196923
2021-03,Attended,GP,Telephone,2 to 7 Days,1471194
2021-03,Attended,GP,Telephone,22  to 28 Days,74400
2021-03,Attended,GP,Telephone,8  to 14 Days,616561
2021-03,Attended,GP,Telephone,More than 28 Days,22806
2021-03,Attended,GP,Telephone,Same Day,4796936
2021-03,Attended,GP,Telephone,Unknown / Data Quality,2779
2021-03,Attended,GP,Unknown,1 Day,20158
2021-03,Attended,GP,Unknown,15  to 21 Days,3932
2021-03,Attended,GP,Unknown,2 to 7 Days,38194
2021-03,Attended,GP,Unknown,22  to 28 Days,1597
2021-03,Attended,GP,Unknown,8  to 14 Days,13904
2021-03,Attended,GP,Unknown,More than 28 Days,904
2021-03,Attended,GP,Unknown,Same Day,118499
2021-03,Attended,GP,Unknown,Unknown / Data Quality,59
2021-03,Attended,GP,Video/Online,1 Day,10535
2021-03,Attended,GP,Video/Online,15  to 21 Days,1546
2021-03,Attended,GP,Video/Online,2 to 7 Days,18310
2021-03,Attended,GP,Video/Online,22  to 28 Days,550
2021-03,Attended,GP,Video/Online,8  to 14 Days,4756
2021-03,Attended,GP,Video/Online,More than 28 Days,227
2021-03,Attended,GP,Video/Online,Same Day,29113
2021-03,Attended,GP,Video/Online,Unknown / Data Quality,60
2021-03,Attended,Other Practice staff,Face-to-Face,1 Day,722836
2021-03,Attended,Other Practice staff,Face-to-Face,15  to 21 Days,565352
2021-03,Attended,Other Practice staff,Face-to-Face,2 to 7 Days,2505562
2021-03,Attended,Other Practice staff,Face-to-Face,22  to 28 Days,332069
2021-03,Attended,Other Practice staff,Face-to-Face,8  to 14 Days,1428865
2021-03,Attended,Other Practice staff,Face-to-Face,More than 28 Days,258800
2021-03,Attended,Other Practice staff,Face-to-Face,Same Day,1788482
2021-03,Attended,Other Practice staff,Face-to-Face,Unknown / Data Quality,2084
2021-03,Attended,Other Practice staff,Home Visit,1 Day,7280
2021-03,Attended,Other Practice staff,Home Visit,15  to 21 Days,1600
2021-03,Attended,Other Practice staff,Home Visit,2 to 7 Days,12323
2021-03,Attended,Other Practice staff,Home Visit,22  to 28 Days,991
2021-03,Attended,Other Practice staff,Home Visit,8  to 14 Days,4659
2021-03,Attended,Other Practice staff,Home Visit,More than 28 Days,997
2021-03,Attended,Other Practice staff,Home Visit,Same Day,24213
2021-03,Attended,Other Practice staff,Home Visit,Unknown / Data Quality,259
2021-03,Attended,Other Practice staff,Telephone,1 Day,292402
2021-03,Attended,Other Practice staff,Telephone,15  to 21 Days,99368
2021-03,Attended,Other Practice staff,Telephone,2 to 7 Days,560400
2021-03,Attended,Other Practice staff,Telephone,22  to 28 Days,53713
2021-03,Attended,Other Practice staff,Telephone,8  to 14 Days,234731
2021-03,Attended,Other Practice staff,Telephone,More than 28 Days,34315
2021-03,Attended,Other Practice staff,Telephone,Same Day,1596350
2021-03,Attended,Other Practice staff,Telephone,Unknown / Data Quality,1246
2021-03,Attended,Other Practice staff,Unknown,1 Day,23736
2021-03,Attended,Other Practice staff,Unknown,15  to 21 Days,10490
2021-03,Attended,Other Practice staff,Unknown,2 to 7 Days,57158
2021-03,Attended,Other Practice staff,Unknown,22  to 28 Days,5786
2021-03,Attended,Other Practice staff,Unknown,8  to 14 Days,28785
2021-03,Attended,Other Practice staff,Unknown,More than 28 Days,4155
2021-03,Attended,Other Practice staff,Unknown,Same Day,77926
2021-03,Attended,Other Practice staff,Unknown,Unknown / Data Quality,133
2021-03,Attended,Other Practice staff,Video/Online,1 Day,8740
2021-03,Attended,Other Practice staff,Video/Online,15  to 21 Days,3592
2021-03,Attended,Other Practice staff,Video/Online,2 to 7 Days,17196
2021-03,Attended,Other Practice staff,Video/Online,22  to 28 Days,1708
2021-03,Attended,Other Practice staff,Video/Online,8  to 14 Days,8778
2021-03,Attended,Other Practice staff,Video/Online,More than 28 Days,1322
2021-03,Attended,Other Practice staff,Video/Online,Same Day,13367
2021-03,Attended,Other Practice staff,Video/Online,Unknown / Data Quality,18
2021-03,Attended,Unknown,Face-to-Face,1 Day,17031
2021-03,Attended,Unknown,Face-to-Face,15  to 21 Days,1315
2021-03,Attended,Unknown,Face-to-Face,2 to 7 Days,15332
2021-03,Attended,Unknown,Face-to-Face,22  to 28 Days,988
2021-03,Attended,Unknown,Face-to-Face,8  to 14 Days,4057
2021-03,Attended,Unknown,Face-to-Face,More than 28 Days,768
2021-03,Attended,Unknown,Face-to-Face,Same Day,104239
2021-03,Attended,Unknown,Face-to-Face,Unknown / Data Quality,52
2021-03,Attended,Unknown,Home Visit,1 Day,2404
2021-03,Attended,Unknown,Home Visit,15  to 21 Days,43
2021-03,Attended,Unknown,Home Visit,2 to 7 Days,1702
2021-03,Attended,Unknown,Home Visit,22  to 28 Days,69
2021-03,Attended,Unknown,Home Visit,8  to 14 Days,191
2021-03,Attended,Unknown,Home Visit,More than 28 Days,33
2021-03,Attended,Unknown,Home Visit,Same Day,10752
2021-03,Attended,Unknown,Home Visit,Unknown / Data Quality,24
2021-03,Attended,Unknown,Telephone,1 Day,16336
2021-03,Attended,Unknown,Telephone,15  to 21 Days,671
2021-03,Attended,Unknown,Telephone,2 to 7 Days,10906
2021-03,Attended,Unknown,Telephone,22  to 28 Days,361
2021-03,Attended,Unknown,Telephone,8  to 14 Days,2766
2021-03,Attended,Unknown,Telephone,More than 28 Days,275
2021-03,Attended,Unknown,Telephone,Same Day,122039
2021-03,Attended,Unknown,Telephone,Unknown / Data Quality,31
2021-03,Attended,Unknown,Unknown,1 Day,43103
2021-03,Attended,Unknown,Unknown,15  to 21 Days,12274
2021-03,Attended,Unknown,Unknown,2 to 7 Days,90645
2021-03,Attended,Unknown,Unknown,22  to 28 Days,6301
2021-03,Attended,Unknown,Unknown,8  to 14 Days,32926
2021-03,Attended,Unknown,Unknown,More than 28 Days,4756
2021-03,Attended,Unknown,Unknown,Same Day,270092
2021-03,Attended,Unknown,Unknown,Unknown / Data Quality,358
2021-03,Attended,Unknown,Video/Online,1 Day,4
2021-03,Attended,Unknown,Video/Online,2 to 7 Days,3
2021-03,Attended,Unknown,Video/Online,8  to 14 Days,1
2021-03,Attended,Unknown,Video/Online,Same Day,292
2021-03,DNA,GP,Face-to-Face,1 Day,20859
2021-03,DNA,GP,Face-to-Face,15  to 21 Days,9263
2021-03,DNA,GP,Face-to-Face,2 to 7 Days,55613
2021-03,DNA,GP,Face-to-Face,22  to 28 Days,4366
2021-03,DNA,GP,Face-to-Face,8  to 14 Days,24702
2021-03,DNA,GP,Face-to-Face,More than 28 Days,6423
2021-03,DNA,GP,Face-to-Face,Same Day,51119
2021-03,DNA,GP,Face-to-Face,Unknown / Data Quality,92
2021-03,DNA,GP,Home Visit,1 Day,223
2021-03,DNA,GP,Home Visit,15  to 21 Days,13
2021-03,DNA,GP,Home Visit,2 to 7 Days,303
2021-03,DNA,GP,Home Visit,22  to 28 Days,12
2021-03,DNA,GP,Home Visit,8  to 14 Days,34
2021-03,DNA,GP,Home Visit,More than 28 Days,13
2021-03,DNA,GP,Home Visit,Same Day,948
2021-03,DNA,GP,Telephone,1 Day,13087
2021-03,DNA,GP,Telephone,15  to 21 Days,4187
2021-03,DNA,GP,Telephone,2 to 7 Days,28040
2021-03,DNA,GP,Telephone,22  to 28 Days,1723
2021-03,DNA,GP,Telephone,8  to 14 Days,12812
2021-03,DNA,GP,Telephone,More than 28 Days,521
2021-03,DNA,GP,Telephone,Same Day,53620
2021-03,DNA,GP,Telephone,Unknown / Data Quality,7
2021-03,DNA,GP,Unknown,1 Day,846
2021-03,DNA,GP,Unknown,15  to 21 Days,114
2021-03,DNA,GP,Unknown,2 to 7 Days,1459
2021-03,DNA,GP,Unknown,22  to 28 Days,44
2021-03,DNA,GP,Unknown,8  to 14 Days,561
2021-03,DNA,GP,Unknown,More than 28 Days,45
2021-03,DNA,GP,Unknown,Same Day,4416
2021-03,DNA,GP,Unknown,Unknown / Data Quality,99
2021-03,DNA,GP,Video/Online,1 Day,140
2021-03,DNA,GP,Video/Online,15  to 21 Days,44
2021-03,DNA,GP,Video/Online,2 to 7 Days,451
2021-03,DNA,GP,Video/Online,22  to 28 Days,22
2021-03,DNA,GP,Video/Online,8  to 14 Days,126
2021-03,DNA,GP,Video/Online,More than 28 Days,26
2021-03,DNA,GP,Video/Online,Same Day,428
2021-03,DNA,Other Practice staff,Face-to-Face,1 Day,43484
2021-03,DNA,Other Practice staff,Face-to-Face,15  to 21 Days,53466
2021-03,DNA,Other Practice staff,Face-to-Face,2 to 7 Days,197935
2021-03,DNA,Other Practice staff,Face-to-Face,22  to 28 Days,31205
2021-03,DNA,Other Practice staff,Face-to-Face,8  to 14 Days,126325
2021-03,DNA,Other Practice staff,Face-to-Face,More than 28 Days,32226
2021-03,DNA,Other Practice staff,Face-to-Face,Same Day,53310
2021-03,DNA,Other Practice staff,Face-to-Face,Unknown / Data Quality,142
2021-03,DNA,Other Practice staff,Home Visit,1 Day,274
2021-03,DNA,Other Practice staff,Home Visit,15  to 21 Days,89
2021-03,DNA,Other Practice staff,Home Visit,2 to 7 Days,449
2021-03,DNA,Other Practice staff,Home Visit,22  to 28 Days,48
2021-03,DNA,Other Practice staff,Home Visit,8  to 14 Days,245
2021-03,DNA,Other Practice staff,Home Visit,More than 28 Days,61
2021-03,DNA,Other Practice staff,Home Visit,Same Day,702
2021-03,DNA,Other Practice staff,Home Visit,Unknown / Data Quality,1
2021-03,DNA,Other Practice staff,Telephone,1 Day,9850
2021-03,DNA,Other Practice staff,Telephone,15  to 21 Days,4794
2021-03,DNA,Other Practice staff,Telephone,2 to 7 Days,23260
2021-03,DNA,Other Practice staff,Telephone,22  to 28 Days,2799
2021-03,DNA,Other Practice staff,Telephone,8  to 14 Days,10803
2021-03,DNA,Other Practice staff,Telephone,More than 28 Days,1619
2021-03,DNA,Other Practice staff,Telephone,Same Day,28614
2021-03,DNA,Other Practice staff,Telephone,Unknown / Data Quality,32
2021-03,DNA,Other Practice staff,Unknown,1 Day,2757
2021-03,DNA,Other Practice staff,Unknown,15  to 21 Days,685
2021-03,DNA,Other Practice staff,Unknown,2 to 7 Days,3734
2021-03,DNA,Other Practice staff,Unknown,22  to 28 Days,309
2021-03,DNA,Other Practice staff,Unknown,8  to 14 Days,1327
2021-03,DNA,Other Practice staff,Unknown,More than 28 Days,360
2021-03,DNA,Other Practice staff,Unknown,Same Day,8635
2021-03,DNA,Other Practice staff,Unknown,Unknown / Data Quality,110
2021-03,DNA,Other Practice staff,Video/Online,1 Day,430
2021-03,DNA,Other Practice staff,Video/Online,15  to 21 Days,275
2021-03,DNA,Other Practice staff,Video/Online,2 to 7 Days,936
2021-03,DNA,Other Practice staff,Video/Online,22  to 28 Days,123
2021-03,DNA,Other Practice staff,Video/Online,8  to 14 Days,657
2021-03,DNA,Other Practice staff,Video/Online,More than 28 Days,120
2021-03,DNA,Other Practice staff,Video/Online,Same Day,369
2021-03,DNA,Unknown,Face-to-Face,1 Day,714
2021-03,DNA,Unknown,Face-to-Face,15  to 21 Days,87
2021-03,DNA,Unknown,Face-to-Face,2 to 7 Days,1203
2021-03,DNA,Unknown,Face-to-Face,22  to 28 Days,45
2021-03,DNA,Unknown,Face-to-Face,8  to 14 Days,365
2021-03,DNA,Unknown,Face-to-Face,More than 28 Days,36
2021-03,DNA,Unknown,Face-to-Face,Same Day,1341
2021-03,DNA,Unknown,Face-to-Face,Unknown / Data Quality,2
2021-03,DNA,Unknown,Home Visit,1 Day,508
2021-03,DNA,Unknown,Home Visit,15  to 21 Days,17
2021-03,DNA,Unknown,Home Visit,2 to 7 Days,380
2021-03,DNA,Unknown,Home Visit,22  to 28 Days,17
2021-03,DNA,Unknown,Home Visit,8  to 14 Days,84
2021-03,DNA,Unknown,Home Visit,More than 28 Days,32
2021-03,DNA,Unknown,Home Visit,Same Day,1276
2021-03,DNA,Unknown,Home Visit,Unknown / Data Quality,5
2021-03,DNA,Unknown,Telephone,1 Day,562
2021-03,DNA,Unknown,Telephone,15  to 21 Days,32
2021-03,DNA,Unknown,Telephone,2 to 7 Days,434
2021-03,DNA,Unknown,Telephone,22  to 28 Days,21
2021-03,DNA,Unknown,Telephone,8  to 14 Days,117
2021-03,DNA,Unknown,Telephone,More than 28 Days,7
2021-03,DNA,Unknown,Telephone,Same Day,3622
2021-03,DNA,Unknown,Unknown,1 Day,1149
2021-03,DNA,Unknown,Unknown,15  to 21 Days,860
2021-03,DNA,Unknown,Unknown,2 to 7 Days,3725
2021-03,DNA,Unknown,Unknown,22  to 28 Days,444
2021-03,DNA,Unknown,Unknown,8  to 14 Days,2259
2021-03,DNA,Unknown,Unknown,More than 28 Days,587
2021-03,DNA,Unknown,Unknown,Same Day,2016
2021-03,DNA,Unknown,Unknown,Unknown / Data Quality,1
2021-03,DNA,Unknown,Video/Online,Same Day,24
2021-03,Unknown,GP,Face-to-Face,1 Day,20817
2021-03,Unknown,GP,Face-to-Face,15  to 21 Days,10176
2021-03,Unknown,GP,Face-to-Face,2 to 7 Days,48370
2021-03,Unknown,GP,Face-to-Face,22  to 28 Days,6289
2021-03,Unknown,GP,Face-to-Face,8  to 14 Days,20301
2021-03,Unknown,GP,Face-to-Face,More than 28 Days,9359
2021-03,Unknown,GP,Face-to-Face,Same Day,60967
2021-03,Unknown,GP,Face-to-Face,Unknown / Data Quality,588
2021-03,Unknown,GP,Home Visit,1 Day,1896
2021-03,Unknown,GP,Home Visit,15  to 21 Days,111
2021-03,Unknown,GP,Home Visit,2 to 7 Days,2177
2021-03,Unknown,GP,Home Visit,22  to 28 Days,87
2021-03,Unknown,GP,Home Visit,8  to 14 Days,389
2021-03,Unknown,GP,Home Visit,More than 28 Days,151
2021-03,Unknown,GP,Home Visit,Same Day,8593
2021-03,Unknown,GP,Home Visit,Unknown / Data Quality,75
2021-03,Unknown,GP,Telephone,1 Day,16352
2021-03,Unknown,GP,Telephone,15  to 21 Days,9345
2021-03,Unknown,GP,Telephone,2 to 7 Days,35619
2021-03,Unknown,GP,Telephone,22  to 28 Days,5585
2021-03,Unknown,GP,Telephone,8  to 14 Days,20670
2021-03,Unknown,GP,Telephone,More than 28 Days,4191
2021-03,Unknown,GP,Telephone,Same Day,71624
2021-03,Unknown,GP,Telephone,Unknown / Data Quality,1420
2021-03,Unknown,GP,Unknown,1 Day,1103
2021-03,Unknown,GP,Unknown,15  to 21 Days,1248
2021-03,Unknown,GP,Unknown,2 to 7 Days,3062
2021-03,Unknown,GP,Unknown,22  to 28 Days,511
2021-03,Unknown,GP,Unknown,8  to 14 Days,2548
2021-03,Unknown,GP,Unknown,More than 28 Days,513
2021-03,Unknown,GP,Unknown,Same Day,2514
2021-03,Unknown,GP,Unknown,Unknown / Data Quality,6
2021-03,Unknown,GP,Video/Online,1 Day,191
2021-03,Unknown,GP,Video/Online,15  to 21 Days,72
2021-03,Unknown,GP,Video/Online,2 to 7 Days,206
2021-03,Unknown,GP,Video/Online,22  to 28 Days,31
2021-03,Unknown,GP,Video/Online,8  to 14 Days,144
2021-03,Unknown,GP,Video/Online,More than 28 Days,67
2021-03,Unknown,GP,Video/Online,Same Day,786
2021-03,Unknown,GP,Video/Online,Unknown / Data Quality,2
2021-03,Unknown,Other Practice staff,Face-to-Face,1 Day,25871
2021-03,Unknown,Other Practice staff,Face-to-Face,15  to 21 Days,38703
2021-03,Unknown,Other Practice staff,Face-to-Face,2 to 7 Days,106693
2021-03,Unknown,Other Practice staff,Face-to-Face,22  to 28 Days,28423
2021-03,Unknown,Other Practice staff,Face-to-Face,8  to 14 Days,75241
2021-03,Unknown,Other Practice staff,Face-to-Face,More than 28 Days,50997
2021-03,Unknown,Other Practice staff,Face-to-Face,Same Day,61973
2021-03,Unknown,Other Practice staff,Face-to-Face,Unknown / Data Quality,1331
2021-03,Unknown,Other Practice staff,Home Visit,1 Day,2028
2021-03,Unknown,Other Practice staff,Home Visit,15  to 21 Days,534
2021-03,Unknown,Other Practice staff,Home Visit,2 to 7 Days,3786
2021-03,Unknown,Other Practice staff,Home Visit,22  to 28 Days,342
2021-03,Unknown,Other Practice staff,Home Visit,8  to 14 Days,1404
2021-03,Unknown,Other Practice staff,Home Visit,More than 28 Days,446
2021-03,Unknown,Other Practice staff,Home Visit,Same Day,6035
2021-03,Unknown,Other Practice staff,Home Visit,Unknown / Data Quality,60
2021-03,Unknown,Other Practice staff,Telephone,1 Day,10643
2021-03,Unknown,Other Practice staff,Telephone,15  to 21 Days,7818
2021-03,Unknown,Other Practice staff,Telephone,2 to 7 Days,27902
2021-03,Unknown,Other Practice staff,Telephone,22  to 28 Days,5299
2021-03,Unknown,Other Practice staff,Telephone,8  to 14 Days,15935
2021-03,Unknown,Other Practice staff,Telephone,More than 28 Days,5635
2021-03,Unknown,Other Practice staff,Telephone,Same Day,29719
2021-03,Unknown,Other Practice staff,Telephone,Unknown / Data Quality,487
2021-03,Unknown,Other Practice staff,Unknown,1 Day,2316
2021-03,Unknown,Other Practice staff,Unknown,15  to 21 Days,3513
2021-03,Unknown,Other Practice staff,Unknown,2 to 7 Days,8452
2021-03,Unknown,Other Practice staff,Unknown,22  to 28 Days,1866
2021-03,Unknown,Other Practice staff,Unknown,8  to 14 Days,6732
2021-03,Unknown,Other Practice staff,Unknown,More than 28 Days,2318
2021-03,Unknown,Other Practice staff,Unknown,Same Day,2360
2021-03,Unknown,Other Practice staff,Unknown,Unknown / Data Quality,3
2021-03,Unknown,Other Practice staff,Video/Online,1 Day,65
2021-03,Unknown,Other Practice staff,Video/Online,15  to 21 Days,142
2021-03,Unknown,Other Practice staff,Video/Online,2 to 7 Days,233
2021-03,Unknown,Other Practice staff,Video/Online,22  to 28 Days,50
2021-03,Unknown,Other Practice staff,Video/Online,8  to 14 Days,215
2021-03,Unknown,Other Practice staff,Video/Online,More than 28 Days,137
2021-03,Unknown,Other Practice staff,Video/Online,Same Day,73
2021-03,Unknown,Other Practice staff,Video/Online,Unknown / Data Quality,2
2021-03,Unknown,Unknown,Face-to-Face,1 Day,2729
2021-03,Unknown,Unknown,Face-to-Face,15  to 21 Days,349
2021-03,Unknown,Unknown,Face-to-Face,2 to 7 Days,6102
2021-03,Unknown,Unknown,Face-to-Face,22  to 28 Days,264
2021-03,Unknown,Unknown,Face-to-Face,8  to 14 Days,1513
2021-03,Unknown,Unknown,Face-to-Face,More than 28 Days,668
2021-03,Unknown,Unknown,Face-to-Face,Same Day,13667
2021-03,Unknown,Unknown,Face-to-Face,Unknown / Data Quality,234
2021-03,Unknown,Unknown,Home Visit,1 Day,1007
2021-03,Unknown,Unknown,Home Visit,15  to 21 Days,60
2021-03,Unknown,Unknown,Home Visit,2 to 7 Days,1144
2021-03,Unknown,Unknown,Home Visit,22  to 28 Days,42
2021-03,Unknown,Unknown,Home Visit,8  to 14 Days,197
2021-03,Unknown,Unknown,Home Visit,More than 28 Days,61
2021-03,Unknown,Unknown,Home Visit,Same Day,4208
2021-03,Unknown,Unknown,Home Visit,Unknown / Data Quality,11
2021-03,Unknown,Unknown,Telephone,1 Day,1216
2021-03,Unknown,Unknown,Telephone,15  to 21 Days,98
2021-03,Unknown,Unknown,Telephone,2 to 7 Days,916
2021-03,Unknown,Unknown,Telephone,22  to 28 Days,75
2021-03,Unknown,Unknown,Telephone,8  to 14 Days,228
2021-03,Unknown,Unknown,Telephone,More than 28 Days,136
2021-03,Unknown,Unknown,Telephone,Same Day,4970
2021-03,Unknown,Unknown,Telephone,Unknown / Data Quality,62
2021-03,Unknown,Unknown,Unknown,1 Day,1896
2021-03,Unknown,Unknown,Unknown,15  to 21 Days,2753
2021-03,Unknown,Unknown,Unknown,2 to 7 Days,6093
2021-03,Unknown,Unknown,Unknown,22  to 28 Days,2167
2021-03,Unknown,Unknown,Unknown,8  to 14 Days,4747
2021-03,Unknown,Unknown,Unknown,More than 28 Days,4815
2021-03,Unknown,Unknown,Unknown,Same Day,2326
2021-03,Unknown,Unknown,Unknown,Unknown / Data Quality,63
2021-03,Unknown,Unknown,Video/Online,2 to 7 Days,2
2021-03,Unknown,Unknown,Video/Online,22  to 28 Days,1
2021-03,Unknown,Unknown,Video/Online,Same Day,8
2021-04,Attended,GP,Face-to-Face,1 Day,559597
2021-04,Attended,GP,Face-to-Face,15  to 21 Days,155714
2021-04,Attended,GP,Face-to-Face,2 to 7 Days,951657
2021-04,Attended,GP,Face-to-Face,22  to 28 Days,74112
2021-04,Attended,GP,Face-to-Face,8  to 14 Days,384576
2021-04,Attended,GP,Face-to-Face,More than 28 Days,62632
2021-04,Attended,GP,Face-to-Face,Same Day,2724647
2021-04,Attended,GP,Face-to-Face,Unknown / Data Quality,1712
2021-04,Attended,GP,Home Visit,1 Day,6034
2021-04,Attended,GP,Home Visit,15  to 21 Days,272
2021-04,Attended,GP,Home Visit,2 to 7 Days,6269
2021-04,Attended,GP,Home Visit,22  to 28 Days,97
2021-04,Attended,GP,Home Visit,8  to 14 Days,930
2021-04,Attended,GP,Home Visit,More than 28 Days,306
2021-04,Attended,GP,Home Visit,Same Day,28396
2021-04,Attended,GP,Home Visit,Unknown / Data Quality,194
2021-04,Attended,GP,Telephone,1 Day,566871
2021-04,Attended,GP,Telephone,15  to 21 Days,249242
2021-04,Attended,GP,Telephone,2 to 7 Days,1068117
2021-04,Attended,GP,Telephone,22  to 28 Days,114245
2021-04,Attended,GP,Telephone,8  to 14 Days,572166
2021-04,Attended,GP,Telephone,More than 28 Days,41870
2021-04,Attended,GP,Telephone,Same Day,4054219
2021-04,Attended,GP,Telephone,Unknown / Data Quality,2049
2021-04,Attended,GP,Unknown,1 Day,16061
2021-04,Attended,GP,Unknown,15  to 21 Days,4658
2021-04,Attended,GP,Unknown,2 to 7 Days,26114
2021-04,Attended,GP,Unknown,22  to 28 Days,2525
2021-04,Attended,GP,Unknown,8  to 14 Days,14343
2021-04,Attended,GP,Unknown,More than 28 Days,1922
2021-04,Attended,GP,Unknown,Same Day,97076
2021-04,Attended,GP,Unknown,Unknown / Data Quality,23
2021-04,Attended,GP,Video/Online,1 Day,8660
2021-04,Attended,GP,Video/Online,15  to 21 Days,2137
2021-04,Attended,GP,Video/Online,2 to 7 Days,14508
2021-04,Attended,GP,Video/Online,22  to 28 Days,1213
2021-04,Attended,GP,Video/Online,8  to 14 Days,3710
2021-04,Attended,GP,Video/Online,More than 28 Days,367
2021-04,Attended,GP,Video/Online,Same Day,24412
2021-04,Attended,GP,Video/Online,Unknown / Data Quality,34
2021-04,Attended,Other Practice staff,Face-to-Face,1 Day,632508
2021-04,Attended,Other Practice staff,Face-to-Face,15  to 21 Days,589841
2021-04,Attended,Other Practice staff,Face-to-Face,2 to 7 Days,2000031
2021-04,Attended,Other Practice staff,Face-to-Face,22  to 28 Days,334697
2021-04,Attended,Other Practice staff,Face-to-Face,8  to 14 Days,1318565
2021-04,Attended,Other Practice staff,Face-to-Face,More than 28 Days,317870
2021-04,Attended,Other Practice staff,Face-to-Face,Same Day,1578187
2021-04,Attended,Other Practice staff,Face-to-Face,Unknown / Data Quality,1557
2021-04,Attended,Other Practice staff,Home Visit,1 Day,6802
2021-04,Attended,Other Practice staff,Home Visit,15  to 21 Days,1745
2021-04,Attended,Other Practice staff,Home Visit,2 to 7 Days,11610
2021-04,Attended,Other Practice staff,Home Visit,22  to 28 Days,1256
2021-04,Attended,Other Practice staff,Home Visit,8  to 14 Days,4325
2021-04,Attended,Other Practice staff,Home Visit,More than 28 Days,1258
2021-04,Attended,Other Practice staff,Home Visit,Same Day,21396
2021-04,Attended,Other Practice staff,Home Visit,Unknown / Data Quality,245
2021-04,Attended,Other Practice staff,Telephone,1 Day,249213
2021-04,Attended,Other Practice staff,Telephone,15  to 21 Days,101771
2021-04,Attended,Other Practice staff,Telephone,2 to 7 Days,442319
2021-04,Attended,Other Practice staff,Telephone,22  to 28 Days,58387
2021-04,Attended,Other Practice staff,Telephone,8  to 14 Days,213212
2021-04,Attended,Other Practice staff,Telephone,More than 28 Days,44035
2021-04,Attended,Other Practice staff,Telephone,Same Day,1356592
2021-04,Attended,Other Practice staff,Telephone,Unknown / Data Quality,783
2021-04,Attended,Other Practice staff,Unknown,1 Day,20259
2021-04,Attended,Other Practice staff,Unknown,15  to 21 Days,10796
2021-04,Attended,Other Practice staff,Unknown,2 to 7 Days,43645
2021-04,Attended,Other Practice staff,Unknown,22  to 28 Days,5672
2021-04,Attended,Other Practice staff,Unknown,8  to 14 Days,24977
2021-04,Attended,Other Practice staff,Unknown,More than 28 Days,5352
2021-04,Attended,Other Practice staff,Unknown,Same Day,66279
2021-04,Attended,Other Practice staff,Unknown,Unknown / Data Quality,345
2021-04,Attended,Other Practice staff,Video/Online,1 Day,7739
2021-04,Attended,Other Practice staff,Video/Online,15  to 21 Days,4552
2021-04,Attended,Other Practice staff,Video/Online,2 to 7 Days,13330
2021-04,Attended,Other Practice staff,Video/Online,22  to 28 Days,1639
2021-04,Attended,Other Practice staff,Video/Online,8  to 14 Days,8508
2021-04,Attended,Other Practice staff,Video/Online,More than 28 Days,1651
2021-04,Attended,Other Practice staff,Video/Online,Same Day,11302
2021-04,Attended,Other Practice staff,Video/Online,Unknown / Data Quality,19
2021-04,Attended,Unknown,Face-to-Face,1 Day,14403
2021-04,Attended,Unknown,Face-to-Face,15  to 21 Days,1863
2021-04,Attended,Unknown,Face-to-Face,2 to 7 Days,12269
2021-04,Attended,Unknown,Face-to-Face,22  to 28 Days,1521
2021-04,Attended,Unknown,Face-to-Face,8  to 14 Days,3376
2021-04,Attended,Unknown,Face-to-Face,More than 28 Days,712
2021-04,Attended,Unknown,Face-to-Face,Same Day,94686
2021-04,Attended,Unknown,Face-to-Face,Unknown / Data Quality,23
2021-04,Attended,Unknown,Home Visit,1 Day,2248
2021-04,Attended,Unknown,Home Visit,15  to 21 Days,47
2021-04,Attended,Unknown,Home Visit,2 to 7 Days,1496
2021-04,Attended,Unknown,Home Visit,22  to 28 Days,42
2021-04,Attended,Unknown,Home Visit,8  to 14 Days,153
2021-04,Attended,Unknown,Home Visit,More than 28 Days,30
2021-04,Attended,Unknown,Home Visit,Same Day,9580
2021-04,Attended,Unknown,Home Visit,Unknown / Data Quality,37
2021-04,Attended,Unknown,Telephone,1 Day,14480
2021-04,Attended,Unknown,Telephone,15  to 21 Days,1082
2021-04,Attended,Unknown,Telephone,2 to 7 Days,9637
2021-04,Attended,Unknown,Telephone,22  to 28 Days,509
2021-04,Attended,Unknown,Telephone,8  to 14 Days,2508
2021-04,Attended,Unknown,Telephone,More than 28 Days,288
2021-04,Attended,Unknown,Telephone,Same Day,108251
2021-04,Attended,Unknown,Telephone,Unknown / Data Quality,5
2021-04,Attended,Unknown,Unknown,1 Day,37129
2021-04,Attended,Unknown,Unknown,15  to 21 Days,13378
2021-04,Attended,Unknown,Unknown,2 to 7 Days,73932
2021-04,Attended,Unknown,Unknown,22  to 28 Days,6762
2021-04,Attended,Unknown,Unknown,8  to 14 Days,31937
2021-04,Attended,Unknown,Unknown,More than 28 Days,9013
2021-04,Attended,Unknown,Unknown,Same Day,245032
2021-04,Attended,Unknown,Unknown,Unknown / Data Quality,463
2021-04,Attended,Unknown,Video/Online,1 Day,9
2021-04,Attended,Unknown,Video/Online,2 to 7 Days,8
2021-04,Attended,Unknown,Video/Online,8  to 14 Days,1
2021-04,Attended,Unknown,Video/Online,Same Day,297
2021-04,DNA,GP,Face-to-Face,1 Day,18353
2021-04,DNA,GP,Face-to-Face,15  to 21 Days,9064
2021-04,DNA,GP,Face-to-Face,2 to 7 Days,48985
2021-04,DNA,GP,Face-to-Face,22  to 28 Days,4961
2021-04,DNA,GP,Face-to-Face,8  to 14 Days,25605
2021-04,DNA,GP,Face-to-Face,More than 28 Days,8200
2021-04,DNA,GP,Face-to-Face,Same Day,44043
2021-04,DNA,GP,Face-to-Face,Unknown / Data Quality,76
2021-04,DNA,GP,Home Visit,1 Day,200
2021-04,DNA,GP,Home Visit,15  to 21 Days,17
2021-04,DNA,GP,Home Visit,2 to 7 Days,254
2021-04,DNA,GP,Home Visit,22  to 28 Days,5
2021-04,DNA,GP,Home Visit,8  to 14 Days,72
2021-04,DNA,GP,Home Visit,More than 28 Days,2
2021-04,DNA,GP,Home Visit,Same Day,888
2021-04,DNA,GP,Home Visit,Unknown / Data Quality,4
2021-04,DNA,GP,Telephone,1 Day,10945
2021-04,DNA,GP,Telephone,15  to 21 Days,5509
2021-04,DNA,GP,Telephone,2 to 7 Days,21989
2021-04,DNA,GP,Telephone,22  to 28 Days,2666
2021-04,DNA,GP,Telephone,8  to 14 Days,12678
2021-04,DNA,GP,Telephone,More than 28 Days,955
2021-04,DNA,GP,Telephone,Same Day,47200
2021-04,DNA,GP,Telephone,Unknown / Data Quality,7
2021-04,DNA,GP,Unknown,1 Day,1001
2021-04,DNA,GP,Unknown,15  to 21 Days,254
2021-04,DNA,GP,Unknown,2 to 7 Days,1542
2021-04,DNA,GP,Unknown,22  to 28 Days,55
2021-04,DNA,GP,Unknown,8  to 14 Days,623
2021-04,DNA,GP,Unknown,More than 28 Days,81
2021-04,DNA,GP,Unknown,Same Day,3946
2021-04,DNA,GP,Unknown,Unknown / Data Quality,20
2021-04,DNA,GP,Video/Online,1 Day,123
2021-04,DNA,GP,Video/Online,15  to 21 Days,81
2021-04,DNA,GP,Video/Online,2 to 7 Days,547
2021-04,DNA,GP,Video/Online,22  to 28 Days,26
2021-04,DNA,GP,Video/Online,8  to 14 Days,83
2021-04,DNA,GP,Video/Online,More than 28 Days,38
2021-04,DNA,GP,Video/Online,Same Day,404
2021-04,DNA,Other Practice staff,Face-to-Face,1 Day,36968
2021-04,DNA,Other Practice staff,Face-to-Face,15  to 21 Days,58500
2021-04,DNA,Other Practice staff,Face-to-Face,2 to 7 Days,163556
2021-04,DNA,Other Practice staff,Face-to-Face,22  to 28 Days,33782
2021-04,DNA,Other Practice staff,Face-to-Face,8  to 14 Days,124728
2021-04,DNA,Other Practice staff,Face-to-Face,More than 28 Days,39607
2021-04,DNA,Other Practice staff,Face-to-Face,Same Day,45832
2021-04,DNA,Other Practice staff,Face-to-Face,Unknown / Data Quality,133
2021-04,DNA,Other Practice staff,Home Visit,1 Day,233
2021-04,DNA,Other Practice staff,Home Visit,15  to 21 Days,72
2021-04,DNA,Other Practice staff,Home Visit,2 to 7 Days,503
2021-04,DNA,Other Practice staff,Home Visit,22  to 28 Days,44
2021-04,DNA,Other Practice staff,Home Visit,8  to 14 Days,228
2021-04,DNA,Other Practice staff,Home Visit,More than 28 Days,137
2021-04,DNA,Other Practice staff,Home Visit,Same Day,723
2021-04,DNA,Other Practice staff,Telephone,1 Day,8472
2021-04,DNA,Other Practice staff,Telephone,15  to 21 Days,5321
2021-04,DNA,Other Practice staff,Telephone,2 to 7 Days,19218
2021-04,DNA,Other Practice staff,Telephone,22  to 28 Days,3121
2021-04,DNA,Other Practice staff,Telephone,8  to 14 Days,10129
2021-04,DNA,Other Practice staff,Telephone,More than 28 Days,2277
2021-04,DNA,Other Practice staff,Telephone,Same Day,24652
2021-04,DNA,Other Practice staff,Telephone,Unknown / Data Quality,19
2021-04,DNA,Other Practice staff,Unknown,1 Day,2565
2021-04,DNA,Other Practice staff,Unknown,15  to 21 Days,666
2021-04,DNA,Other Practice staff,Unknown,2 to 7 Days,4391
2021-04,DNA,Other Practice staff,Unknown,22  to 28 Days,374
2021-04,DNA,Other Practice staff,Unknown,8  to 14 Days,1325
2021-04,DNA,Other Practice staff,Unknown,More than 28 Days,426
2021-04,DNA,Other Practice staff,Unknown,Same Day,7166
2021-04,DNA,Other Practice staff,Unknown,Unknown / Data Quality,65
2021-04,DNA,Other Practice staff,Video/Online,1 Day,434
2021-04,DNA,Other Practice staff,Video/Online,15  to 21 Days,341
2021-04,DNA,Other Practice staff,Video/Online,2 to 7 Days,979
2021-04,DNA,Other Practice staff,Video/Online,22  to 28 Days,144
2021-04,DNA,Other Practice staff,Video/Online,8  to 14 Days,690
2021-04,DNA,Other Practice staff,Video/Online,More than 28 Days,140
2021-04,DNA,Other Practice staff,Video/Online,Same Day,347
2021-04,DNA,Unknown,Face-to-Face,1 Day,588
2021-04,DNA,Unknown,Face-to-Face,15  to 21 Days,166
2021-04,DNA,Unknown,Face-to-Face,2 to 7 Days,866
2021-04,DNA,Unknown,Face-to-Face,22  to 28 Days,58
2021-04,DNA,Unknown,Face-to-Face,8  to 14 Days,427
2021-04,DNA,Unknown,Face-to-Face,More than 28 Days,19
2021-04,DNA,Unknown,Face-to-Face,Same Day,979
2021-04,DNA,Unknown,Face-to-Face,Unknown / Data Quality,1
2021-04,DNA,Unknown,Home Visit,1 Day,559
2021-04,DNA,Unknown,Home Visit,15  to 21 Days,21
2021-04,DNA,Unknown,Home Visit,2 to 7 Days,383
2021-04,DNA,Unknown,Home Visit,22  to 28 Days,16
2021-04,DNA,Unknown,Home Visit,8  to 14 Days,41
2021-04,DNA,Unknown,Home Visit,More than 28 Days,53
2021-04,DNA,Unknown,Home Visit,Same Day,1306
2021-04,DNA,Unknown,Telephone,1 Day,637
2021-04,DNA,Unknown,Telephone,15  to 21 Days,27
2021-04,DNA,Unknown,Telephone,2 to 7 Days,425
2021-04,DNA,Unknown,Telephone,22  to 28 Days,29
2021-04,DNA,Unknown,Telephone,8  to 14 Days,84
2021-04,DNA,Unknown,Telephone,More than 28 Days,12
2021-04,DNA,Unknown,Telephone,Same Day,3571
2021-04,DNA,Unknown,Unknown,1 Day,981
2021-04,DNA,Unknown,Unknown,15  to 21 Days,801
2021-04,DNA,Unknown,Unknown,2 to 7 Days,3454
2021-04,DNA,Unknown,Unknown,22  to 28 Days,432
2021-04,DNA,Unknown,Unknown,8  to 14 Days,1769
2021-04,DNA,Unknown,Unknown,More than 28 Days,961
2021-04,DNA,Unknown,Unknown,Same Day,1753
2021-04,DNA,Unknown,Video/Online,Same Day,24
2021-04,Unknown,GP,Face-to-Face,1 Day,17510
2021-04,Unknown,GP,Face-to-Face,15  to 21 Days,10773
2021-04,Unknown,GP,Face-to-Face,2 to 7 Days,42337
2021-04,Unknown,GP,Face-to-Face,22  to 28 Days,6751
2021-04,Unknown,GP,Face-to-Face,8  to 14 Days,22207
2021-04,Unknown,GP,Face-to-Face,More than 28 Days,15768
2021-04,Unknown,GP,Face-to-Face,Same Day,53697
2021-04,Unknown,GP,Face-to-Face,Unknown / Data Quality,428
2021-04,Unknown,GP,Home Visit,1 Day,2039
2021-04,Unknown,GP,Home Visit,15  to 21 Days,169
2021-04,Unknown,GP,Home Visit,2 to 7 Days,2222
2021-04,Unknown,GP,Home Visit,22  to 28 Days,71
2021-04,Unknown,GP,Home Visit,8  to 14 Days,476
2021-04,Unknown,GP,Home Visit,More than 28 Days,293
2021-04,Unknown,GP,Home Visit,Same Day,7371
2021-04,Unknown,GP,Home Visit,Unknown / Data Quality,79
2021-04,Unknown,GP,Telephone,1 Day,14068
2021-04,Unknown,GP,Telephone,15  to 21 Days,11703
2021-04,Unknown,GP,Telephone,2 to 7 Days,28655
2021-04,Unknown,GP,Telephone,22  to 28 Days,6767
2021-04,Unknown,GP,Telephone,8  to 14 Days,19900
2021-04,Unknown,GP,Telephone,More than 28 Days,5532
2021-04,Unknown,GP,Telephone,Same Day,63540
2021-04,Unknown,GP,Telephone,Unknown / Data Quality,1420
2021-04,Unknown,GP,Unknown,1 Day,982
2021-04,Unknown,GP,Unknown,15  to 21 Days,1239
2021-04,Unknown,GP,Unknown,2 to 7 Days,2849
2021-04,Unknown,GP,Unknown,22  to 28 Days,625
2021-04,Unknown,GP,Unknown,8  to 14 Days,2278
2021-04,Unknown,GP,Unknown,More than 28 Days,700
2021-04,Unknown,GP,Unknown,Same Day,2068
2021-04,Unknown,GP,Unknown,Unknown / Data Quality,35
2021-04,Unknown,GP,Video/Online,1 Day,183
2021-04,Unknown,GP,Video/Online,15  to 21 Days,118
2021-04,Unknown,GP,Video/Online,2 to 7 Days,244
2021-04,Unknown,GP,Video/Online,22  to 28 Days,53
2021-04,Unknown,GP,Video/Online,8  to 14 Days,130
2021-04,Unknown,GP,Video/Online,More than 28 Days,39
2021-04,Unknown,GP,Video/Online,Same Day,691
2021-04,Unknown,Other Practice staff,Face-to-Face,1 Day,23580
2021-04,Unknown,Other Practice staff,Face-to-Face,15  to 21 Days,39480
2021-04,Unknown,Other Practice staff,Face-to-Face,2 to 7 Days,99300
2021-04,Unknown,Other Practice staff,Face-to-Face,22  to 28 Days,27040
2021-04,Unknown,Other Practice staff,Face-to-Face,8  to 14 Days,73364
2021-04,Unknown,Other Practice staff,Face-to-Face,More than 28 Days,60538
2021-04,Unknown,Other Practice staff,Face-to-Face,Same Day,55958
2021-04,Unknown,Other Practice staff,Face-to-Face,Unknown / Data Quality,748
2021-04,Unknown,Other Practice staff,Home Visit,1 Day,2778
2021-04,Unknown,Other Practice staff,Home Visit,15  to 21 Days,888
2021-04,Unknown,Other Practice staff,Home Visit,2 to 7 Days,4670
2021-04,Unknown,Other Practice staff,Home Visit,22  to 28 Days,549
2021-04,Unknown,Other Practice staff,Home Visit,8  to 14 Days,2114
2021-04,Unknown,Other Practice staff,Home Visit,More than 28 Days,1148
2021-04,Unknown,Other Practice staff,Home Visit,Same Day,5342
2021-04,Unknown,Other Practice staff,Home Visit,Unknown / Data Quality,152
2021-04,Unknown,Other Practice staff,Telephone,1 Day,8395
2021-04,Unknown,Other Practice staff,Telephone,15  to 21 Days,7798
2021-04,Unknown,Other Practice staff,Telephone,2 to 7 Days,22473
2021-04,Unknown,Other Practice staff,Telephone,22  to 28 Days,5160
2021-04,Unknown,Other Practice staff,Telephone,8  to 14 Days,14109
2021-04,Unknown,Other Practice staff,Telephone,More than 28 Days,6741
2021-04,Unknown,Other Practice staff,Telephone,Same Day,26468
2021-04,Unknown,Other Practice staff,Telephone,Unknown / Data Quality,323
2021-04,Unknown,Other Practice staff,Unknown,1 Day,1793
2021-04,Unknown,Other Practice staff,Unknown,15  to 21 Days,3004
2021-04,Unknown,Other Practice staff,Unknown,2 to 7 Days,9837
2021-04,Unknown,Other Practice staff,Unknown,22  to 28 Days,1938
2021-04,Unknown,Other Practice staff,Unknown,8  to 14 Days,6633
2021-04,Unknown,Other Practice staff,Unknown,More than 28 Days,3583
2021-04,Unknown,Other Practice staff,Unknown,Same Day,1857
2021-04,Unknown,Other Practice staff,Video/Online,1 Day,59
2021-04,Unknown,Other Practice staff,Video/Online,15  to 21 Days,122
2021-04,Unknown,Other Practice staff,Video/Online,2 to 7 Days,235
2021-04,Unknown,Other Practice staff,Video/Online,22  to 28 Days,78
2021-04,Unknown,Other Practice staff,Video/Online,8  to 14 Days,217
2021-04,Unknown,Other Practice staff,Video/Online,More than 28 Days,114
2021-04,Unknown,Other Practice staff,Video/Online,Same Day,46
2021-04,Unknown,Other Practice staff,Video/Online,Unknown / Data Quality,1
2021-04,Unknown,Unknown,Face-to-Face,1 Day,2071
2021-04,Unknown,Unknown,Face-to-Face,15  to 21 Days,1042
2021-04,Unknown,Unknown,Face-to-Face,2 to 7 Days,4422
2021-04,Unknown,Unknown,Face-to-Face,22  to 28 Days,345
2021-04,Unknown,Unknown,Face-to-Face,8  to 14 Days,2718
2021-04,Unknown,Unknown,Face-to-Face,More than 28 Days,884
2021-04,Unknown,Unknown,Face-to-Face,Same Day,11871
2021-04,Unknown,Unknown,Face-to-Face,Unknown / Data Quality,101
2021-04,Unknown,Unknown,Home Visit,1 Day,1061
2021-04,Unknown,Unknown,Home Visit,15  to 21 Days,47
2021-04,Unknown,Unknown,Home Visit,2 to 7 Days,1348
2021-04,Unknown,Unknown,Home Visit,22  to 28 Days,41
2021-04,Unknown,Unknown,Home Visit,8  to 14 Days,271
2021-04,Unknown,Unknown,Home Visit,More than 28 Days,180
2021-04,Unknown,Unknown,Home Visit,Same Day,3775
2021-04,Unknown,Unknown,Home Visit,Unknown / Data Quality,21
2021-04,Unknown,Unknown,Telephone,1 Day,1150
2021-04,Unknown,Unknown,Telephone,15  to 21 Days,119
2021-04,Unknown,Unknown,Telephone,2 to 7 Days,1157
2021-04,Unknown,Unknown,Telephone,22  to 28 Days,122
2021-04,Unknown,Unknown,Telephone,8  to 14 Days,285
2021-04,Unknown,Unknown,Telephone,More than 28 Days,140
2021-04,Unknown,Unknown,Telephone,Same Day,4469
2021-04,Unknown,Unknown,Telephone,Unknown / Data Quality,40
2021-04,Unknown,Unknown,Unknown,1 Day,1200
2021-04,Unknown,Unknown,Unknown,15  to 21 Days,2411
2021-04,Unknown,Unknown,Unknown,2 to 7 Days,5592
2021-04,Unknown,Unknown,Unknown,22  to 28 Days,1961
2021-04,Unknown,Unknown,Unknown,8  to 14 Days,4131
2021-04,Unknown,Unknown,Unknown,More than 28 Days,7889
2021-04,Unknown,Unknown,Unknown,Same Day,1942
2021-04,Unknown,Unknown,Unknown,Unknown / Data Quality,55
2021-04,Unknown,Unknown,Video/Online,2 to 7 Days,1
2021-04,Unknown,Unknown,Video/Online,Same Day,16
2021-05,Attended,GP,Face-to-Face,1 Day,547729
2021-05,Attended,GP,Face-to-Face,15  to 21 Days,166176
2021-05,Attended,GP,Face-to-Face,2 to 7 Days,1005928
2021-05,Attended,GP,Face-to-Face,22  to 28 Days,76791
2021-05,Attended,GP,Face-to-Face,8  to 14 Days,415112
2021-05,Attended,GP,Face-to-Face,More than 28 Days,53610
2021-05,Attended,GP,Face-to-Face,Same Day,2742102
2021-05,Attended,GP,Face-to-Face,Unknown / Data Quality,1796
2021-05,Attended,GP,Home Visit,1 Day,6016
2021-05,Attended,GP,Home Visit,15  to 21 Days,261
2021-05,Attended,GP,Home Visit,2 to 7 Days,6305
2021-05,Attended,GP,Home Visit,22  to 28 Days,134
2021-05,Attended,GP,Home Visit,8  to 14 Days,987
2021-05,Attended,GP,Home Visit,More than 28 Days,171
2021-05,Attended,GP,Home Visit,Same Day,29888
2021-05,Attended,GP,Home Visit,Unknown / Data Quality,194
2021-05,Attended,GP,Telephone,1 Day,539743
2021-05,Attended,GP,Telephone,15  to 21 Days,266170
2021-05,Attended,GP,Telephone,2 to 7 Days,1086763
2021-05,Attended,GP,Telephone,22  to 28 Days,112970
2021-05,Attended,GP,Telephone,8  to 14 Days,590578
2021-05,Attended,GP,Telephone,More than 28 Days,34153
2021-05,Attended,GP,Telephone,Same Day,3868742
2021-05,Attended,GP,Telephone,Unknown / Data Quality,3306
2021-05,Attended,GP,Unknown,1 Day,12415
2021-05,Attended,GP,Unknown,15  to 21 Days,3347
2021-05,Attended,GP,Unknown,2 to 7 Days,21991
2021-05,Attended,GP,Unknown,22  to 28 Days,1680
2021-05,Attended,GP,Unknown,8  to 14 Days,11063
2021-05,Attended,GP,Unknown,More than 28 Days,697
2021-05,Attended,GP,Unknown,Same Day,74876
2021-05,Attended,GP,Unknown,Unknown / Data Quality,11
2021-05,Attended,GP,Video/Online,1 Day,9001
2021-05,Attended,GP,Video/Online,15  to 21 Days,1983
2021-05,Attended,GP,Video/Online,2 to 7 Days,14198
2021-05,Attended,GP,Video/Online,22  to 28 Days,1400
2021-05,Attended,GP,Video/Online,8  to 14 Days,3575
2021-05,Attended,GP,Video/Online,More than 28 Days,442
2021-05,Attended,GP,Video/Online,Same Day,22947
2021-05,Attended,GP,Video/Online,Unknown / Data Quality,14
2021-05,Attended,Other Practice staff,Face-to-Face,1 Day,594451
2021-05,Attended,Other Practice staff,Face-to-Face,15  to 21 Days,576492
2021-05,Attended,Other Practice staff,Face-to-Face,2 to 7 Days,2020699
2021-05,Attended,Other Practice staff,Face-to-Face,22  to 28 Days,313370
2021-05,Attended,Other Practice staff,Face-to-Face,8  to 14 Days,1390611
2021-05,Attended,Other Practice staff,Face-to-Face,More than 28 Days,267389
2021-05,Attended,Other Practice staff,Face-to-Face,Same Day,1553908
2021-05,Attended,Other Practice staff,Face-to-Face,Unknown / Data Quality,2367
2021-05,Attended,Other Practice staff,Home Visit,1 Day,6549
2021-05,Attended,Other Practice staff,Home Visit,15  to 21 Days,1588
2021-05,Attended,Other Practice staff,Home Visit,2 to 7 Days,11287
2021-05,Attended,Other Practice staff,Home Visit,22  to 28 Days,930
2021-05,Attended,Other Practice staff,Home Visit,8  to 14 Days,4259
2021-05,Attended,Other Practice staff,Home Visit,More than 28 Days,950
2021-05,Attended,Other Practice staff,Home Visit,Same Day,21045
2021-05,Attended,Other Practice staff,Home Visit,Unknown / Data Quality,329
2021-05,Attended,Other Practice staff,Telephone,1 Day,230900
2021-05,Attended,Other Practice staff,Telephone,15  to 21 Days,101511
2021-05,Attended,Other Practice staff,Telephone,2 to 7 Days,447892
2021-05,Attended,Other Practice staff,Telephone,22  to 28 Days,54499
2021-05,Attended,Other Practice staff,Telephone,8  to 14 Days,218887
2021-05,Attended,Other Practice staff,Telephone,More than 28 Days,32217
2021-05,Attended,Other Practice staff,Telephone,Same Day,1290886
2021-05,Attended,Other Practice staff,Telephone,Unknown / Data Quality,1538
2021-05,Attended,Other Practice staff,Unknown,1 Day,16781
2021-05,Attended,Other Practice staff,Unknown,15  to 21 Days,8962
2021-05,Attended,Other Practice staff,Unknown,2 to 7 Days,37253
2021-05,Attended,Other Practice staff,Unknown,22  to 28 Days,3699
2021-05,Attended,Other Practice staff,Unknown,8  to 14 Days,21551
2021-05,Attended,Other Practice staff,Unknown,More than 28 Days,2320
2021-05,Attended,Other Practice staff,Unknown,Same Day,57831
2021-05,Attended,Other Practice staff,Unknown,Unknown / Data Quality,452
2021-05,Attended,Other Practice staff,Video/Online,1 Day,6760
2021-05,Attended,Other Practice staff,Video/Online,15  to 21 Days,3414
2021-05,Attended,Other Practice staff,Video/Online,2 to 7 Days,14388
2021-05,Attended,Other Practice staff,Video/Online,22  to 28 Days,1499
2021-05,Attended,Other Practice staff,Video/Online,8  to 14 Days,8573
2021-05,Attended,Other Practice staff,Video/Online,More than 28 Days,1268
2021-05,Attended,Other Practice staff,Video/Online,Same Day,10972
2021-05,Attended,Other Practice staff,Video/Online,Unknown / Data Quality,41
2021-05,Attended,Unknown,Face-to-Face,1 Day,14056
2021-05,Attended,Unknown,Face-to-Face,15  to 21 Days,1984
2021-05,Attended,Unknown,Face-to-Face,2 to 7 Days,12597
2021-05,Attended,Unknown,Face-to-Face,22  to 28 Days,1216
2021-05,Attended,Unknown,Face-to-Face,8  to 14 Days,4075
2021-05,Attended,Unknown,Face-to-Face,More than 28 Days,728
2021-05,Attended,Unknown,Face-to-Face,Same Day,90361
2021-05,Attended,Unknown,Face-to-Face,Unknown / Data Quality,44
2021-05,Attended,Unknown,Home Visit,1 Day,2139
2021-05,Attended,Unknown,Home Visit,15  to 21 Days,47
2021-05,Attended,Unknown,Home Visit,2 to 7 Days,1457
2021-05,Attended,Unknown,Home Visit,22  to 28 Days,37
2021-05,Attended,Unknown,Home Visit,8  to 14 Days,232
2021-05,Attended,Unknown,Home Visit,More than 28 Days,28
2021-05,Attended,Unknown,Home Visit,Same Day,9614
2021-05,Attended,Unknown,Home Visit,Unknown / Data Quality,32
2021-05,Attended,Unknown,Telephone,1 Day,14093
2021-05,Attended,Unknown,Telephone,15  to 21 Days,1053
2021-05,Attended,Unknown,Telephone,2 to 7 Days,10375
2021-05,Attended,Unknown,Telephone,22  to 28 Days,571
2021-05,Attended,Unknown,Telephone,8  to 14 Days,2184
2021-05,Attended,Unknown,Telephone,More than 28 Days,307
2021-05,Attended,Unknown,Telephone,Same Day,105824
2021-05,Attended,Unknown,Telephone,Unknown / Data Quality,21
2021-05,Attended,Unknown,Unknown,1 Day,36011
2021-05,Attended,Unknown,Unknown,15  to 21 Days,12725
2021-05,Attended,Unknown,Unknown,2 to 7 Days,77028
2021-05,Attended,Unknown,Unknown,22  to 28 Days,6117
2021-05,Attended,Unknown,Unknown,8  to 14 Days,33655
2021-05,Attended,Unknown,Unknown,More than 28 Days,8995
2021-05,Attended,Unknown,Unknown,Same Day,241751
2021-05,Attended,Unknown,Unknown,Unknown / Data Quality,255
2021-05,Attended,Unknown,Video/Online,1 Day,20
2021-05,Attended,Unknown,Video/Online,2 to 7 Days,6
2021-05,Attended,Unknown,Video/Online,Same Day,229
2021-05,DNA,GP,Face-to-Face,1 Day,17305
2021-05,DNA,GP,Face-to-Face,15  to 21 Days,9988
2021-05,DNA,GP,Face-to-Face,2 to 7 Days,45027
2021-05,DNA,GP,Face-to-Face,22  to 28 Days,4782
2021-05,DNA,GP,Face-to-Face,8  to 14 Days,24100
2021-05,DNA,GP,Face-to-Face,More than 28 Days,7360
2021-05,DNA,GP,Face-to-Face,Same Day,44353
2021-05,DNA,GP,Face-to-Face,Unknown / Data Quality,84
2021-05,DNA,GP,Home Visit,1 Day,373
2021-05,DNA,GP,Home Visit,15  to 21 Days,16
2021-05,DNA,GP,Home Visit,2 to 7 Days,355
2021-05,DNA,GP,Home Visit,22  to 28 Days,11
2021-05,DNA,GP,Home Visit,8  to 14 Days,83
2021-05,DNA,GP,Home Visit,More than 28 Days,7
2021-05,DNA,GP,Home Visit,Same Day,1013
2021-05,DNA,GP,Home Visit,Unknown / Data Quality,4
2021-05,DNA,GP,Telephone,1 Day,11159
2021-05,DNA,GP,Telephone,15  to 21 Days,6331
2021-05,DNA,GP,Telephone,2 to 7 Days,22872
2021-05,DNA,GP,Telephone,22  to 28 Days,2751
2021-05,DNA,GP,Telephone,8  to 14 Days,13383
2021-05,DNA,GP,Telephone,More than 28 Days,784
2021-05,DNA,GP,Telephone,Same Day,45129
2021-05,DNA,GP,Telephone,Unknown / Data Quality,6
2021-05,DNA,GP,Unknown,1 Day,1026
2021-05,DNA,GP,Unknown,15  to 21 Days,132
2021-05,DNA,GP,Unknown,2 to 7 Days,1050
2021-05,DNA,GP,Unknown,22  to 28 Days,54
2021-05,DNA,GP,Unknown,8  to 14 Days,246
2021-05,DNA,GP,Unknown,More than 28 Days,32
2021-05,DNA,GP,Unknown,Same Day,4086
2021-05,DNA,GP,Unknown,Unknown / Data Quality,11
2021-05,DNA,GP,Video/Online,1 Day,144
2021-05,DNA,GP,Video/Online,15  to 21 Days,73
2021-05,DNA,GP,Video/Online,2 to 7 Days,629
2021-05,DNA,GP,Video/Online,22  to 28 Days,36
2021-05,DNA,GP,Video/Online,8  to 14 Days,80
2021-05,DNA,GP,Video/Online,More than 28 Days,42
2021-05,DNA,GP,Video/Online,Same Day,382
2021-05,DNA,Other Practice staff,Face-to-Face,1 Day,34151
2021-05,DNA,Other Practice staff,Face-to-Face,15  to 21 Days,58843
2021-05,DNA,Other Practice staff,Face-to-Face,2 to 7 Days,166244
2021-05,DNA,Other Practice staff,Face-to-Face,22  to 28 Days,32013
2021-05,DNA,Other Practice staff,Face-to-Face,8  to 14 Days,132750
2021-05,DNA,Other Practice staff,Face-to-Face,More than 28 Days,32461
2021-05,DNA,Other Practice staff,Face-to-Face,Same Day,43658
2021-05,DNA,Other Practice staff,Face-to-Face,Unknown / Data Quality,209
2021-05,DNA,Other Practice staff,Home Visit,1 Day,202
2021-05,DNA,Other Practice staff,Home Visit,15  to 21 Days,53
2021-05,DNA,Other Practice staff,Home Visit,2 to 7 Days,406
2021-05,DNA,Other Practice staff,Home Visit,22  to 28 Days,39
2021-05,DNA,Other Practice staff,Home Visit,8  to 14 Days,236
2021-05,DNA,Other Practice staff,Home Visit,More than 28 Days,29
2021-05,DNA,Other Practice staff,Home Visit,Same Day,515
2021-05,DNA,Other Practice staff,Home Visit,Unknown / Data Quality,1
2021-05,DNA,Other Practice staff,Telephone,1 Day,8041
2021-05,DNA,Other Practice staff,Telephone,15  to 21 Days,5056
2021-05,DNA,Other Practice staff,Telephone,2 to 7 Days,20096
2021-05,DNA,Other Practice staff,Telephone,22  to 28 Days,2814
2021-05,DNA,Other Practice staff,Telephone,8  to 14 Days,10878
2021-05,DNA,Other Practice staff,Telephone,More than 28 Days,1762
2021-05,DNA,Other Practice staff,Telephone,Same Day,23404
2021-05,DNA,Other Practice staff,Telephone,Unknown / Data Quality,22
2021-05,DNA,Other Practice staff,Unknown,1 Day,2170
2021-05,DNA,Other Practice staff,Unknown,15  to 21 Days,544
2021-05,DNA,Other Practice staff,Unknown,2 to 7 Days,3606
2021-05,DNA,Other Practice staff,Unknown,22  to 28 Days,233
2021-05,DNA,Other Practice staff,Unknown,8  to 14 Days,1229
2021-05,DNA,Other Practice staff,Unknown,More than 28 Days,314
2021-05,DNA,Other Practice staff,Unknown,Same Day,5633
2021-05,DNA,Other Practice staff,Unknown,Unknown / Data Quality,85
2021-05,DNA,Other Practice staff,Video/Online,1 Day,391
2021-05,DNA,Other Practice staff,Video/Online,15  to 21 Days,260
2021-05,DNA,Other Practice staff,Video/Online,2 to 7 Days,1107
2021-05,DNA,Other Practice staff,Video/Online,22  to 28 Days,116
2021-05,DNA,Other Practice staff,Video/Online,8  to 14 Days,713
2021-05,DNA,Other Practice staff,Video/Online,More than 28 Days,107
2021-05,DNA,Other Practice staff,Video/Online,Same Day,375
2021-05,DNA,Unknown,Face-to-Face,1 Day,566
2021-05,DNA,Unknown,Face-to-Face,15  to 21 Days,140
2021-05,DNA,Unknown,Face-to-Face,2 to 7 Days,1011
2021-05,DNA,Unknown,Face-to-Face,22  to 28 Days,63
2021-05,DNA,Unknown,Face-to-Face,8  to 14 Days,365
2021-05,DNA,Unknown,Face-to-Face,More than 28 Days,24
2021-05,DNA,Unknown,Face-to-Face,Same Day,1032
2021-05,DNA,Unknown,Face-to-Face,Unknown / Data Quality,1
2021-05,DNA,Unknown,Home Visit,1 Day,508
2021-05,DNA,Unknown,Home Visit,15  to 21 Days,22
2021-05,DNA,Unknown,Home Visit,2 to 7 Days,388
2021-05,DNA,Unknown,Home Visit,22  to 28 Days,17
2021-05,DNA,Unknown,Home Visit,8  to 14 Days,63
2021-05,DNA,Unknown,Home Visit,More than 28 Days,85
2021-05,DNA,Unknown,Home Visit,Same Day,1504
2021-05,DNA,Unknown,Home Visit,Unknown / Data Quality,10
2021-05,DNA,Unknown,Telephone,1 Day,604
2021-05,DNA,Unknown,Telephone,15  to 21 Days,33
2021-05,DNA,Unknown,Telephone,2 to 7 Days,416
2021-05,DNA,Unknown,Telephone,22  to 28 Days,21
2021-05,DNA,Unknown,Telephone,8  to 14 Days,90
2021-05,DNA,Unknown,Telephone,More than 28 Days,7
2021-05,DNA,Unknown,Telephone,Same Day,3247
2021-05,DNA,Unknown,Unknown,1 Day,844
2021-05,DNA,Unknown,Unknown,15  to 21 Days,882
2021-05,DNA,Unknown,Unknown,2 to 7 Days,3336
2021-05,DNA,Unknown,Unknown,22  to 28 Days,484
2021-05,DNA,Unknown,Unknown,8  to 14 Days,2021
2021-05,DNA,Unknown,Unknown,More than 28 Days,756
2021-05,DNA,Unknown,Unknown,Same Day,1474
2021-05,DNA,Unknown,Unknown,Unknown / Data Quality,1
2021-05,DNA,Unknown,Video/Online,1 Day,1
2021-05,DNA,Unknown,Video/Online,2 to 7 Days,1
2021-05,DNA,Unknown,Video/Online,Same Day,7
2021-05,Unknown,GP,Face-to-Face,1 Day,15503
2021-05,Unknown,GP,Face-to-Face,15  to 21 Days,11300
2021-05,Unknown,GP,Face-to-Face,2 to 7 Days,35120
2021-05,Unknown,GP,Face-to-Face,22  to 28 Days,7346
2021-05,Unknown,GP,Face-to-Face,8  to 14 Days,21809
2021-05,Unknown,GP,Face-to-Face,More than 28 Days,10994
2021-05,Unknown,GP,Face-to-Face,Same Day,51469
2021-05,Unknown,GP,Face-to-Face,Unknown / Data Quality,851
2021-05,Unknown,GP,Home Visit,1 Day,1826
2021-05,Unknown,GP,Home Visit,15  to 21 Days,128
2021-05,Unknown,GP,Home Visit,2 to 7 Days,1937
2021-05,Unknown,GP,Home Visit,22  to 28 Days,61
2021-05,Unknown,GP,Home Visit,8  to 14 Days,394
2021-05,Unknown,GP,Home Visit,More than 28 Days,88
2021-05,Unknown,GP,Home Visit,Same Day,6903
2021-05,Unknown,GP,Home Visit,Unknown / Data Quality,117
2021-05,Unknown,GP,Telephone,1 Day,13784
2021-05,Unknown,GP,Telephone,15  to 21 Days,10536
2021-05,Unknown,GP,Telephone,2 to 7 Days,24741
2021-05,Unknown,GP,Telephone,22  to 28 Days,7170
2021-05,Unknown,GP,Telephone,8  to 14 Days,16206
2021-05,Unknown,GP,Telephone,More than 28 Days,5243
2021-05,Unknown,GP,Telephone,Same Day,61232
2021-05,Unknown,GP,Telephone,Unknown / Data Quality,2271
2021-05,Unknown,GP,Unknown,1 Day,899
2021-05,Unknown,GP,Unknown,15  to 21 Days,1598
2021-05,Unknown,GP,Unknown,2 to 7 Days,2288
2021-05,Unknown,GP,Unknown,22  to 28 Days,1286
2021-05,Unknown,GP,Unknown,8  to 14 Days,2239
2021-05,Unknown,GP,Unknown,More than 28 Days,1118
2021-05,Unknown,GP,Unknown,Same Day,1780
2021-05,Unknown,GP,Unknown,Unknown / Data Quality,1
2021-05,Unknown,GP,Video/Online,1 Day,252
2021-05,Unknown,GP,Video/Online,15  to 21 Days,53
2021-05,Unknown,GP,Video/Online,2 to 7 Days,217
2021-05,Unknown,GP,Video/Online,22  to 28 Days,61
2021-05,Unknown,GP,Video/Online,8  to 14 Days,103
2021-05,Unknown,GP,Video/Online,More than 28 Days,85
2021-05,Unknown,GP,Video/Online,Same Day,611
2021-05,Unknown,GP,Video/Online,Unknown / Data Quality,2
2021-05,Unknown,Other Practice staff,Face-to-Face,1 Day,23682
2021-05,Unknown,Other Practice staff,Face-to-Face,15  to 21 Days,35126
2021-05,Unknown,Other Practice staff,Face-to-Face,2 to 7 Days,85329
2021-05,Unknown,Other Practice staff,Face-to-Face,22  to 28 Days,27444
2021-05,Unknown,Other Practice staff,Face-to-Face,8  to 14 Days,67228
2021-05,Unknown,Other Practice staff,Face-to-Face,More than 28 Days,48675
2021-05,Unknown,Other Practice staff,Face-to-Face,Same Day,54228
2021-05,Unknown,Other Practice staff,Face-to-Face,Unknown / Data Quality,508
2021-05,Unknown,Other Practice staff,Home Visit,1 Day,1992
2021-05,Unknown,Other Practice staff,Home Visit,15  to 21 Days,548
2021-05,Unknown,Other Practice staff,Home Visit,2 to 7 Days,2976
2021-05,Unknown,Other Practice staff,Home Visit,22  to 28 Days,342
2021-05,Unknown,Other Practice staff,Home Visit,8  to 14 Days,1358
2021-05,Unknown,Other Practice staff,Home Visit,More than 28 Days,550
2021-05,Unknown,Other Practice staff,Home Visit,Same Day,5394
2021-05,Unknown,Other Practice staff,Home Visit,Unknown / Data Quality,94
2021-05,Unknown,Other Practice staff,Telephone,1 Day,8354
2021-05,Unknown,Other Practice staff,Telephone,15  to 21 Days,6825
2021-05,Unknown,Other Practice staff,Telephone,2 to 7 Days,20363
2021-05,Unknown,Other Practice staff,Telephone,22  to 28 Days,4828
2021-05,Unknown,Other Practice staff,Telephone,8  to 14 Days,12337
2021-05,Unknown,Other Practice staff,Telephone,More than 28 Days,5117
2021-05,Unknown,Other Practice staff,Telephone,Same Day,24186
2021-05,Unknown,Other Practice staff,Telephone,Unknown / Data Quality,501
2021-05,Unknown,Other Practice staff,Unknown,1 Day,1878
2021-05,Unknown,Other Practice staff,Unknown,15  to 21 Days,4015
2021-05,Unknown,Other Practice staff,Unknown,2 to 7 Days,7680
2021-05,Unknown,Other Practice staff,Unknown,22  to 28 Days,2855
2021-05,Unknown,Other Practice staff,Unknown,8  to 14 Days,6635
2021-05,Unknown,Other Practice staff,Unknown,More than 28 Days,3640
2021-05,Unknown,Other Practice staff,Unknown,Same Day,1788
2021-05,Unknown,Other Practice staff,Video/Online,1 Day,80
2021-05,Unknown,Other Practice staff,Video/Online,15  to 21 Days,172
2021-05,Unknown,Other Practice staff,Video/Online,2 to 7 Days,274
2021-05,Unknown,Other Practice staff,Video/Online,22  to 28 Days,88
2021-05,Unknown,Other Practice staff,Video/Online,8  to 14 Days,250
2021-05,Unknown,Other Practice staff,Video/Online,More than 28 Days,134
2021-05,Unknown,Other Practice staff,Video/Online,Same Day,116
2021-05,Unknown,Other Practice staff,Video/Online,Unknown / Data Quality,1
2021-05,Unknown,Unknown,Face-to-Face,1 Day,2067
2021-05,Unknown,Unknown,Face-to-Face,15  to 21 Days,352
2021-05,Unknown,Unknown,Face-to-Face,2 to 7 Days,3345
2021-05,Unknown,Unknown,Face-to-Face,22  to 28 Days,278
2021-05,Unknown,Unknown,Face-to-Face,8  to 14 Days,2403
2021-05,Unknown,Unknown,Face-to-Face,More than 28 Days,598
2021-05,Unknown,Unknown,Face-to-Face,Same Day,11548
2021-05,Unknown,Unknown,Face-to-Face,Unknown / Data Quality,144
2021-05,Unknown,Unknown,Home Visit,1 Day,1011
2021-05,Unknown,Unknown,Home Visit,15  to 21 Days,50
2021-05,Unknown,Unknown,Home Visit,2 to 7 Days,964
2021-05,Unknown,Unknown,Home Visit,22  to 28 Days,52
2021-05,Unknown,Unknown,Home Visit,8  to 14 Days,181
2021-05,Unknown,Unknown,Home Visit,More than 28 Days,55
2021-05,Unknown,Unknown,Home Visit,Same Day,3773
2021-05,Unknown,Unknown,Home Visit,Unknown / Data Quality,59
2021-05,Unknown,Unknown,Telephone,1 Day,1099
2021-05,Unknown,Unknown,Telephone,15  to 21 Days,100
2021-05,Unknown,Unknown,Telephone,2 to 7 Days,979
2021-05,Unknown,Unknown,Telephone,22  to 28 Days,43
2021-05,Unknown,Unknown,Telephone,8  to 14 Days,235
2021-05,Unknown,Unknown,Telephone,More than 28 Days,117
2021-05,Unknown,Unknown,Telephone,Same Day,4017
2021-05,Unknown,Unknown,Telephone,Unknown / Data Quality,106
2021-05,Unknown,Unknown,Unknown,1 Day,1430
2021-05,Unknown,Unknown,Unknown,15  to 21 Days,3221
2021-05,Unknown,Unknown,Unknown,2 to 7 Days,5325
2021-05,Unknown,Unknown,Unknown,22  to 28 Days,2072
2021-05,Unknown,Unknown,Unknown,8  to 14 Days,4627
2021-05,Unknown,Unknown,Unknown,More than 28 Days,7426
2021-05,Unknown,Unknown,Unknown,Same Day,2257
2021-05,Unknown,Unknown,Unknown,Unknown / Data Quality,28
2021-05,Unknown,Unknown,Video/Online,2 to 7 Days,4
2021-05,Unknown,Unknown,Video/Online,Same Day,6
2021-05,Unknown,Unknown,Video/Online,Unknown / Data Quality,4
2021-06,Attended,GP,Face-to-Face,1 Day,605463
2021-06,Attended,GP,Face-to-Face,15  to 21 Days,217492
2021-06,Attended,GP,Face-to-Face,2 to 7 Days,1102155
2021-06,Attended,GP,Face-to-Face,22  to 28 Days,105318
2021-06,Attended,GP,Face-to-Face,8  to 14 Days,473571
2021-06,Attended,GP,Face-to-Face,More than 28 Days,71453
2021-06,Attended,GP,Face-to-Face,Same Day,3250803
2021-06,Attended,GP,Face-to-Face,Unknown / Data Quality,1828
2021-06,Attended,GP,Home Visit,1 Day,7124
2021-06,Attended,GP,Home Visit,15  to 21 Days,310
2021-06,Attended,GP,Home Visit,2 to 7 Days,7064
2021-06,Attended,GP,Home Visit,22  to 28 Days,161
2021-06,Attended,GP,Home Visit,8  to 14 Days,1080
2021-06,Attended,GP,Home Visit,More than 28 Days,223
2021-06,Attended,GP,Home Visit,Same Day,35204
2021-06,Attended,GP,Home Visit,Unknown / Data Quality,323
2021-06,Attended,GP,Telephone,1 Day,578462
2021-06,Attended,GP,Telephone,15  to 21 Days,308473
2021-06,Attended,GP,Telephone,2 to 7 Days,1167666
2021-06,Attended,GP,Telephone,22  to 28 Days,150658
2021-06,Attended,GP,Telephone,8  to 14 Days,622778
2021-06,Attended,GP,Telephone,More than 28 Days,54464
2021-06,Attended,GP,Telephone,Same Day,4413108
2021-06,Attended,GP,Telephone,Unknown / Data Quality,2184
2021-06,Attended,GP,Unknown,1 Day,12591
2021-06,Attended,GP,Unknown,15  to 21 Days,4011
2021-06,Attended,GP,Unknown,2 to 7 Days,22837
2021-06,Attended,GP,Unknown,22  to 28 Days,2237
2021-06,Attended,GP,Unknown,8  to 14 Days,11834
2021-06,Attended,GP,Unknown,More than 28 Days,1227
2021-06,Attended,GP,Unknown,Same Day,84188
2021-06,Attended,GP,Unknown,Unknown / Data Quality,43
2021-06,Attended,GP,Video/Online,1 Day,9863
2021-06,Attended,GP,Video/Online,15  to 21 Days,2004
2021-06,Attended,GP,Video/Online,2 to 7 Days,16585
2021-06,Attended,GP,Video/Online,22  to 28 Days,1602
2021-06,Attended,GP,Video/Online,8  to 14 Days,4024
2021-06,Attended,GP,Video/Online,More than 28 Days,655
2021-06,Attended,GP,Video/Online,Same Day,26540
2021-06,Attended,GP,Video/Online,Unknown / Data Quality,45
2021-06,Attended,Other Practice staff,Face-to-Face,1 Day,658426
2021-06,Attended,Other Practice staff,Face-to-Face,15  to 21 Days,740578
2021-06,Attended,Other Practice staff,Face-to-Face,2 to 7 Days,2163295
2021-06,Attended,Other Practice staff,Face-to-Face,22  to 28 Days,411847
2021-06,Attended,Other Practice staff,Face-to-Face,8  to 14 Days,1555217
2021-06,Attended,Other Practice staff,Face-to-Face,More than 28 Days,340238
2021-06,Attended,Other Practice staff,Face-to-Face,Same Day,1848893
2021-06,Attended,Other Practice staff,Face-to-Face,Unknown / Data Quality,2103
2021-06,Attended,Other Practice staff,Home Visit,1 Day,7069
2021-06,Attended,Other Practice staff,Home Visit,15  to 21 Days,1885
2021-06,Attended,Other Practice staff,Home Visit,2 to 7 Days,11799
2021-06,Attended,Other Practice staff,Home Visit,22  to 28 Days,1201
2021-06,Attended,Other Practice staff,Home Visit,8  to 14 Days,4727
2021-06,Attended,Other Practice staff,Home Visit,More than 28 Days,1136
2021-06,Attended,Other Practice staff,Home Visit,Same Day,25009
2021-06,Attended,Other Practice staff,Home Visit,Unknown / Data Quality,361
2021-06,Attended,Other Practice staff,Telephone,1 Day,256311
2021-06,Attended,Other Practice staff,Telephone,15  to 21 Days,123171
2021-06,Attended,Other Practice staff,Telephone,2 to 7 Days,475526
2021-06,Attended,Other Practice staff,Telephone,22  to 28 Days,69832
2021-06,Attended,Other Practice staff,Telephone,8  to 14 Days,240242
2021-06,Attended,Other Practice staff,Telephone,More than 28 Days,42735
2021-06,Attended,Other Practice staff,Telephone,Same Day,1462995
2021-06,Attended,Other Practice staff,Telephone,Unknown / Data Quality,1020
2021-06,Attended,Other Practice staff,Unknown,1 Day,17615
2021-06,Attended,Other Practice staff,Unknown,15  to 21 Days,9484
2021-06,Attended,Other Practice staff,Unknown,2 to 7 Days,38374
2021-06,Attended,Other Practice staff,Unknown,22  to 28 Days,5271
2021-06,Attended,Other Practice staff,Unknown,8  to 14 Days,22292
2021-06,Attended,Other Practice staff,Unknown,More than 28 Days,2888
2021-06,Attended,Other Practice staff,Unknown,Same Day,61179
2021-06,Attended,Other Practice staff,Unknown,Unknown / Data Quality,608
2021-06,Attended,Other Practice staff,Video/Online,1 Day,8316
2021-06,Attended,Other Practice staff,Video/Online,15  to 21 Days,4630
2021-06,Attended,Other Practice staff,Video/Online,2 to 7 Days,13877
2021-06,Attended,Other Practice staff,Video/Online,22  to 28 Days,2071
2021-06,Attended,Other Practice staff,Video/Online,8  to 14 Days,10940
2021-06,Attended,Other Practice staff,Video/Online,More than 28 Days,1683
2021-06,Attended,Other Practice staff,Video/Online,Same Day,13354
2021-06,Attended,Other Practice staff,Video/Online,Unknown / Data Quality,77
2021-06,Attended,Unknown,Face-to-Face,1 Day,15266
2021-06,Attended,Unknown,Face-to-Face,15  to 21 Days,2663
2021-06,Attended,Unknown,Face-to-Face,2 to 7 Days,13666
2021-06,Attended,Unknown,Face-to-Face,22  to 28 Days,1020
2021-06,Attended,Unknown,Face-to-Face,8  to 14 Days,4652
2021-06,Attended,Unknown,Face-to-Face,More than 28 Days,794
2021-06,Attended,Unknown,Face-to-Face,Same Day,102044
2021-06,Attended,Unknown,Face-to-Face,Unknown / Data Quality,35
2021-06,Attended,Unknown,Home Visit,1 Day,2212
2021-06,Attended,Unknown,Home Visit,15  to 21 Days,160
2021-06,Attended,Unknown,Home Visit,2 to 7 Days,1658
2021-06,Attended,Unknown,Home Visit,22  to 28 Days,58
2021-06,Attended,Unknown,Home Visit,8  to 14 Days,332
2021-06,Attended,Unknown,Home Visit,More than 28 Days,32
2021-06,Attended,Unknown,Home Visit,Same Day,10853
2021-06,Attended,Unknown,Home Visit,Unknown / Data Quality,42
2021-06,Attended,Unknown,Telephone,1 Day,14170
2021-06,Attended,Unknown,Telephone,15  to 21 Days,1198
2021-06,Attended,Unknown,Telephone,2 to 7 Days,11206
2021-06,Attended,Unknown,Telephone,22  to 28 Days,534
2021-06,Attended,Unknown,Telephone,8  to 14 Days,2788
2021-06,Attended,Unknown,Telephone,More than 28 Days,369
2021-06,Attended,Unknown,Telephone,Same Day,123227
2021-06,Attended,Unknown,Telephone,Unknown / Data Quality,17
2021-06,Attended,Unknown,Unknown,1 Day,37013
2021-06,Attended,Unknown,Unknown,15  to 21 Days,16445
2021-06,Attended,Unknown,Unknown,2 to 7 Days,77851
2021-06,Attended,Unknown,Unknown,22  to 28 Days,8192
2021-06,Attended,Unknown,Unknown,8  to 14 Days,38753
2021-06,Attended,Unknown,Unknown,More than 28 Days,11771
2021-06,Attended,Unknown,Unknown,Same Day,276490
2021-06,Attended,Unknown,Unknown,Unknown / Data Quality,327
2021-06,Attended,Unknown,Video/Online,1 Day,44
2021-06,Attended,Unknown,Video/Online,2 to 7 Days,9
2021-06,Attended,Unknown,Video/Online,8  to 14 Days,15
2021-06,Attended,Unknown,Video/Online,Same Day,531
2021-06,DNA,GP,Face-to-Face,1 Day,18491
2021-06,DNA,GP,Face-to-Face,15  to 21 Days,12724
2021-06,DNA,GP,Face-to-Face,2 to 7 Days,47520
2021-06,DNA,GP,Face-to-Face,22  to 28 Days,7154
2021-06,DNA,GP,Face-to-Face,8  to 14 Days,26355
2021-06,DNA,GP,Face-to-Face,More than 28 Days,10272
2021-06,DNA,GP,Face-to-Face,Same Day,52496
2021-06,DNA,GP,Face-to-Face,Unknown / Data Quality,134
2021-06,DNA,GP,Home Visit,1 Day,446
2021-06,DNA,GP,Home Visit,15  to 21 Days,39
2021-06,DNA,GP,Home Visit,2 to 7 Days,289
2021-06,DNA,GP,Home Visit,22  to 28 Days,16
2021-06,DNA,GP,Home Visit,8  to 14 Days,80
2021-06,DNA,GP,Home Visit,More than 28 Days,20
2021-06,DNA,GP,Home Visit,Same Day,1323
2021-06,DNA,GP,Home Visit,Unknown / Data Quality,13
2021-06,DNA,GP,Telephone,1 Day,12075
2021-06,DNA,GP,Telephone,15  to 21 Days,7666
2021-06,DNA,GP,Telephone,2 to 7 Days,25672
2021-06,DNA,GP,Telephone,22  to 28 Days,3689
2021-06,DNA,GP,Telephone,8  to 14 Days,15663
2021-06,DNA,GP,Telephone,More than 28 Days,1329
2021-06,DNA,GP,Telephone,Same Day,52444
2021-06,DNA,GP,Telephone,Unknown / Data Quality,12
2021-06,DNA,GP,Unknown,1 Day,898
2021-06,DNA,GP,Unknown,15  to 21 Days,133
2021-06,DNA,GP,Unknown,2 to 7 Days,971
2021-06,DNA,GP,Unknown,22  to 28 Days,108
2021-06,DNA,GP,Unknown,8  to 14 Days,238
2021-06,DNA,GP,Unknown,More than 28 Days,74
2021-06,DNA,GP,Unknown,Same Day,4236
2021-06,DNA,GP,Unknown,Unknown / Data Quality,10
2021-06,DNA,GP,Video/Online,1 Day,176
2021-06,DNA,GP,Video/Online,15  to 21 Days,68
2021-06,DNA,GP,Video/Online,2 to 7 Days,730
2021-06,DNA,GP,Video/Online,22  to 28 Days,67
2021-06,DNA,GP,Video/Online,8  to 14 Days,127
2021-06,DNA,GP,Video/Online,More than 28 Days,57
2021-06,DNA,GP,Video/Online,Same Day,474
2021-06,DNA,Other Practice staff,Face-to-Face,1 Day,36482
2021-06,DNA,Other Practice staff,Face-to-Face,15  to 21 Days,81158
2021-06,DNA,Other Practice staff,Face-to-Face,2 to 7 Days,175089
2021-06,DNA,Other Practice staff,Face-to-Face,22  to 28 Days,46077
2021-06,DNA,Other Practice staff,Face-to-Face,8  to 14 Days,158030
2021-06,DNA,Other Practice staff,Face-to-Face,More than 28 Days,44237
2021-06,DNA,Other Practice staff,Face-to-Face,Same Day,50977
2021-06,DNA,Other Practice staff,Face-to-Face,Unknown / Data Quality,133
2021-06,DNA,Other Practice staff,Home Visit,1 Day,275
2021-06,DNA,Other Practice staff,Home Visit,15  to 21 Days,81
2021-06,DNA,Other Practice staff,Home Visit,2 to 7 Days,467
2021-06,DNA,Other Practice staff,Home Visit,22  to 28 Days,44
2021-06,DNA,Other Practice staff,Home Visit,8  to 14 Days,174
2021-06,DNA,Other Practice staff,Home Visit,More than 28 Days,68
2021-06,DNA,Other Practice staff,Home Visit,Same Day,763
2021-06,DNA,Other Practice staff,Home Visit,Unknown / Data Quality,11
2021-06,DNA,Other Practice staff,Telephone,1 Day,9727
2021-06,DNA,Other Practice staff,Telephone,15  to 21 Days,6407
2021-06,DNA,Other Practice staff,Telephone,2 to 7 Days,23032
2021-06,DNA,Other Practice staff,Telephone,22  to 28 Days,3809
2021-06,DNA,Other Practice staff,Telephone,8  to 14 Days,12798
2021-06,DNA,Other Practice staff,Telephone,More than 28 Days,2398
2021-06,DNA,Other Practice staff,Telephone,Same Day,27635
2021-06,DNA,Other Practice staff,Telephone,Unknown / Data Quality,39
2021-06,DNA,Other Practice staff,Unknown,1 Day,1857
2021-06,DNA,Other Practice staff,Unknown,15  to 21 Days,568
2021-06,DNA,Other Practice staff,Unknown,2 to 7 Days,3194
2021-06,DNA,Other Practice staff,Unknown,22  to 28 Days,269
2021-06,DNA,Other Practice staff,Unknown,8  to 14 Days,1430
2021-06,DNA,Other Practice staff,Unknown,More than 28 Days,373
2021-06,DNA,Other Practice staff,Unknown,Same Day,5411
2021-06,DNA,Other Practice staff,Unknown,Unknown / Data Quality,101
2021-06,DNA,Other Practice staff,Video/Online,1 Day,542
2021-06,DNA,Other Practice staff,Video/Online,15  to 21 Days,409
2021-06,DNA,Other Practice staff,Video/Online,2 to 7 Days,994
2021-06,DNA,Other Practice staff,Video/Online,22  to 28 Days,163
2021-06,DNA,Other Practice staff,Video/Online,8  to 14 Days,954
2021-06,DNA,Other Practice staff,Video/Online,More than 28 Days,212
2021-06,DNA,Other Practice staff,Video/Online,Same Day,417
2021-06,DNA,Unknown,Face-to-Face,1 Day,612
2021-06,DNA,Unknown,Face-to-Face,15  to 21 Days,265
2021-06,DNA,Unknown,Face-to-Face,2 to 7 Days,1155
2021-06,DNA,Unknown,Face-to-Face,22  to 28 Days,92
2021-06,DNA,Unknown,Face-to-Face,8  to 14 Days,441
2021-06,DNA,Unknown,Face-to-Face,More than 28 Days,53
2021-06,DNA,Unknown,Face-to-Face,Same Day,1201
2021-06,DNA,Unknown,Face-to-Face,Unknown / Data Quality,1
2021-06,DNA,Unknown,Home Visit,1 Day,573
2021-06,DNA,Unknown,Home Visit,15  to 21 Days,22
2021-06,DNA,Unknown,Home Visit,2 to 7 Days,404
2021-06,DNA,Unknown,Home Visit,22  to 28 Days,12
2021-06,DNA,Unknown,Home Visit,8  to 14 Days,97
2021-06,DNA,Unknown,Home Visit,More than 28 Days,30
2021-06,DNA,Unknown,Home Visit,Same Day,1789
2021-06,DNA,Unknown,Telephone,1 Day,569
2021-06,DNA,Unknown,Telephone,15  to 21 Days,60
2021-06,DNA,Unknown,Telephone,2 to 7 Days,537
2021-06,DNA,Unknown,Telephone,22  to 28 Days,24
2021-06,DNA,Unknown,Telephone,8  to 14 Days,130
2021-06,DNA,Unknown,Telephone,More than 28 Days,14
2021-06,DNA,Unknown,Telephone,Same Day,3966
2021-06,DNA,Unknown,Telephone,Unknown / Data Quality,2
2021-06,DNA,Unknown,Unknown,1 Day,1025
2021-06,DNA,Unknown,Unknown,15  to 21 Days,1209
2021-06,DNA,Unknown,Unknown,2 to 7 Days,3527
2021-06,DNA,Unknown,Unknown,22  to 28 Days,603
2021-06,DNA,Unknown,Unknown,8  to 14 Days,2518
2021-06,DNA,Unknown,Unknown,More than 28 Days,3609
2021-06,DNA,Unknown,Unknown,Same Day,1714
2021-06,DNA,Unknown,Unknown,Unknown / Data Quality,4
2021-06,Unknown,GP,Face-to-Face,1 Day,17122
2021-06,Unknown,GP,Face-to-Face,15  to 21 Days,12846
2021-06,Unknown,GP,Face-to-Face,2 to 7 Days,39152
2021-06,Unknown,GP,Face-to-Face,22  to 28 Days,8355
2021-06,Unknown,GP,Face-to-Face,8  to 14 Days,22239
2021-06,Unknown,GP,Face-to-Face,More than 28 Days,13462
2021-06,Unknown,GP,Face-to-Face,Same Day,62857
2021-06,Unknown,GP,Face-to-Face,Unknown / Data Quality,658
2021-06,Unknown,GP,Home Visit,1 Day,1943
2021-06,Unknown,GP,Home Visit,15  to 21 Days,127
2021-06,Unknown,GP,Home Visit,2 to 7 Days,1892
2021-06,Unknown,GP,Home Visit,22  to 28 Days,100
2021-06,Unknown,GP,Home Visit,8  to 14 Days,390
2021-06,Unknown,GP,Home Visit,More than 28 Days,101
2021-06,Unknown,GP,Home Visit,Same Day,7984
2021-06,Unknown,GP,Home Visit,Unknown / Data Quality,64
2021-06,Unknown,GP,Telephone,1 Day,15337
2021-06,Unknown,GP,Telephone,15  to 21 Days,11177
2021-06,Unknown,GP,Telephone,2 to 7 Days,30675
2021-06,Unknown,GP,Telephone,22  to 28 Days,7046
2021-06,Unknown,GP,Telephone,8  to 14 Days,19959
2021-06,Unknown,GP,Telephone,More than 28 Days,5891
2021-06,Unknown,GP,Telephone,Same Day,69258
2021-06,Unknown,GP,Telephone,Unknown / Data Quality,3123
2021-06,Unknown,GP,Unknown,1 Day,903
2021-06,Unknown,GP,Unknown,15  to 21 Days,1017
2021-06,Unknown,GP,Unknown,2 to 7 Days,2378
2021-06,Unknown,GP,Unknown,22  to 28 Days,694
2021-06,Unknown,GP,Unknown,8  to 14 Days,1974
2021-06,Unknown,GP,Unknown,More than 28 Days,1580
2021-06,Unknown,GP,Unknown,Same Day,2343
2021-06,Unknown,GP,Unknown,Unknown / Data Quality,4
2021-06,Unknown,GP,Video/Online,1 Day,307
2021-06,Unknown,GP,Video/Online,15  to 21 Days,68
2021-06,Unknown,GP,Video/Online,2 to 7 Days,323
2021-06,Unknown,GP,Video/Online,22  to 28 Days,63
2021-06,Unknown,GP,Video/Online,8  to 14 Days,142
2021-06,Unknown,GP,Video/Online,More than 28 Days,75
2021-06,Unknown,GP,Video/Online,Same Day,777
2021-06,Unknown,GP,Video/Online,Unknown / Data Quality,1
2021-06,Unknown,Other Practice staff,Face-to-Face,1 Day,19938
2021-06,Unknown,Other Practice staff,Face-to-Face,15  to 21 Days,43527
2021-06,Unknown,Other Practice staff,Face-to-Face,2 to 7 Days,80250
2021-06,Unknown,Other Practice staff,Face-to-Face,22  to 28 Days,28051
2021-06,Unknown,Other Practice staff,Face-to-Face,8  to 14 Days,71975
2021-06,Unknown,Other Practice staff,Face-to-Face,More than 28 Days,58034
2021-06,Unknown,Other Practice staff,Face-to-Face,Same Day,63953
2021-06,Unknown,Other Practice staff,Face-to-Face,Unknown / Data Quality,950
2021-06,Unknown,Other Practice staff,Home Visit,1 Day,2272
2021-06,Unknown,Other Practice staff,Home Visit,15  to 21 Days,506
2021-06,Unknown,Other Practice staff,Home Visit,2 to 7 Days,3065
2021-06,Unknown,Other Practice staff,Home Visit,22  to 28 Days,254
2021-06,Unknown,Other Practice staff,Home Visit,8  to 14 Days,1166
2021-06,Unknown,Other Practice staff,Home Visit,More than 28 Days,552
2021-06,Unknown,Other Practice staff,Home Visit,Same Day,5968
2021-06,Unknown,Other Practice staff,Home Visit,Unknown / Data Quality,140
2021-06,Unknown,Other Practice staff,Telephone,1 Day,9113
2021-06,Unknown,Other Practice staff,Telephone,15  to 21 Days,8073
2021-06,Unknown,Other Practice staff,Telephone,2 to 7 Days,22945
2021-06,Unknown,Other Practice staff,Telephone,22  to 28 Days,5036
2021-06,Unknown,Other Practice staff,Telephone,8  to 14 Days,14832
2021-06,Unknown,Other Practice staff,Telephone,More than 28 Days,6471
2021-06,Unknown,Other Practice staff,Telephone,Same Day,31505
2021-06,Unknown,Other Practice staff,Telephone,Unknown / Data Quality,836
2021-06,Unknown,Other Practice staff,Unknown,1 Day,1669
2021-06,Unknown,Other Practice staff,Unknown,15  to 21 Days,3593
2021-06,Unknown,Other Practice staff,Unknown,2 to 7 Days,7790
2021-06,Unknown,Other Practice staff,Unknown,22  to 28 Days,2417
2021-06,Unknown,Other Practice staff,Unknown,8  to 14 Days,6494
2021-06,Unknown,Other Practice staff,Unknown,More than 28 Days,3176
2021-06,Unknown,Other Practice staff,Unknown,Same Day,1925
2021-06,Unknown,Other Practice staff,Unknown,Unknown / Data Quality,1
2021-06,Unknown,Other Practice staff,Video/Online,1 Day,56
2021-06,Unknown,Other Practice staff,Video/Online,15  to 21 Days,177
2021-06,Unknown,Other Practice staff,Video/Online,2 to 7 Days,295
2021-06,Unknown,Other Practice staff,Video/Online,22  to 28 Days,106
2021-06,Unknown,Other Practice staff,Video/Online,8  to 14 Days,363
2021-06,Unknown,Other Practice staff,Video/Online,More than 28 Days,183
2021-06,Unknown,Other Practice staff,Video/Online,Same Day,119
2021-06,Unknown,Other Practice staff,Video/Online,Unknown / Data Quality,2
2021-06,Unknown,Unknown,Face-to-Face,1 Day,2178
2021-06,Unknown,Unknown,Face-to-Face,15  to 21 Days,550
2021-06,Unknown,Unknown,Face-to-Face,2 to 7 Days,3545
2021-06,Unknown,Unknown,Face-to-Face,22  to 28 Days,307
2021-06,Unknown,Unknown,Face-to-Face,8  to 14 Days,1016
2021-06,Unknown,Unknown,Face-to-Face,More than 28 Days,682
2021-06,Unknown,Unknown,Face-to-Face,Same Day,15754
2021-06,Unknown,Unknown,Face-to-Face,Unknown / Data Quality,75
2021-06,Unknown,Unknown,Home Visit,1 Day,1115
2021-06,Unknown,Unknown,Home Visit,15  to 21 Days,94
2021-06,Unknown,Unknown,Home Visit,2 to 7 Days,1030
2021-06,Unknown,Unknown,Home Visit,22  to 28 Days,81
2021-06,Unknown,Unknown,Home Visit,8  to 14 Days,250
2021-06,Unknown,Unknown,Home Visit,More than 28 Days,41
2021-06,Unknown,Unknown,Home Visit,Same Day,4213
2021-06,Unknown,Unknown,Home Visit,Unknown / Data Quality,16
2021-06,Unknown,Unknown,Telephone,1 Day,1148
2021-06,Unknown,Unknown,Telephone,15  to 21 Days,136
2021-06,Unknown,Unknown,Telephone,2 to 7 Days,1352
2021-06,Unknown,Unknown,Telephone,22  to 28 Days,82
2021-06,Unknown,Unknown,Telephone,8  to 14 Days,274
2021-06,Unknown,Unknown,Telephone,More than 28 Days,152
2021-06,Unknown,Unknown,Telephone,Same Day,5269
2021-06,Unknown,Unknown,Telephone,Unknown / Data Quality,92
2021-06,Unknown,Unknown,Unknown,1 Day,1153
2021-06,Unknown,Unknown,Unknown,15  to 21 Days,3210
2021-06,Unknown,Unknown,Unknown,2 to 7 Days,4730
2021-06,Unknown,Unknown,Unknown,22  to 28 Days,2444
2021-06,Unknown,Unknown,Unknown,8  to 14 Days,4896
2021-06,Unknown,Unknown,Unknown,More than 28 Days,5603
2021-06,Unknown,Unknown,Unknown,Same Day,2239
2021-06,Unknown,Unknown,Unknown,Unknown / Data Quality,26
2021-07,Attended,GP,Face-to-Face,1 Day,586701
2021-07,Attended,GP,Face-to-Face,15  to 21 Days,205406
2021-07,Attended,GP,Face-to-Face,2 to 7 Days,1055257
2021-07,Attended,GP,Face-to-Face,22  to 28 Days,101708
2021-07,Attended,GP,Face-to-Face,8  to 14 Days,448356
2021-07,Attended,GP,Face-to-Face,More than 28 Days,62331
2021-07,Attended,GP,Face-to-Face,Same Day,3117232
2021-07,Attended,GP,Face-to-Face,Unknown / Data Quality,2752
2021-07,Attended,GP,Home Visit,1 Day,7635
2021-07,Attended,GP,Home Visit,15  to 21 Days,320
2021-07,Attended,GP,Home Visit,2 to 7 Days,7076
2021-07,Attended,GP,Home Visit,22  to 28 Days,140
2021-07,Attended,GP,Home Visit,8  to 14 Days,1061
2021-07,Attended,GP,Home Visit,More than 28 Days,111
2021-07,Attended,GP,Home Visit,Same Day,35402
2021-07,Attended,GP,Home Visit,Unknown / Data Quality,519
2021-07,Attended,GP,Telephone,1 Day,553646
2021-07,Attended,GP,Telephone,15  to 21 Days,281684
2021-07,Attended,GP,Telephone,2 to 7 Days,1116195
2021-07,Attended,GP,Telephone,22  to 28 Days,134363
2021-07,Attended,GP,Telephone,8  to 14 Days,577592
2021-07,Attended,GP,Telephone,More than 28 Days,48728
2021-07,Attended,GP,Telephone,Same Day,4144796
2021-07,Attended,GP,Telephone,Unknown / Data Quality,1958
2021-07,Attended,GP,Unknown,1 Day,12416
2021-07,Attended,GP,Unknown,15  to 21 Days,4043
2021-07,Attended,GP,Unknown,2 to 7 Days,21743
2021-07,Attended,GP,Unknown,22  to 28 Days,1631
2021-07,Attended,GP,Unknown,8  to 14 Days,10489
2021-07,Attended,GP,Unknown,More than 28 Days,1011
2021-07,Attended,GP,Unknown,Same Day,77470
2021-07,Attended,GP,Unknown,Unknown / Data Quality,31
2021-07,Attended,GP,Video/Online,1 Day,11446
2021-07,Attended,GP,Video/Online,15  to 21 Days,1763
2021-07,Attended,GP,Video/Online,2 to 7 Days,13309
2021-07,Attended,GP,Video/Online,22  to 28 Days,1331
2021-07,Attended,GP,Video/Online,8  to 14 Days,3355
2021-07,Attended,GP,Video/Online,More than 28 Days,627
2021-07,Attended,GP,Video/Online,Same Day,25428
2021-07,Attended,GP,Video/Online,Unknown / Data Quality,15
2021-07,Attended,Other Practice staff,Face-to-Face,1 Day,666259
2021-07,Attended,Other Practice staff,Face-to-Face,15  to 21 Days,693030
2021-07,Attended,Other Practice staff,Face-to-Face,2 to 7 Days,2137242
2021-07,Attended,Other Practice staff,Face-to-Face,22  to 28 Days,396900
2021-07,Attended,Other Practice staff,Face-to-Face,8  to 14 Days,1477102
2021-07,Attended,Other Practice staff,Face-to-Face,More than 28 Days,315907
2021-07,Attended,Other Practice staff,Face-to-Face,Same Day,1836445
2021-07,Attended,Other Practice staff,Face-to-Face,Unknown / Data Quality,2515
2021-07,Attended,Other Practice staff,Home Visit,1 Day,6980
2021-07,Attended,Other Practice staff,Home Visit,15  to 21 Days,1796
2021-07,Attended,Other Practice staff,Home Visit,2 to 7 Days,11192
2021-07,Attended,Other Practice staff,Home Visit,22  to 28 Days,1173
2021-07,Attended,Other Practice staff,Home Visit,8  to 14 Days,4619
2021-07,Attended,Other Practice staff,Home Visit,More than 28 Days,1248
2021-07,Attended,Other Practice staff,Home Visit,Same Day,24683
2021-07,Attended,Other Practice staff,Home Visit,Unknown / Data Quality,407
2021-07,Attended,Other Practice staff,Telephone,1 Day,253676
2021-07,Attended,Other Practice staff,Telephone,15  to 21 Days,115710
2021-07,Attended,Other Practice staff,Telephone,2 to 7 Days,460567
2021-07,Attended,Other Practice staff,Telephone,22  to 28 Days,67774
2021-07,Attended,Other Practice staff,Telephone,8  to 14 Days,230504
2021-07,Attended,Other Practice staff,Telephone,More than 28 Days,43824
2021-07,Attended,Other Practice staff,Telephone,Same Day,1400705
2021-07,Attended,Other Practice staff,Telephone,Unknown / Data Quality,1518
2021-07,Attended,Other Practice staff,Unknown,1 Day,15876
2021-07,Attended,Other Practice staff,Unknown,15  to 21 Days,8033
2021-07,Attended,Other Practice staff,Unknown,2 to 7 Days,36770
2021-07,Attended,Other Practice staff,Unknown,22  to 28 Days,4475
2021-07,Attended,Other Practice staff,Unknown,8  to 14 Days,18654
2021-07,Attended,Other Practice staff,Unknown,More than 28 Days,3049
2021-07,Attended,Other Practice staff,Unknown,Same Day,53620
2021-07,Attended,Other Practice staff,Unknown,Unknown / Data Quality,331
2021-07,Attended,Other Practice staff,Video/Online,1 Day,7011
2021-07,Attended,Other Practice staff,Video/Online,15  to 21 Days,4123
2021-07,Attended,Other Practice staff,Video/Online,2 to 7 Days,12372
2021-07,Attended,Other Practice staff,Video/Online,22  to 28 Days,2186
2021-07,Attended,Other Practice staff,Video/Online,8  to 14 Days,10018
2021-07,Attended,Other Practice staff,Video/Online,More than 28 Days,1508
2021-07,Attended,Other Practice staff,Video/Online,Same Day,16683
2021-07,Attended,Other Practice staff,Video/Online,Unknown / Data Quality,26
2021-07,Attended,Unknown,Face-to-Face,1 Day,15075
2021-07,Attended,Unknown,Face-to-Face,15  to 21 Days,2299
2021-07,Attended,Unknown,Face-to-Face,2 to 7 Days,13596
2021-07,Attended,Unknown,Face-to-Face,22  to 28 Days,991
2021-07,Attended,Unknown,Face-to-Face,8  to 14 Days,4525
2021-07,Attended,Unknown,Face-to-Face,More than 28 Days,833
2021-07,Attended,Unknown,Face-to-Face,Same Day,95916
2021-07,Attended,Unknown,Face-to-Face,Unknown / Data Quality,87
2021-07,Attended,Unknown,Home Visit,1 Day,2479
2021-07,Attended,Unknown,Home Visit,15  to 21 Days,66
2021-07,Attended,Unknown,Home Visit,2 to 7 Days,1684
2021-07,Attended,Unknown,Home Visit,22  to 28 Days,74
2021-07,Attended,Unknown,Home Visit,8  to 14 Days,188
2021-07,Attended,Unknown,Home Visit,More than 28 Days,50
2021-07,Attended,Unknown,Home Visit,Same Day,10643
2021-07,Attended,Unknown,Home Visit,Unknown / Data Quality,52
2021-07,Attended,Unknown,Telephone,1 Day,14672
2021-07,Attended,Unknown,Telephone,15  to 21 Days,882
2021-07,Attended,Unknown,Telephone,2 to 7 Days,10772
2021-07,Attended,Unknown,Telephone,22  to 28 Days,456
2021-07,Attended,Unknown,Telephone,8  to 14 Days,2263
2021-07,Attended,Unknown,Telephone,More than 28 Days,345
2021-07,Attended,Unknown,Telephone,Same Day,119336
2021-07,Attended,Unknown,Telephone,Unknown / Data Quality,13
2021-07,Attended,Unknown,Unknown,1 Day,36214
2021-07,Attended,Unknown,Unknown,15  to 21 Days,14568
2021-07,Attended,Unknown,Unknown,2 to 7 Days,75302
2021-07,Attended,Unknown,Unknown,22  to 28 Days,7893
2021-07,Attended,Unknown,Unknown,8  to 14 Days,35967
2021-07,Attended,Unknown,Unknown,More than 28 Days,7167
2021-07,Attended,Unknown,Unknown,Same Day,258816
2021-07,Attended,Unknown,Unknown,Unknown / Data Quality,270
2021-07,Attended,Unknown,Video/Online,1 Day,27
2021-07,Attended,Unknown,Video/Online,15  to 21 Days,1
2021-07,Attended,Unknown,Video/Online,2 to 7 Days,9
2021-07,Attended,Unknown,Video/Online,Same Day,148
2021-07,DNA,GP,Face-to-Face,1 Day,18160
2021-07,DNA,GP,Face-to-Face,15  to 21 Days,13149
2021-07,DNA,GP,Face-to-Face,2 to 7 Days,47560
2021-07,DNA,GP,Face-to-Face,22  to 28 Days,7213
2021-07,DNA,GP,Face-to-Face,8  to 14 Days,26767
2021-07,DNA,GP,Face-to-Face,More than 28 Days,8625
2021-07,DNA,GP,Face-to-Face,Same Day,50356
2021-07,DNA,GP,Face-to-Face,Unknown / Data Quality,107
2021-07,DNA,GP,Home Visit,1 Day,203
2021-07,DNA,GP,Home Visit,15  to 21 Days,29
2021-07,DNA,GP,Home Visit,2 to 7 Days,327
2021-07,DNA,GP,Home Visit,22  to 28 Days,16
2021-07,DNA,GP,Home Visit,8  to 14 Days,81
2021-07,DNA,GP,Home Visit,More than 28 Days,4
2021-07,DNA,GP,Home Visit,Same Day,1052
2021-07,DNA,GP,Home Visit,Unknown / Data Quality,1
2021-07,DNA,GP,Telephone,1 Day,11983
2021-07,DNA,GP,Telephone,15  to 21 Days,7108
2021-07,DNA,GP,Telephone,2 to 7 Days,25565
2021-07,DNA,GP,Telephone,22  to 28 Days,3430
2021-07,DNA,GP,Telephone,8  to 14 Days,14951
2021-07,DNA,GP,Telephone,More than 28 Days,1290
2021-07,DNA,GP,Telephone,Same Day,50997
2021-07,DNA,GP,Telephone,Unknown / Data Quality,11
2021-07,DNA,GP,Unknown,1 Day,767
2021-07,DNA,GP,Unknown,15  to 21 Days,129
2021-07,DNA,GP,Unknown,2 to 7 Days,1003
2021-07,DNA,GP,Unknown,22  to 28 Days,87
2021-07,DNA,GP,Unknown,8  to 14 Days,277
2021-07,DNA,GP,Unknown,More than 28 Days,97
2021-07,DNA,GP,Unknown,Same Day,3478
2021-07,DNA,GP,Unknown,Unknown / Data Quality,28
2021-07,DNA,GP,Video/Online,1 Day,295
2021-07,DNA,GP,Video/Online,15  to 21 Days,57
2021-07,DNA,GP,Video/Online,2 to 7 Days,602
2021-07,DNA,GP,Video/Online,22  to 28 Days,54
2021-07,DNA,GP,Video/Online,8  to 14 Days,128
2021-07,DNA,GP,Video/Online,More than 28 Days,35
2021-07,DNA,GP,Video/Online,Same Day,508
2021-07,DNA,Other Practice staff,Face-to-Face,1 Day,38881
2021-07,DNA,Other Practice staff,Face-to-Face,15  to 21 Days,80766
2021-07,DNA,Other Practice staff,Face-to-Face,2 to 7 Days,182873
2021-07,DNA,Other Practice staff,Face-to-Face,22  to 28 Days,47481
2021-07,DNA,Other Practice staff,Face-to-Face,8  to 14 Days,160076
2021-07,DNA,Other Practice staff,Face-to-Face,More than 28 Days,43813
2021-07,DNA,Other Practice staff,Face-to-Face,Same Day,50454
2021-07,DNA,Other Practice staff,Face-to-Face,Unknown / Data Quality,175
2021-07,DNA,Other Practice staff,Home Visit,1 Day,231
2021-07,DNA,Other Practice staff,Home Visit,15  to 21 Days,84
2021-07,DNA,Other Practice staff,Home Visit,2 to 7 Days,451
2021-07,DNA,Other Practice staff,Home Visit,22  to 28 Days,43
2021-07,DNA,Other Practice staff,Home Visit,8  to 14 Days,208
2021-07,DNA,Other Practice staff,Home Visit,More than 28 Days,45
2021-07,DNA,Other Practice staff,Home Visit,Same Day,735
2021-07,DNA,Other Practice staff,Home Visit,Unknown / Data Quality,4
2021-07,DNA,Other Practice staff,Telephone,1 Day,9792
2021-07,DNA,Other Practice staff,Telephone,15  to 21 Days,6133
2021-07,DNA,Other Practice staff,Telephone,2 to 7 Days,23336
2021-07,DNA,Other Practice staff,Telephone,22  to 28 Days,3710
2021-07,DNA,Other Practice staff,Telephone,8  to 14 Days,12440
2021-07,DNA,Other Practice staff,Telephone,More than 28 Days,2611
2021-07,DNA,Other Practice staff,Telephone,Same Day,26295
2021-07,DNA,Other Practice staff,Telephone,Unknown / Data Quality,45
2021-07,DNA,Other Practice staff,Unknown,1 Day,1661
2021-07,DNA,Other Practice staff,Unknown,15  to 21 Days,676
2021-07,DNA,Other Practice staff,Unknown,2 to 7 Days,3161
2021-07,DNA,Other Practice staff,Unknown,22  to 28 Days,311
2021-07,DNA,Other Practice staff,Unknown,8  to 14 Days,1310
2021-07,DNA,Other Practice staff,Unknown,More than 28 Days,329
2021-07,DNA,Other Practice staff,Unknown,Same Day,5090
2021-07,DNA,Other Practice staff,Unknown,Unknown / Data Quality,59
2021-07,DNA,Other Practice staff,Video/Online,1 Day,547
2021-07,DNA,Other Practice staff,Video/Online,15  to 21 Days,440
2021-07,DNA,Other Practice staff,Video/Online,2 to 7 Days,922
2021-07,DNA,Other Practice staff,Video/Online,22  to 28 Days,187
2021-07,DNA,Other Practice staff,Video/Online,8  to 14 Days,983
2021-07,DNA,Other Practice staff,Video/Online,More than 28 Days,197
2021-07,DNA,Other Practice staff,Video/Online,Same Day,666
2021-07,DNA,Unknown,Face-to-Face,1 Day,603
2021-07,DNA,Unknown,Face-to-Face,15  to 21 Days,211
2021-07,DNA,Unknown,Face-to-Face,2 to 7 Days,1166
2021-07,DNA,Unknown,Face-to-Face,22  to 28 Days,122
2021-07,DNA,Unknown,Face-to-Face,8  to 14 Days,525
2021-07,DNA,Unknown,Face-to-Face,More than 28 Days,83
2021-07,DNA,Unknown,Face-to-Face,Same Day,1056
2021-07,DNA,Unknown,Home Visit,1 Day,586
2021-07,DNA,Unknown,Home Visit,15  to 21 Days,19
2021-07,DNA,Unknown,Home Visit,2 to 7 Days,447
2021-07,DNA,Unknown,Home Visit,22  to 28 Days,22
2021-07,DNA,Unknown,Home Visit,8  to 14 Days,105
2021-07,DNA,Unknown,Home Visit,More than 28 Days,53
2021-07,DNA,Unknown,Home Visit,Same Day,1565
2021-07,DNA,Unknown,Telephone,1 Day,578
2021-07,DNA,Unknown,Telephone,15  to 21 Days,27
2021-07,DNA,Unknown,Telephone,2 to 7 Days,417
2021-07,DNA,Unknown,Telephone,22  to 28 Days,12
2021-07,DNA,Unknown,Telephone,8  to 14 Days,82
2021-07,DNA,Unknown,Telephone,More than 28 Days,6
2021-07,DNA,Unknown,Telephone,Same Day,3315
2021-07,DNA,Unknown,Unknown,1 Day,993
2021-07,DNA,Unknown,Unknown,15  to 21 Days,1171
2021-07,DNA,Unknown,Unknown,2 to 7 Days,3292
2021-07,DNA,Unknown,Unknown,22  to 28 Days,656
2021-07,DNA,Unknown,Unknown,8  to 14 Days,2441
2021-07,DNA,Unknown,Unknown,More than 28 Days,869
2021-07,DNA,Unknown,Unknown,Same Day,1650
2021-07,DNA,Unknown,Unknown,Unknown / Data Quality,1
2021-07,DNA,Unknown,Video/Online,Same Day,1
2021-07,Unknown,GP,Face-to-Face,1 Day,15939
2021-07,Unknown,GP,Face-to-Face,15  to 21 Days,15661
2021-07,Unknown,GP,Face-to-Face,2 to 7 Days,35329
2021-07,Unknown,GP,Face-to-Face,22  to 28 Days,10489
2021-07,Unknown,GP,Face-to-Face,8  to 14 Days,23521
2021-07,Unknown,GP,Face-to-Face,More than 28 Days,13104
2021-07,Unknown,GP,Face-to-Face,Same Day,60341
2021-07,Unknown,GP,Face-to-Face,Unknown / Data Quality,704
2021-07,Unknown,GP,Home Visit,1 Day,1777
2021-07,Unknown,GP,Home Visit,15  to 21 Days,114
2021-07,Unknown,GP,Home Visit,2 to 7 Days,1719
2021-07,Unknown,GP,Home Visit,22  to 28 Days,74
2021-07,Unknown,GP,Home Visit,8  to 14 Days,298
2021-07,Unknown,GP,Home Visit,More than 28 Days,72
2021-07,Unknown,GP,Home Visit,Same Day,7412
2021-07,Unknown,GP,Home Visit,Unknown / Data Quality,95
2021-07,Unknown,GP,Telephone,1 Day,13823
2021-07,Unknown,GP,Telephone,15  to 21 Days,15327
2021-07,Unknown,GP,Telephone,2 to 7 Days,27896
2021-07,Unknown,GP,Telephone,22  to 28 Days,10164
2021-07,Unknown,GP,Telephone,8  to 14 Days,21573
2021-07,Unknown,GP,Telephone,More than 28 Days,7641
2021-07,Unknown,GP,Telephone,Same Day,62249
2021-07,Unknown,GP,Telephone,Unknown / Data Quality,3574
2021-07,Unknown,GP,Unknown,1 Day,781
2021-07,Unknown,GP,Unknown,15  to 21 Days,1113
2021-07,Unknown,GP,Unknown,2 to 7 Days,1623
2021-07,Unknown,GP,Unknown,22  to 28 Days,672
2021-07,Unknown,GP,Unknown,8  to 14 Days,1489
2021-07,Unknown,GP,Unknown,More than 28 Days,1371
2021-07,Unknown,GP,Unknown,Same Day,1897
2021-07,Unknown,GP,Unknown,Unknown / Data Quality,4
2021-07,Unknown,GP,Video/Online,1 Day,229
2021-07,Unknown,GP,Video/Online,15  to 21 Days,114
2021-07,Unknown,GP,Video/Online,2 to 7 Days,279
2021-07,Unknown,GP,Video/Online,22  to 28 Days,78
2021-07,Unknown,GP,Video/Online,8  to 14 Days,134
2021-07,Unknown,GP,Video/Online,More than 28 Days,214
2021-07,Unknown,GP,Video/Online,Same Day,1033
2021-07,Unknown,Other Practice staff,Face-to-Face,1 Day,17467
2021-07,Unknown,Other Practice staff,Face-to-Face,15  to 21 Days,52852
2021-07,Unknown,Other Practice staff,Face-to-Face,2 to 7 Days,73532
2021-07,Unknown,Other Practice staff,Face-to-Face,22  to 28 Days,38418
2021-07,Unknown,Other Practice staff,Face-to-Face,8  to 14 Days,81237
2021-07,Unknown,Other Practice staff,Face-to-Face,More than 28 Days,59367
2021-07,Unknown,Other Practice staff,Face-to-Face,Same Day,63400
2021-07,Unknown,Other Practice staff,Face-to-Face,Unknown / Data Quality,1876
2021-07,Unknown,Other Practice staff,Home Visit,1 Day,2298
2021-07,Unknown,Other Practice staff,Home Visit,15  to 21 Days,532
2021-07,Unknown,Other Practice staff,Home Visit,2 to 7 Days,2679
2021-07,Unknown,Other Practice staff,Home Visit,22  to 28 Days,379
2021-07,Unknown,Other Practice staff,Home Visit,8  to 14 Days,1132
2021-07,Unknown,Other Practice staff,Home Visit,More than 28 Days,538
2021-07,Unknown,Other Practice staff,Home Visit,Same Day,5385
2021-07,Unknown,Other Practice staff,Home Visit,Unknown / Data Quality,105
2021-07,Unknown,Other Practice staff,Telephone,1 Day,8902
2021-07,Unknown,Other Practice staff,Telephone,15  to 21 Days,9333
2021-07,Unknown,Other Practice staff,Telephone,2 to 7 Days,21395
2021-07,Unknown,Other Practice staff,Telephone,22  to 28 Days,6265
2021-07,Unknown,Other Practice staff,Telephone,8  to 14 Days,14378
2021-07,Unknown,Other Practice staff,Telephone,More than 28 Days,6746
2021-07,Unknown,Other Practice staff,Telephone,Same Day,32219
2021-07,Unknown,Other Practice staff,Telephone,Unknown / Data Quality,794
2021-07,Unknown,Other Practice staff,Unknown,1 Day,1263
2021-07,Unknown,Other Practice staff,Unknown,15  to 21 Days,3176
2021-07,Unknown,Other Practice staff,Unknown,2 to 7 Days,5007
2021-07,Unknown,Other Practice staff,Unknown,22  to 28 Days,2812
2021-07,Unknown,Other Practice staff,Unknown,8  to 14 Days,5061
2021-07,Unknown,Other Practice staff,Unknown,More than 28 Days,3163
2021-07,Unknown,Other Practice staff,Unknown,Same Day,1850
2021-07,Unknown,Other Practice staff,Unknown,Unknown / Data Quality,1
2021-07,Unknown,Other Practice staff,Video/Online,1 Day,152
2021-07,Unknown,Other Practice staff,Video/Online,15  to 21 Days,186
2021-07,Unknown,Other Practice staff,Video/Online,2 to 7 Days,372
2021-07,Unknown,Other Practice staff,Video/Online,22  to 28 Days,114
2021-07,Unknown,Other Practice staff,Video/Online,8  to 14 Days,336
2021-07,Unknown,Other Practice staff,Video/Online,More than 28 Days,136
2021-07,Unknown,Other Practice staff,Video/Online,Same Day,165
2021-07,Unknown,Unknown,Face-to-Face,1 Day,2109
2021-07,Unknown,Unknown,Face-to-Face,15  to 21 Days,394
2021-07,Unknown,Unknown,Face-to-Face,2 to 7 Days,3097
2021-07,Unknown,Unknown,Face-to-Face,22  to 28 Days,318
2021-07,Unknown,Unknown,Face-to-Face,8  to 14 Days,824
2021-07,Unknown,Unknown,Face-to-Face,More than 28 Days,468
2021-07,Unknown,Unknown,Face-to-Face,Same Day,12653
2021-07,Unknown,Unknown,Face-to-Face,Unknown / Data Quality,150
2021-07,Unknown,Unknown,Home Visit,1 Day,1102
2021-07,Unknown,Unknown,Home Visit,15  to 21 Days,76
2021-07,Unknown,Unknown,Home Visit,2 to 7 Days,991
2021-07,Unknown,Unknown,Home Visit,22  to 28 Days,91
2021-07,Unknown,Unknown,Home Visit,8  to 14 Days,172
2021-07,Unknown,Unknown,Home Visit,More than 28 Days,56
2021-07,Unknown,Unknown,Home Visit,Same Day,4000
2021-07,Unknown,Unknown,Home Visit,Unknown / Data Quality,30
2021-07,Unknown,Unknown,Telephone,1 Day,1113
2021-07,Unknown,Unknown,Telephone,15  to 21 Days,159
2021-07,Unknown,Unknown,Telephone,2 to 7 Days,1108
2021-07,Unknown,Unknown,Telephone,22  to 28 Days,132
2021-07,Unknown,Unknown,Telephone,8  to 14 Days,232
2021-07,Unknown,Unknown,Telephone,More than 28 Days,186
2021-07,Unknown,Unknown,Telephone,Same Day,5946
2021-07,Unknown,Unknown,Telephone,Unknown / Data Quality,30
2021-07,Unknown,Unknown,Unknown,1 Day,1232
2021-07,Unknown,Unknown,Unknown,15  to 21 Days,3394
2021-07,Unknown,Unknown,Unknown,2 to 7 Days,5092
2021-07,Unknown,Unknown,Unknown,22  to 28 Days,2660
2021-07,Unknown,Unknown,Unknown,8  to 14 Days,5575
2021-07,Unknown,Unknown,Unknown,More than 28 Days,5129
2021-07,Unknown,Unknown,Unknown,Same Day,2062
2021-07,Unknown,Unknown,Unknown,Unknown / Data Quality,34
2021-07,Unknown,Unknown,Video/Online,2 to 7 Days,1
2021-07,Unknown,Unknown,Video/Online,8  to 14 Days,1
2021-07,Unknown,Unknown,Video/Online,Same Day,3
2021-08,Attended,GP,Face-to-Face,1 Day,507835
2021-08,Attended,GP,Face-to-Face,15  to 21 Days,194726
2021-08,Attended,GP,Face-to-Face,2 to 7 Days,959486
2021-08,Attended,GP,Face-to-Face,22  to 28 Days,102111
2021-08,Attended,GP,Face-to-Face,8  to 14 Days,398772
2021-08,Attended,GP,Face-to-Face,More than 28 Days,66947
2021-08,Attended,GP,Face-to-Face,Same Day,3018853
2021-08,Attended,GP,Face-to-Face,Unknown / Data Quality,2030
2021-08,Attended,GP,Home Visit,1 Day,6621
2021-08,Attended,GP,Home Visit,15  to 21 Days,370
2021-08,Attended,GP,Home Visit,2 to 7 Days,6908
2021-08,Attended,GP,Home Visit,22  to 28 Days,196
2021-08,Attended,GP,Home Visit,8  to 14 Days,1037
2021-08,Attended,GP,Home Visit,More than 28 Days,161
2021-08,Attended,GP,Home Visit,Same Day,34540
2021-08,Attended,GP,Home Visit,Unknown / Data Quality,358
2021-08,Attended,GP,Telephone,1 Day,466545
2021-08,Attended,GP,Telephone,15  to 21 Days,245999
2021-08,Attended,GP,Telephone,2 to 7 Days,975156
2021-08,Attended,GP,Telephone,22  to 28 Days,122011
2021-08,Attended,GP,Telephone,8  to 14 Days,488939
2021-08,Attended,GP,Telephone,More than 28 Days,53619
2021-08,Attended,GP,Telephone,Same Day,3875164
2021-08,Attended,GP,Telephone,Unknown / Data Quality,1043
2021-08,Attended,GP,Unknown,1 Day,11703
2021-08,Attended,GP,Unknown,15  to 21 Days,4300
2021-08,Attended,GP,Unknown,2 to 7 Days,20961
2021-08,Attended,GP,Unknown,22  to 28 Days,2108
2021-08,Attended,GP,Unknown,8  to 14 Days,7624
2021-08,Attended,GP,Unknown,More than 28 Days,1663
2021-08,Attended,GP,Unknown,Same Day,81161
2021-08,Attended,GP,Unknown,Unknown / Data Quality,17
2021-08,Attended,GP,Video/Online,1 Day,8935
2021-08,Attended,GP,Video/Online,15  to 21 Days,1820
2021-08,Attended,GP,Video/Online,2 to 7 Days,13169
2021-08,Attended,GP,Video/Online,22  to 28 Days,968
2021-08,Attended,GP,Video/Online,8  to 14 Days,3557
2021-08,Attended,GP,Video/Online,More than 28 Days,451
2021-08,Attended,GP,Video/Online,Same Day,23641
2021-08,Attended,GP,Video/Online,Unknown / Data Quality,15
2021-08,Attended,Other Practice staff,Face-to-Face,1 Day,582235
2021-08,Attended,Other Practice staff,Face-to-Face,15  to 21 Days,684368
2021-08,Attended,Other Practice staff,Face-to-Face,2 to 7 Days,1958219
2021-08,Attended,Other Practice staff,Face-to-Face,22  to 28 Days,401984
2021-08,Attended,Other Practice staff,Face-to-Face,8  to 14 Days,1386938
2021-08,Attended,Other Practice staff,Face-to-Face,More than 28 Days,343224
2021-08,Attended,Other Practice staff,Face-to-Face,Same Day,1750253
2021-08,Attended,Other Practice staff,Face-to-Face,Unknown / Data Quality,2395
2021-08,Attended,Other Practice staff,Home Visit,1 Day,6360
2021-08,Attended,Other Practice staff,Home Visit,15  to 21 Days,1806
2021-08,Attended,Other Practice staff,Home Visit,2 to 7 Days,11152
2021-08,Attended,Other Practice staff,Home Visit,22  to 28 Days,1278
2021-08,Attended,Other Practice staff,Home Visit,8  to 14 Days,4173
2021-08,Attended,Other Practice staff,Home Visit,More than 28 Days,1215
2021-08,Attended,Other Practice staff,Home Visit,Same Day,24306
2021-08,Attended,Other Practice staff,Home Visit,Unknown / Data Quality,218
2021-08,Attended,Other Practice staff,Telephone,1 Day,216621
2021-08,Attended,Other Practice staff,Telephone,15  to 21 Days,108612
2021-08,Attended,Other Practice staff,Telephone,2 to 7 Days,412969
2021-08,Attended,Other Practice staff,Telephone,22  to 28 Days,65058
2021-08,Attended,Other Practice staff,Telephone,8  to 14 Days,206598
2021-08,Attended,Other Practice staff,Telephone,More than 28 Days,46013
2021-08,Attended,Other Practice staff,Telephone,Same Day,1303442
2021-08,Attended,Other Practice staff,Telephone,Unknown / Data Quality,752
2021-08,Attended,Other Practice staff,Unknown,1 Day,12330
2021-08,Attended,Other Practice staff,Unknown,15  to 21 Days,8529
2021-08,Attended,Other Practice staff,Unknown,2 to 7 Days,31135
2021-08,Attended,Other Practice staff,Unknown,22  to 28 Days,4408
2021-08,Attended,Other Practice staff,Unknown,8  to 14 Days,17358
2021-08,Attended,Other Practice staff,Unknown,More than 28 Days,3460
2021-08,Attended,Other Practice staff,Unknown,Same Day,45587
2021-08,Attended,Other Practice staff,Unknown,Unknown / Data Quality,52
2021-08,Attended,Other Practice staff,Video/Online,1 Day,6891
2021-08,Attended,Other Practice staff,Video/Online,15  to 21 Days,3956
2021-08,Attended,Other Practice staff,Video/Online,2 to 7 Days,12118
2021-08,Attended,Other Practice staff,Video/Online,22  to 28 Days,2103
2021-08,Attended,Other Practice staff,Video/Online,8  to 14 Days,9045
2021-08,Attended,Other Practice staff,Video/Online,More than 28 Days,1743
2021-08,Attended,Other Practice staff,Video/Online,Same Day,12915
2021-08,Attended,Other Practice staff,Video/Online,Unknown / Data Quality,10
2021-08,Attended,Unknown,Face-to-Face,1 Day,13098
2021-08,Attended,Unknown,Face-to-Face,15  to 21 Days,1883
2021-08,Attended,Unknown,Face-to-Face,2 to 7 Days,12223
2021-08,Attended,Unknown,Face-to-Face,22  to 28 Days,913
2021-08,Attended,Unknown,Face-to-Face,8  to 14 Days,4288
2021-08,Attended,Unknown,Face-to-Face,More than 28 Days,701
2021-08,Attended,Unknown,Face-to-Face,Same Day,92129
2021-08,Attended,Unknown,Face-to-Face,Unknown / Data Quality,126
2021-08,Attended,Unknown,Home Visit,1 Day,1982
2021-08,Attended,Unknown,Home Visit,15  to 21 Days,39
2021-08,Attended,Unknown,Home Visit,2 to 7 Days,1594
2021-08,Attended,Unknown,Home Visit,22  to 28 Days,31
2021-08,Attended,Unknown,Home Visit,8  to 14 Days,202
2021-08,Attended,Unknown,Home Visit,More than 28 Days,45
2021-08,Attended,Unknown,Home Visit,Same Day,9517
2021-08,Attended,Unknown,Home Visit,Unknown / Data Quality,66
2021-08,Attended,Unknown,Telephone,1 Day,11890
2021-08,Attended,Unknown,Telephone,15  to 21 Days,912
2021-08,Attended,Unknown,Telephone,2 to 7 Days,10376
2021-08,Attended,Unknown,Telephone,22  to 28 Days,366
2021-08,Attended,Unknown,Telephone,8  to 14 Days,2071
2021-08,Attended,Unknown,Telephone,More than 28 Days,256
2021-08,Attended,Unknown,Telephone,Same Day,111775
2021-08,Attended,Unknown,Telephone,Unknown / Data Quality,6
2021-08,Attended,Unknown,Unknown,1 Day,30632
2021-08,Attended,Unknown,Unknown,15  to 21 Days,14257
2021-08,Attended,Unknown,Unknown,2 to 7 Days,69004
2021-08,Attended,Unknown,Unknown,22  to 28 Days,7340
2021-08,Attended,Unknown,Unknown,8  to 14 Days,31220
2021-08,Attended,Unknown,Unknown,More than 28 Days,6541
2021-08,Attended,Unknown,Unknown,Same Day,240733
2021-08,Attended,Unknown,Unknown,Unknown / Data Quality,335
2021-08,Attended,Unknown,Video/Online,1 Day,33
2021-08,Attended,Unknown,Video/Online,2 to 7 Days,14
2021-08,Attended,Unknown,Video/Online,22  to 28 Days,1
2021-08,Attended,Unknown,Video/Online,8  to 14 Days,1
2021-08,Attended,Unknown,Video/Online,Same Day,180
2021-08,DNA,GP,Face-to-Face,1 Day,16237
2021-08,DNA,GP,Face-to-Face,15  to 21 Days,12913
2021-08,DNA,GP,Face-to-Face,2 to 7 Days,43593
2021-08,DNA,GP,Face-to-Face,22  to 28 Days,7377
2021-08,DNA,GP,Face-to-Face,8  to 14 Days,24346
2021-08,DNA,GP,Face-to-Face,More than 28 Days,7529
2021-08,DNA,GP,Face-to-Face,Same Day,48188
2021-08,DNA,GP,Face-to-Face,Unknown / Data Quality,117
2021-08,DNA,GP,Home Visit,1 Day,207
2021-08,DNA,GP,Home Visit,15  to 21 Days,21
2021-08,DNA,GP,Home Visit,2 to 7 Days,268
2021-08,DNA,GP,Home Visit,22  to 28 Days,10
2021-08,DNA,GP,Home Visit,8  to 14 Days,103
2021-08,DNA,GP,Home Visit,More than 28 Days,9
2021-08,DNA,GP,Home Visit,Same Day,961
2021-08,DNA,GP,Home Visit,Unknown / Data Quality,1
2021-08,DNA,GP,Telephone,1 Day,10075
2021-08,DNA,GP,Telephone,15  to 21 Days,6306
2021-08,DNA,GP,Telephone,2 to 7 Days,22130
2021-08,DNA,GP,Telephone,22  to 28 Days,3370
2021-08,DNA,GP,Telephone,8  to 14 Days,12753
2021-08,DNA,GP,Telephone,More than 28 Days,1402
2021-08,DNA,GP,Telephone,Same Day,47588
2021-08,DNA,GP,Telephone,Unknown / Data Quality,7
2021-08,DNA,GP,Unknown,1 Day,530
2021-08,DNA,GP,Unknown,15  to 21 Days,116
2021-08,DNA,GP,Unknown,2 to 7 Days,724
2021-08,DNA,GP,Unknown,22  to 28 Days,88
2021-08,DNA,GP,Unknown,8  to 14 Days,179
2021-08,DNA,GP,Unknown,More than 28 Days,105
2021-08,DNA,GP,Unknown,Same Day,3127
2021-08,DNA,GP,Unknown,Unknown / Data Quality,13
2021-08,DNA,GP,Video/Online,1 Day,219
2021-08,DNA,GP,Video/Online,15  to 21 Days,87
2021-08,DNA,GP,Video/Online,2 to 7 Days,662
2021-08,DNA,GP,Video/Online,22  to 28 Days,54
2021-08,DNA,GP,Video/Online,8  to 14 Days,116
2021-08,DNA,GP,Video/Online,More than 28 Days,35
2021-08,DNA,GP,Video/Online,Same Day,386
2021-08,DNA,Other Practice staff,Face-to-Face,1 Day,32509
2021-08,DNA,Other Practice staff,Face-to-Face,15  to 21 Days,77380
2021-08,DNA,Other Practice staff,Face-to-Face,2 to 7 Days,164948
2021-08,DNA,Other Practice staff,Face-to-Face,22  to 28 Days,47030
2021-08,DNA,Other Practice staff,Face-to-Face,8  to 14 Days,144614
2021-08,DNA,Other Practice staff,Face-to-Face,More than 28 Days,46578
2021-08,DNA,Other Practice staff,Face-to-Face,Same Day,46523
2021-08,DNA,Other Practice staff,Face-to-Face,Unknown / Data Quality,177
2021-08,DNA,Other Practice staff,Home Visit,1 Day,253
2021-08,DNA,Other Practice staff,Home Visit,15  to 21 Days,82
2021-08,DNA,Other Practice staff,Home Visit,2 to 7 Days,469
2021-08,DNA,Other Practice staff,Home Visit,22  to 28 Days,84
2021-08,DNA,Other Practice staff,Home Visit,8  to 14 Days,202
2021-08,DNA,Other Practice staff,Home Visit,More than 28 Days,48
2021-08,DNA,Other Practice staff,Home Visit,Same Day,600
2021-08,DNA,Other Practice staff,Home Visit,Unknown / Data Quality,8
2021-08,DNA,Other Practice staff,Telephone,1 Day,8335
2021-08,DNA,Other Practice staff,Telephone,15  to 21 Days,5960
2021-08,DNA,Other Practice staff,Telephone,2 to 7 Days,20660
2021-08,DNA,Other Practice staff,Telephone,22  to 28 Days,3577
2021-08,DNA,Other Practice staff,Telephone,8  to 14 Days,11173
2021-08,DNA,Other Practice staff,Telephone,More than 28 Days,2737
2021-08,DNA,Other Practice staff,Telephone,Same Day,24960
2021-08,DNA,Other Practice staff,Telephone,Unknown / Data Quality,44
2021-08,DNA,Other Practice staff,Unknown,1 Day,1368
2021-08,DNA,Other Practice staff,Unknown,15  to 21 Days,540
2021-08,DNA,Other Practice staff,Unknown,2 to 7 Days,2212
2021-08,DNA,Other Practice staff,Unknown,22  to 28 Days,310
2021-08,DNA,Other Practice staff,Unknown,8  to 14 Days,1163
2021-08,DNA,Other Practice staff,Unknown,More than 28 Days,372
2021-08,DNA,Other Practice staff,Unknown,Same Day,4230
2021-08,DNA,Other Practice staff,Unknown,Unknown / Data Quality,67
2021-08,DNA,Other Practice staff,Video/Online,1 Day,496
2021-08,DNA,Other Practice staff,Video/Online,15  to 21 Days,424
2021-08,DNA,Other Practice staff,Video/Online,2 to 7 Days,974
2021-08,DNA,Other Practice staff,Video/Online,22  to 28 Days,209
2021-08,DNA,Other Practice staff,Video/Online,8  to 14 Days,736
2021-08,DNA,Other Practice staff,Video/Online,More than 28 Days,196
2021-08,DNA,Other Practice staff,Video/Online,Same Day,539
2021-08,DNA,Unknown,Face-to-Face,1 Day,549
2021-08,DNA,Unknown,Face-to-Face,15  to 21 Days,195
2021-08,DNA,Unknown,Face-to-Face,2 to 7 Days,1108
2021-08,DNA,Unknown,Face-to-Face,22  to 28 Days,88
2021-08,DNA,Unknown,Face-to-Face,8  to 14 Days,388
2021-08,DNA,Unknown,Face-to-Face,More than 28 Days,79
2021-08,DNA,Unknown,Face-to-Face,Same Day,939
2021-08,DNA,Unknown,Face-to-Face,Unknown / Data Quality,3
2021-08,DNA,Unknown,Home Visit,1 Day,548
2021-08,DNA,Unknown,Home Visit,15  to 21 Days,31
2021-08,DNA,Unknown,Home Visit,2 to 7 Days,499
2021-08,DNA,Unknown,Home Visit,22  to 28 Days,20
2021-08,DNA,Unknown,Home Visit,8  to 14 Days,153
2021-08,DNA,Unknown,Home Visit,More than 28 Days,118
2021-08,DNA,Unknown,Home Visit,Same Day,1863
2021-08,DNA,Unknown,Home Visit,Unknown / Data Quality,1
2021-08,DNA,Unknown,Telephone,1 Day,488
2021-08,DNA,Unknown,Telephone,15  to 21 Days,26
2021-08,DNA,Unknown,Telephone,2 to 7 Days,419
2021-08,DNA,Unknown,Telephone,22  to 28 Days,10
2021-08,DNA,Unknown,Telephone,8  to 14 Days,90
2021-08,DNA,Unknown,Telephone,More than 28 Days,3
2021-08,DNA,Unknown,Telephone,Same Day,2788
2021-08,DNA,Unknown,Telephone,Unknown / Data Quality,1
2021-08,DNA,Unknown,Unknown,1 Day,919
2021-08,DNA,Unknown,Unknown,15  to 21 Days,1117
2021-08,DNA,Unknown,Unknown,2 to 7 Days,3095
2021-08,DNA,Unknown,Unknown,22  to 28 Days,579
2021-08,DNA,Unknown,Unknown,8  to 14 Days,2063
2021-08,DNA,Unknown,Unknown,More than 28 Days,733
2021-08,DNA,Unknown,Unknown,Same Day,1458
2021-08,DNA,Unknown,Unknown,Unknown / Data Quality,2
2021-08,DNA,Unknown,Video/Online,Same Day,3
2021-08,Unknown,GP,Face-to-Face,1 Day,14143
2021-08,Unknown,GP,Face-to-Face,15  to 21 Days,11350
2021-08,Unknown,GP,Face-to-Face,2 to 7 Days,33920
2021-08,Unknown,GP,Face-to-Face,22  to 28 Days,8166
2021-08,Unknown,GP,Face-to-Face,8  to 14 Days,19144
2021-08,Unknown,GP,Face-to-Face,More than 28 Days,11331
2021-08,Unknown,GP,Face-to-Face,Same Day,57440
2021-08,Unknown,GP,Face-to-Face,Unknown / Data Quality,474
2021-08,Unknown,GP,Home Visit,1 Day,1512
2021-08,Unknown,GP,Home Visit,15  to 21 Days,174
2021-08,Unknown,GP,Home Visit,2 to 7 Days,1805
2021-08,Unknown,GP,Home Visit,22  to 28 Days,64
2021-08,Unknown,GP,Home Visit,8  to 14 Days,376
2021-08,Unknown,GP,Home Visit,More than 28 Days,61
2021-08,Unknown,GP,Home Visit,Same Day,7408
2021-08,Unknown,GP,Home Visit,Unknown / Data Quality,91
2021-08,Unknown,GP,Telephone,1 Day,12714
2021-08,Unknown,GP,Telephone,15  to 21 Days,10574
2021-08,Unknown,GP,Telephone,2 to 7 Days,25940
2021-08,Unknown,GP,Telephone,22  to 28 Days,6200
2021-08,Unknown,GP,Telephone,8  to 14 Days,16907
2021-08,Unknown,GP,Telephone,More than 28 Days,6576
2021-08,Unknown,GP,Telephone,Same Day,55587
2021-08,Unknown,GP,Telephone,Unknown / Data Quality,1903
2021-08,Unknown,GP,Unknown,1 Day,718
2021-08,Unknown,GP,Unknown,15  to 21 Days,609
2021-08,Unknown,GP,Unknown,2 to 7 Days,1526
2021-08,Unknown,GP,Unknown,22  to 28 Days,499
2021-08,Unknown,GP,Unknown,8  to 14 Days,1065
2021-08,Unknown,GP,Unknown,More than 28 Days,639
2021-08,Unknown,GP,Unknown,Same Day,2018
2021-08,Unknown,GP,Unknown,Unknown / Data Quality,3
2021-08,Unknown,GP,Video/Online,1 Day,169
2021-08,Unknown,GP,Video/Online,15  to 21 Days,84
2021-08,Unknown,GP,Video/Online,2 to 7 Days,242
2021-08,Unknown,GP,Video/Online,22  to 28 Days,39
2021-08,Unknown,GP,Video/Online,8  to 14 Days,213
2021-08,Unknown,GP,Video/Online,More than 28 Days,48
2021-08,Unknown,GP,Video/Online,Same Day,980
2021-08,Unknown,GP,Video/Online,Unknown / Data Quality,9
2021-08,Unknown,Other Practice staff,Face-to-Face,1 Day,15429
2021-08,Unknown,Other Practice staff,Face-to-Face,15  to 21 Days,38833
2021-08,Unknown,Other Practice staff,Face-to-Face,2 to 7 Days,66189
2021-08,Unknown,Other Practice staff,Face-to-Face,22  to 28 Days,29589
2021-08,Unknown,Other Practice staff,Face-to-Face,8  to 14 Days,65350
2021-08,Unknown,Other Practice staff,Face-to-Face,More than 28 Days,52532
2021-08,Unknown,Other Practice staff,Face-to-Face,Same Day,57867
2021-08,Unknown,Other Practice staff,Face-to-Face,Unknown / Data Quality,2346
2021-08,Unknown,Other Practice staff,Home Visit,1 Day,1871
2021-08,Unknown,Other Practice staff,Home Visit,15  to 21 Days,422
2021-08,Unknown,Other Practice staff,Home Visit,2 to 7 Days,2706
2021-08,Unknown,Other Practice staff,Home Visit,22  to 28 Days,399
2021-08,Unknown,Other Practice staff,Home Visit,8  to 14 Days,994
2021-08,Unknown,Other Practice staff,Home Visit,More than 28 Days,564
2021-08,Unknown,Other Practice staff,Home Visit,Same Day,5271
2021-08,Unknown,Other Practice staff,Home Visit,Unknown / Data Quality,125
2021-08,Unknown,Other Practice staff,Telephone,1 Day,7702
2021-08,Unknown,Other Practice staff,Telephone,15  to 21 Days,6990
2021-08,Unknown,Other Practice staff,Telephone,2 to 7 Days,20187
2021-08,Unknown,Other Practice staff,Telephone,22  to 28 Days,5527
2021-08,Unknown,Other Practice staff,Telephone,8  to 14 Days,12974
2021-08,Unknown,Other Practice staff,Telephone,More than 28 Days,6402
2021-08,Unknown,Other Practice staff,Telephone,Same Day,28867
2021-08,Unknown,Other Practice staff,Telephone,Unknown / Data Quality,181
2021-08,Unknown,Other Practice staff,Unknown,1 Day,1036
2021-08,Unknown,Other Practice staff,Unknown,15  to 21 Days,2405
2021-08,Unknown,Other Practice staff,Unknown,2 to 7 Days,4692
2021-08,Unknown,Other Practice staff,Unknown,22  to 28 Days,1545
2021-08,Unknown,Other Practice staff,Unknown,8  to 14 Days,4039
2021-08,Unknown,Other Practice staff,Unknown,More than 28 Days,2293
2021-08,Unknown,Other Practice staff,Unknown,Same Day,1588
2021-08,Unknown,Other Practice staff,Video/Online,1 Day,61
2021-08,Unknown,Other Practice staff,Video/Online,15  to 21 Days,198
2021-08,Unknown,Other Practice staff,Video/Online,2 to 7 Days,282
2021-08,Unknown,Other Practice staff,Video/Online,22  to 28 Days,106
2021-08,Unknown,Other Practice staff,Video/Online,8  to 14 Days,328
2021-08,Unknown,Other Practice staff,Video/Online,More than 28 Days,151
2021-08,Unknown,Other Practice staff,Video/Online,Same Day,174
2021-08,Unknown,Unknown,Face-to-Face,1 Day,1843
2021-08,Unknown,Unknown,Face-to-Face,15  to 21 Days,356
2021-08,Unknown,Unknown,Face-to-Face,2 to 7 Days,2949
2021-08,Unknown,Unknown,Face-to-Face,22  to 28 Days,235
2021-08,Unknown,Unknown,Face-to-Face,8  to 14 Days,795
2021-08,Unknown,Unknown,Face-to-Face,More than 28 Days,511
2021-08,Unknown,Unknown,Face-to-Face,Same Day,12763
2021-08,Unknown,Unknown,Face-to-Face,Unknown / Data Quality,119
2021-08,Unknown,Unknown,Home Visit,1 Day,956
2021-08,Unknown,Unknown,Home Visit,15  to 21 Days,59
2021-08,Unknown,Unknown,Home Visit,2 to 7 Days,894
2021-08,Unknown,Unknown,Home Visit,22  to 28 Days,63
2021-08,Unknown,Unknown,Home Visit,8  to 14 Days,161
2021-08,Unknown,Unknown,Home Visit,More than 28 Days,106
2021-08,Unknown,Unknown,Home Visit,Same Day,3705
2021-08,Unknown,Unknown,Home Visit,Unknown / Data Quality,19
2021-08,Unknown,Unknown,Telephone,1 Day,1226
2021-08,Unknown,Unknown,Telephone,15  to 21 Days,194
2021-08,Unknown,Unknown,Telephone,2 to 7 Days,1395
2021-08,Unknown,Unknown,Telephone,22  to 28 Days,91
2021-08,Unknown,Unknown,Telephone,8  to 14 Days,298
2021-08,Unknown,Unknown,Telephone,More than 28 Days,204
2021-08,Unknown,Unknown,Telephone,Same Day,6454
2021-08,Unknown,Unknown,Telephone,Unknown / Data Quality,19
2021-08,Unknown,Unknown,Unknown,1 Day,954
2021-08,Unknown,Unknown,Unknown,15  to 21 Days,2987
2021-08,Unknown,Unknown,Unknown,2 to 7 Days,4498
2021-08,Unknown,Unknown,Unknown,22  to 28 Days,2047
2021-08,Unknown,Unknown,Unknown,8  to 14 Days,4381
2021-08,Unknown,Unknown,Unknown,More than 28 Days,4897
2021-08,Unknown,Unknown,Unknown,Same Day,1797
2021-08,Unknown,Unknown,Unknown,Unknown / Data Quality,18
2021-08,Unknown,Unknown,Video/Online,1 Day,1
2021-08,Unknown,Unknown,Video/Online,Same Day,2
2021-09,Attended,GP,Face-to-Face,1 Day,672515
2021-09,Attended,GP,Face-to-Face,15  to 21 Days,277425
2021-09,Attended,GP,Face-to-Face,2 to 7 Days,1222198
2021-09,Attended,GP,Face-to-Face,22  to 28 Days,158988
2021-09,Attended,GP,Face-to-Face,8  to 14 Days,538724
2021-09,Attended,GP,Face-to-Face,More than 28 Days,121160
2021-09,Attended,GP,Face-to-Face,Same Day,3443198
2021-09,Attended,GP,Face-to-Face,Unknown / Data Quality,1851
2021-09,Attended,GP,Home Visit,1 Day,7870
2021-09,Attended,GP,Home Visit,15  to 21 Days,455
2021-09,Attended,GP,Home Visit,2 to 7 Days,7496
2021-09,Attended,GP,Home Visit,22  to 28 Days,218
2021-09,Attended,GP,Home Visit,8  to 14 Days,1279
2021-09,Attended,GP,Home Visit,More than 28 Days,320
2021-09,Attended,GP,Home Visit,Same Day,36866
2021-09,Attended,GP,Home Visit,Unknown / Data Quality,378
2021-09,Attended,GP,Telephone,1 Day,572627
2021-09,Attended,GP,Telephone,15  to 21 Days,293171
2021-09,Attended,GP,Telephone,2 to 7 Days,1089017
2021-09,Attended,GP,Telephone,22  to 28 Days,146922
2021-09,Attended,GP,Telephone,8  to 14 Days,567309
2021-09,Attended,GP,Telephone,More than 28 Days,68619
2021-09,Attended,GP,Telephone,Same Day,4157782
2021-09,Attended,GP,Telephone,Unknown / Data Quality,1341
2021-09,Attended,GP,Unknown,1 Day,13906
2021-09,Attended,GP,Unknown,15  to 21 Days,5849
2021-09,Attended,GP,Unknown,2 to 7 Days,23438
2021-09,Attended,GP,Unknown,22  to 28 Days,3340
2021-09,Attended,GP,Unknown,8  to 14 Days,10237
2021-09,Attended,GP,Unknown,More than 28 Days,1978
2021-09,Attended,GP,Unknown,Same Day,86758
2021-09,Attended,GP,Unknown,Unknown / Data Quality,26
2021-09,Attended,GP,Video/Online,1 Day,9917
2021-09,Attended,GP,Video/Online,15  to 21 Days,3359
2021-09,Attended,GP,Video/Online,2 to 7 Days,14370
2021-09,Attended,GP,Video/Online,22  to 28 Days,1645
2021-09,Attended,GP,Video/Online,8  to 14 Days,6644
2021-09,Attended,GP,Video/Online,More than 28 Days,1232
2021-09,Attended,GP,Video/Online,Same Day,26057
2021-09,Attended,GP,Video/Online,Unknown / Data Quality,20
2021-09,Attended,Other Practice staff,Face-to-Face,1 Day,826152
2021-09,Attended,Other Practice staff,Face-to-Face,15  to 21 Days,795645
2021-09,Attended,Other Practice staff,Face-to-Face,2 to 7 Days,2360966
2021-09,Attended,Other Practice staff,Face-to-Face,22  to 28 Days,529680
2021-09,Attended,Other Practice staff,Face-to-Face,8  to 14 Days,1460374
2021-09,Attended,Other Practice staff,Face-to-Face,More than 28 Days,526271
2021-09,Attended,Other Practice staff,Face-to-Face,Same Day,2061129
2021-09,Attended,Other Practice staff,Face-to-Face,Unknown / Data Quality,3051
2021-09,Attended,Other Practice staff,Home Visit,1 Day,8204
2021-09,Attended,Other Practice staff,Home Visit,15  to 21 Days,1801
2021-09,Attended,Other Practice staff,Home Visit,2 to 7 Days,12465
2021-09,Attended,Other Practice staff,Home Visit,22  to 28 Days,1263
2021-09,Attended,Other Practice staff,Home Visit,8  to 14 Days,4453
2021-09,Attended,Other Practice staff,Home Visit,More than 28 Days,1411
2021-09,Attended,Other Practice staff,Home Visit,Same Day,27518
2021-09,Attended,Other Practice staff,Home Visit,Unknown / Data Quality,341
2021-09,Attended,Other Practice staff,Telephone,1 Day,258374
2021-09,Attended,Other Practice staff,Telephone,15  to 21 Days,110472
2021-09,Attended,Other Practice staff,Telephone,2 to 7 Days,431109
2021-09,Attended,Other Practice staff,Telephone,22  to 28 Days,69883
2021-09,Attended,Other Practice staff,Telephone,8  to 14 Days,208979
2021-09,Attended,Other Practice staff,Telephone,More than 28 Days,56249
2021-09,Attended,Other Practice staff,Telephone,Same Day,1394397
2021-09,Attended,Other Practice staff,Telephone,Unknown / Data Quality,1033
2021-09,Attended,Other Practice staff,Unknown,1 Day,15518
2021-09,Attended,Other Practice staff,Unknown,15  to 21 Days,9045
2021-09,Attended,Other Practice staff,Unknown,2 to 7 Days,33524
2021-09,Attended,Other Practice staff,Unknown,22  to 28 Days,5569
2021-09,Attended,Other Practice staff,Unknown,8  to 14 Days,18401
2021-09,Attended,Other Practice staff,Unknown,More than 28 Days,4779
2021-09,Attended,Other Practice staff,Unknown,Same Day,50505
2021-09,Attended,Other Practice staff,Unknown,Unknown / Data Quality,109
2021-09,Attended,Other Practice staff,Video/Online,1 Day,10014
2021-09,Attended,Other Practice staff,Video/Online,15  to 21 Days,7282
2021-09,Attended,Other Practice staff,Video/Online,2 to 7 Days,16601
2021-09,Attended,Other Practice staff,Video/Online,22  to 28 Days,4895
2021-09,Attended,Other Practice staff,Video/Online,8  to 14 Days,11797
2021-09,Attended,Other Practice staff,Video/Online,More than 28 Days,5452
2021-09,Attended,Other Practice staff,Video/Online,Same Day,18279
2021-09,Attended,Other Practice staff,Video/Online,Unknown / Data Quality,21
2021-09,Attended,Unknown,Face-to-Face,1 Day,16602
2021-09,Attended,Unknown,Face-to-Face,15  to 21 Days,2720
2021-09,Attended,Unknown,Face-to-Face,2 to 7 Days,14468
2021-09,Attended,Unknown,Face-to-Face,22  to 28 Days,1846
2021-09,Attended,Unknown,Face-to-Face,8  to 14 Days,5919
2021-09,Attended,Unknown,Face-to-Face,More than 28 Days,1736
2021-09,Attended,Unknown,Face-to-Face,Same Day,104989
2021-09,Attended,Unknown,Face-to-Face,Unknown / Data Quality,86
2021-09,Attended,Unknown,Home Visit,1 Day,2439
2021-09,Attended,Unknown,Home Visit,15  to 21 Days,73
2021-09,Attended,Unknown,Home Visit,2 to 7 Days,1808
2021-09,Attended,Unknown,Home Visit,22  to 28 Days,49
2021-09,Attended,Unknown,Home Visit,8  to 14 Days,191
2021-09,Attended,Unknown,Home Visit,More than 28 Days,40
2021-09,Attended,Unknown,Home Visit,Same Day,10330
2021-09,Attended,Unknown,Home Visit,Unknown / Data Quality,61
2021-09,Attended,Unknown,Telephone,1 Day,14666
2021-09,Attended,Unknown,Telephone,15  to 21 Days,1021
2021-09,Attended,Unknown,Telephone,2 to 7 Days,10765
2021-09,Attended,Unknown,Telephone,22  to 28 Days,437
2021-09,Attended,Unknown,Telephone,8  to 14 Days,2411
2021-09,Attended,Unknown,Telephone,More than 28 Days,290
2021-09,Attended,Unknown,Telephone,Same Day,120870
2021-09,Attended,Unknown,Telephone,Unknown / Data Quality,6
2021-09,Attended,Unknown,Unknown,1 Day,41571
2021-09,Attended,Unknown,Unknown,15  to 21 Days,17258
2021-09,Attended,Unknown,Unknown,2 to 7 Days,82023
2021-09,Attended,Unknown,Unknown,22  to 28 Days,10696
2021-09,Attended,Unknown,Unknown,8  to 14 Days,34880
2021-09,Attended,Unknown,Unknown,More than 28 Days,9689
2021-09,Attended,Unknown,Unknown,Same Day,284233
2021-09,Attended,Unknown,Unknown,Unknown / Data Quality,373
2021-09,Attended,Unknown,Video/Online,1 Day,65
2021-09,Attended,Unknown,Video/Online,2 to 7 Days,53
2021-09,Attended,Unknown,Video/Online,8  to 14 Days,1
2021-09,Attended,Unknown,Video/Online,Same Day,214
2021-09,Attended,Unknown,Video/Online,Unknown / Data Quality,1
2021-09,DNA,GP,Face-to-Face,1 Day,25148
2021-09,DNA,GP,Face-to-Face,15  to 21 Days,28959
2021-09,DNA,GP,Face-to-Face,2 to 7 Days,74693
2021-09,DNA,GP,Face-to-Face,22  to 28 Days,16888
2021-09,DNA,GP,Face-to-Face,8  to 14 Days,44919
2021-09,DNA,GP,Face-to-Face,More than 28 Days,17319
2021-09,DNA,GP,Face-to-Face,Same Day,58022
2021-09,DNA,GP,Face-to-Face,Unknown / Data Quality,98
2021-09,DNA,GP,Home Visit,1 Day,310
2021-09,DNA,GP,Home Visit,15  to 21 Days,21
2021-09,DNA,GP,Home Visit,2 to 7 Days,337
2021-09,DNA,GP,Home Visit,22  to 28 Days,15
2021-09,DNA,GP,Home Visit,8  to 14 Days,82
2021-09,DNA,GP,Home Visit,More than 28 Days,9
2021-09,DNA,GP,Home Visit,Same Day,1159
2021-09,DNA,GP,Telephone,1 Day,12351
2021-09,DNA,GP,Telephone,15  to 21 Days,7787
2021-09,DNA,GP,Telephone,2 to 7 Days,24593
2021-09,DNA,GP,Telephone,22  to 28 Days,3762
2021-09,DNA,GP,Telephone,8  to 14 Days,14321
2021-09,DNA,GP,Telephone,More than 28 Days,1687
2021-09,DNA,GP,Telephone,Same Day,52137
2021-09,DNA,GP,Telephone,Unknown / Data Quality,18
2021-09,DNA,GP,Unknown,1 Day,606
2021-09,DNA,GP,Unknown,15  to 21 Days,131
2021-09,DNA,GP,Unknown,2 to 7 Days,1249
2021-09,DNA,GP,Unknown,22  to 28 Days,133
2021-09,DNA,GP,Unknown,8  to 14 Days,287
2021-09,DNA,GP,Unknown,More than 28 Days,99
2021-09,DNA,GP,Unknown,Same Day,2967
2021-09,DNA,GP,Unknown,Unknown / Data Quality,22
2021-09,DNA,GP,Video/Online,1 Day,160
2021-09,DNA,GP,Video/Online,15  to 21 Days,192
2021-09,DNA,GP,Video/Online,2 to 7 Days,842
2021-09,DNA,GP,Video/Online,22  to 28 Days,159
2021-09,DNA,GP,Video/Online,8  to 14 Days,216
2021-09,DNA,GP,Video/Online,More than 28 Days,38
2021-09,DNA,GP,Video/Online,Same Day,439
2021-09,DNA,Other Practice staff,Face-to-Face,1 Day,56783
2021-09,DNA,Other Practice staff,Face-to-Face,15  to 21 Days,108028
2021-09,DNA,Other Practice staff,Face-to-Face,2 to 7 Days,243315
2021-09,DNA,Other Practice staff,Face-to-Face,22  to 28 Days,72106
2021-09,DNA,Other Practice staff,Face-to-Face,8  to 14 Days,178079
2021-09,DNA,Other Practice staff,Face-to-Face,More than 28 Days,78715
2021-09,DNA,Other Practice staff,Face-to-Face,Same Day,59214
2021-09,DNA,Other Practice staff,Face-to-Face,Unknown / Data Quality,234
2021-09,DNA,Other Practice staff,Home Visit,1 Day,280
2021-09,DNA,Other Practice staff,Home Visit,15  to 21 Days,73
2021-09,DNA,Other Practice staff,Home Visit,2 to 7 Days,485
2021-09,DNA,Other Practice staff,Home Visit,22  to 28 Days,74
2021-09,DNA,Other Practice staff,Home Visit,8  to 14 Days,162
2021-09,DNA,Other Practice staff,Home Visit,More than 28 Days,72
2021-09,DNA,Other Practice staff,Home Visit,Same Day,686
2021-09,DNA,Other Practice staff,Home Visit,Unknown / Data Quality,16
2021-09,DNA,Other Practice staff,Telephone,1 Day,10001
2021-09,DNA,Other Practice staff,Telephone,15  to 21 Days,6395
2021-09,DNA,Other Practice staff,Telephone,2 to 7 Days,21265
2021-09,DNA,Other Practice staff,Telephone,22  to 28 Days,3849
2021-09,DNA,Other Practice staff,Telephone,8  to 14 Days,12200
2021-09,DNA,Other Practice staff,Telephone,More than 28 Days,3274
2021-09,DNA,Other Practice staff,Telephone,Same Day,27374
2021-09,DNA,Other Practice staff,Telephone,Unknown / Data Quality,21
2021-09,DNA,Other Practice staff,Unknown,1 Day,1848
2021-09,DNA,Other Practice staff,Unknown,15  to 21 Days,627
2021-09,DNA,Other Practice staff,Unknown,2 to 7 Days,3913
2021-09,DNA,Other Practice staff,Unknown,22  to 28 Days,345
2021-09,DNA,Other Practice staff,Unknown,8  to 14 Days,1212
2021-09,DNA,Other Practice staff,Unknown,More than 28 Days,420
2021-09,DNA,Other Practice staff,Unknown,Same Day,4889
2021-09,DNA,Other Practice staff,Unknown,Unknown / Data Quality,84
2021-09,DNA,Other Practice staff,Video/Online,1 Day,670
2021-09,DNA,Other Practice staff,Video/Online,15  to 21 Days,1190
2021-09,DNA,Other Practice staff,Video/Online,2 to 7 Days,1356
2021-09,DNA,Other Practice staff,Video/Online,22  to 28 Days,621
2021-09,DNA,Other Practice staff,Video/Online,8  to 14 Days,1188
2021-09,DNA,Other Practice staff,Video/Online,More than 28 Days,303
2021-09,DNA,Other Practice staff,Video/Online,Same Day,502
2021-09,DNA,Unknown,Face-to-Face,1 Day,647
2021-09,DNA,Unknown,Face-to-Face,15  to 21 Days,208
2021-09,DNA,Unknown,Face-to-Face,2 to 7 Days,1140
2021-09,DNA,Unknown,Face-to-Face,22  to 28 Days,102
2021-09,DNA,Unknown,Face-to-Face,8  to 14 Days,456
2021-09,DNA,Unknown,Face-to-Face,More than 28 Days,101
2021-09,DNA,Unknown,Face-to-Face,Same Day,1161
2021-09,DNA,Unknown,Home Visit,1 Day,950
2021-09,DNA,Unknown,Home Visit,15  to 21 Days,28
2021-09,DNA,Unknown,Home Visit,2 to 7 Days,478
2021-09,DNA,Unknown,Home Visit,22  to 28 Days,18
2021-09,DNA,Unknown,Home Visit,8  to 14 Days,166
2021-09,DNA,Unknown,Home Visit,More than 28 Days,63
2021-09,DNA,Unknown,Home Visit,Same Day,2049
2021-09,DNA,Unknown,Home Visit,Unknown / Data Quality,1
2021-09,DNA,Unknown,Telephone,1 Day,697
2021-09,DNA,Unknown,Telephone,15  to 21 Days,66
2021-09,DNA,Unknown,Telephone,2 to 7 Days,377
2021-09,DNA,Unknown,Telephone,22  to 28 Days,14
2021-09,DNA,Unknown,Telephone,8  to 14 Days,103
2021-09,DNA,Unknown,Telephone,More than 28 Days,8
2021-09,DNA,Unknown,Telephone,Same Day,2814
2021-09,DNA,Unknown,Unknown,1 Day,1251
2021-09,DNA,Unknown,Unknown,15  to 21 Days,1494
2021-09,DNA,Unknown,Unknown,2 to 7 Days,4350
2021-09,DNA,Unknown,Unknown,22  to 28 Days,759
2021-09,DNA,Unknown,Unknown,8  to 14 Days,2292
2021-09,DNA,Unknown,Unknown,More than 28 Days,1018
2021-09,DNA,Unknown,Unknown,Same Day,1902
2021-09,DNA,Unknown,Unknown,Unknown / Data Quality,1
2021-09,DNA,Unknown,Video/Online,Same Day,6
2021-09,Unknown,GP,Face-to-Face,1 Day,21061
2021-09,Unknown,GP,Face-to-Face,15  to 21 Days,33618
2021-09,Unknown,GP,Face-to-Face,2 to 7 Days,55726
2021-09,Unknown,GP,Face-to-Face,22  to 28 Days,32573
2021-09,Unknown,GP,Face-to-Face,8  to 14 Days,44341
2021-09,Unknown,GP,Face-to-Face,More than 28 Days,44885
2021-09,Unknown,GP,Face-to-Face,Same Day,68751
2021-09,Unknown,GP,Face-to-Face,Unknown / Data Quality,529
2021-09,Unknown,GP,Home Visit,1 Day,2292
2021-09,Unknown,GP,Home Visit,15  to 21 Days,136
2021-09,Unknown,GP,Home Visit,2 to 7 Days,2179
2021-09,Unknown,GP,Home Visit,22  to 28 Days,88
2021-09,Unknown,GP,Home Visit,8  to 14 Days,421
2021-09,Unknown,GP,Home Visit,More than 28 Days,103
2021-09,Unknown,GP,Home Visit,Same Day,8099
2021-09,Unknown,GP,Home Visit,Unknown / Data Quality,145
2021-09,Unknown,GP,Telephone,1 Day,15150
2021-09,Unknown,GP,Telephone,15  to 21 Days,14956
2021-09,Unknown,GP,Telephone,2 to 7 Days,31133
2021-09,Unknown,GP,Telephone,22  to 28 Days,9601
2021-09,Unknown,GP,Telephone,8  to 14 Days,22933
2021-09,Unknown,GP,Telephone,More than 28 Days,8751
2021-09,Unknown,GP,Telephone,Same Day,63253
2021-09,Unknown,GP,Telephone,Unknown / Data Quality,2491
2021-09,Unknown,GP,Unknown,1 Day,837
2021-09,Unknown,GP,Unknown,15  to 21 Days,1049
2021-09,Unknown,GP,Unknown,2 to 7 Days,1746
2021-09,Unknown,GP,Unknown,22  to 28 Days,716
2021-09,Unknown,GP,Unknown,8  to 14 Days,1245
2021-09,Unknown,GP,Unknown,More than 28 Days,775
2021-09,Unknown,GP,Unknown,Same Day,2439
2021-09,Unknown,GP,Unknown,Unknown / Data Quality,5
2021-09,Unknown,GP,Video/Online,1 Day,291
2021-09,Unknown,GP,Video/Online,15  to 21 Days,909
2021-09,Unknown,GP,Video/Online,2 to 7 Days,398
2021-09,Unknown,GP,Video/Online,22  to 28 Days,327
2021-09,Unknown,GP,Video/Online,8  to 14 Days,408
2021-09,Unknown,GP,Video/Online,More than 28 Days,251
2021-09,Unknown,GP,Video/Online,Same Day,947
2021-09,Unknown,GP,Video/Online,Unknown / Data Quality,4
2021-09,Unknown,Other Practice staff,Face-to-Face,1 Day,24239
2021-09,Unknown,Other Practice staff,Face-to-Face,15  to 21 Days,113384
2021-09,Unknown,Other Practice staff,Face-to-Face,2 to 7 Days,117710
2021-09,Unknown,Other Practice staff,Face-to-Face,22  to 28 Days,107571
2021-09,Unknown,Other Practice staff,Face-to-Face,8  to 14 Days,126727
2021-09,Unknown,Other Practice staff,Face-to-Face,More than 28 Days,148419
2021-09,Unknown,Other Practice staff,Face-to-Face,Same Day,74546
2021-09,Unknown,Other Practice staff,Face-to-Face,Unknown / Data Quality,2136
2021-09,Unknown,Other Practice staff,Home Visit,1 Day,2754
2021-09,Unknown,Other Practice staff,Home Visit,15  to 21 Days,565
2021-09,Unknown,Other Practice staff,Home Visit,2 to 7 Days,3286
2021-09,Unknown,Other Practice staff,Home Visit,22  to 28 Days,478
2021-09,Unknown,Other Practice staff,Home Visit,8  to 14 Days,1197
2021-09,Unknown,Other Practice staff,Home Visit,More than 28 Days,708
2021-09,Unknown,Other Practice staff,Home Visit,Same Day,5676
2021-09,Unknown,Other Practice staff,Home Visit,Unknown / Data Quality,141
2021-09,Unknown,Other Practice staff,Telephone,1 Day,9127
2021-09,Unknown,Other Practice staff,Telephone,15  to 21 Days,8593
2021-09,Unknown,Other Practice staff,Telephone,2 to 7 Days,23173
2021-09,Unknown,Other Practice staff,Telephone,22  to 28 Days,6388
2021-09,Unknown,Other Practice staff,Telephone,8  to 14 Days,14252
2021-09,Unknown,Other Practice staff,Telephone,More than 28 Days,9105
2021-09,Unknown,Other Practice staff,Telephone,Same Day,32307
2021-09,Unknown,Other Practice staff,Telephone,Unknown / Data Quality,362
2021-09,Unknown,Other Practice staff,Unknown,1 Day,921
2021-09,Unknown,Other Practice staff,Unknown,15  to 21 Days,3656
2021-09,Unknown,Other Practice staff,Unknown,2 to 7 Days,5016
2021-09,Unknown,Other Practice staff,Unknown,22  to 28 Days,2079
2021-09,Unknown,Other Practice staff,Unknown,8  to 14 Days,4172
2021-09,Unknown,Other Practice staff,Unknown,More than 28 Days,2349
2021-09,Unknown,Other Practice staff,Unknown,Same Day,1985
2021-09,Unknown,Other Practice staff,Unknown,Unknown / Data Quality,2
2021-09,Unknown,Other Practice staff,Video/Online,1 Day,153
2021-09,Unknown,Other Practice staff,Video/Online,15  to 21 Days,1947
2021-09,Unknown,Other Practice staff,Video/Online,2 to 7 Days,1044
2021-09,Unknown,Other Practice staff,Video/Online,22  to 28 Days,709
2021-09,Unknown,Other Practice staff,Video/Online,8  to 14 Days,1323
2021-09,Unknown,Other Practice staff,Video/Online,More than 28 Days,412
2021-09,Unknown,Other Practice staff,Video/Online,Same Day,136
2021-09,Unknown,Other Practice staff,Video/Online,Unknown / Data Quality,16
2021-09,Unknown,Unknown,Face-to-Face,1 Day,2312
2021-09,Unknown,Unknown,Face-to-Face,15  to 21 Days,2470
2021-09,Unknown,Unknown,Face-to-Face,2 to 7 Days,5025
2021-09,Unknown,Unknown,Face-to-Face,22  to 28 Days,2877
2021-09,Unknown,Unknown,Face-to-Face,8  to 14 Days,4607
2021-09,Unknown,Unknown,Face-to-Face,More than 28 Days,1864
2021-09,Unknown,Unknown,Face-to-Face,Same Day,15236
2021-09,Unknown,Unknown,Face-to-Face,Unknown / Data Quality,243
2021-09,Unknown,Unknown,Home Visit,1 Day,1196
2021-09,Unknown,Unknown,Home Visit,15  to 21 Days,68
2021-09,Unknown,Unknown,Home Visit,2 to 7 Days,919
2021-09,Unknown,Unknown,Home Visit,22  to 28 Days,66
2021-09,Unknown,Unknown,Home Visit,8  to 14 Days,177
2021-09,Unknown,Unknown,Home Visit,More than 28 Days,174
2021-09,Unknown,Unknown,Home Visit,Same Day,4244
2021-09,Unknown,Unknown,Home Visit,Unknown / Data Quality,16
2021-09,Unknown,Unknown,Telephone,1 Day,1317
2021-09,Unknown,Unknown,Telephone,15  to 21 Days,196
2021-09,Unknown,Unknown,Telephone,2 to 7 Days,1314
2021-09,Unknown,Unknown,Telephone,22  to 28 Days,74
2021-09,Unknown,Unknown,Telephone,8  to 14 Days,406
2021-09,Unknown,Unknown,Telephone,More than 28 Days,288
2021-09,Unknown,Unknown,Telephone,Same Day,7152
2021-09,Unknown,Unknown,Telephone,Unknown / Data Quality,11
2021-09,Unknown,Unknown,Unknown,1 Day,1184
2021-09,Unknown,Unknown,Unknown,15  to 21 Days,5454
2021-09,Unknown,Unknown,Unknown,2 to 7 Days,5861
2021-09,Unknown,Unknown,Unknown,22  to 28 Days,5203
2021-09,Unknown,Unknown,Unknown,8  to 14 Days,6014
2021-09,Unknown,Unknown,Unknown,More than 28 Days,8961
2021-09,Unknown,Unknown,Unknown,Same Day,2215
2021-09,Unknown,Unknown,Unknown,Unknown / Data Quality,48
2021-09,Unknown,Unknown,Video/Online,1 Day,2
2021-09,Unknown,Unknown,Video/Online,2 to 7 Days,2
2021-09,Unknown,Unknown,Video/Online,8  to 14 Days,1
2021-09,Unknown,Unknown,Video/Online,Same Day,2
2021-10,Attended,GP,Face-to-Face,1 Day,651777
2021-10,Attended,GP,Face-to-Face,15  to 21 Days,279076
2021-10,Attended,GP,Face-to-Face,2 to 7 Days,1296658
2021-10,Attended,GP,Face-to-Face,22  to 28 Days,144401
2021-10,Attended,GP,Face-to-Face,8  to 14 Days,623154
2021-10,Attended,GP,Face-to-Face,More than 28 Days,127175
2021-10,Attended,GP,Face-to-Face,Same Day,3504591
2021-10,Attended,GP,Face-to-Face,Unknown / Data Quality,2920
2021-10,Attended,GP,Home Visit,1 Day,7479
2021-10,Attended,GP,Home Visit,15  to 21 Days,455
2021-10,Attended,GP,Home Visit,2 to 7 Days,7221
2021-10,Attended,GP,Home Visit,22  to 28 Days,273
2021-10,Attended,GP,Home Visit,8  to 14 Days,1033
2021-10,Attended,GP,Home Visit,More than 28 Days,220
2021-10,Attended,GP,Home Visit,Same Day,37826
2021-10,Attended,GP,Home Visit,Unknown / Data Quality,489
2021-10,Attended,GP,Telephone,1 Day,527192
2021-10,Attended,GP,Telephone,15  to 21 Days,242572
2021-10,Attended,GP,Telephone,2 to 7 Days,1062657
2021-10,Attended,GP,Telephone,22  to 28 Days,108449
2021-10,Attended,GP,Telephone,8  to 14 Days,534474
2021-10,Attended,GP,Telephone,More than 28 Days,39759
2021-10,Attended,GP,Telephone,Same Day,3931166
2021-10,Attended,GP,Telephone,Unknown / Data Quality,964
2021-10,Attended,GP,Unknown,1 Day,13537
2021-10,Attended,GP,Unknown,15  to 21 Days,5792
2021-10,Attended,GP,Unknown,2 to 7 Days,23308
2021-10,Attended,GP,Unknown,22  to 28 Days,2655
2021-10,Attended,GP,Unknown,8  to 14 Days,11190
2021-10,Attended,GP,Unknown,More than 28 Days,1832
2021-10,Attended,GP,Unknown,Same Day,87685
2021-10,Attended,GP,Unknown,Unknown / Data Quality,71
2021-10,Attended,GP,Video/Online,1 Day,9544
2021-10,Attended,GP,Video/Online,15  to 21 Days,2860
2021-10,Attended,GP,Video/Online,2 to 7 Days,16207
2021-10,Attended,GP,Video/Online,22  to 28 Days,2998
2021-10,Attended,GP,Video/Online,8  to 14 Days,6404
2021-10,Attended,GP,Video/Online,More than 28 Days,2616
2021-10,Attended,GP,Video/Online,Same Day,25288
2021-10,Attended,GP,Video/Online,Unknown / Data Quality,76
2021-10,Attended,Other Practice staff,Face-to-Face,1 Day,821658
2021-10,Attended,Other Practice staff,Face-to-Face,15  to 21 Days,977908
2021-10,Attended,Other Practice staff,Face-to-Face,2 to 7 Days,2932316
2021-10,Attended,Other Practice staff,Face-to-Face,22  to 28 Days,542275
2021-10,Attended,Other Practice staff,Face-to-Face,8  to 14 Days,2148518
2021-10,Attended,Other Practice staff,Face-to-Face,More than 28 Days,646526
2021-10,Attended,Other Practice staff,Face-to-Face,Same Day,2133801
2021-10,Attended,Other Practice staff,Face-to-Face,Unknown / Data Quality,3843
2021-10,Attended,Other Practice staff,Home Visit,1 Day,8477
2021-10,Attended,Other Practice staff,Home Visit,15  to 21 Days,2079
2021-10,Attended,Other Practice staff,Home Visit,2 to 7 Days,14610
2021-10,Attended,Other Practice staff,Home Visit,22  to 28 Days,1034
2021-10,Attended,Other Practice staff,Home Visit,8  to 14 Days,5406
2021-10,Attended,Other Practice staff,Home Visit,More than 28 Days,1405
2021-10,Attended,Other Practice staff,Home Visit,Same Day,29362
2021-10,Attended,Other Practice staff,Home Visit,Unknown / Data Quality,675
2021-10,Attended,Other Practice staff,Telephone,1 Day,238884
2021-10,Attended,Other Practice staff,Telephone,15  to 21 Days,96598
2021-10,Attended,Other Practice staff,Telephone,2 to 7 Days,427844
2021-10,Attended,Other Practice staff,Telephone,22  to 28 Days,53083
2021-10,Attended,Other Practice staff,Telephone,8  to 14 Days,203648
2021-10,Attended,Other Practice staff,Telephone,More than 28 Days,38603
2021-10,Attended,Other Practice staff,Telephone,Same Day,1323580
2021-10,Attended,Other Practice staff,Telephone,Unknown / Data Quality,711
2021-10,Attended,Other Practice staff,Unknown,1 Day,14709
2021-10,Attended,Other Practice staff,Unknown,15  to 21 Days,9566
2021-10,Attended,Other Practice staff,Unknown,2 to 7 Days,40267
2021-10,Attended,Other Practice staff,Unknown,22  to 28 Days,5028
2021-10,Attended,Other Practice staff,Unknown,8  to 14 Days,24637
2021-10,Attended,Other Practice staff,Unknown,More than 28 Days,7420
2021-10,Attended,Other Practice staff,Unknown,Same Day,48314
2021-10,Attended,Other Practice staff,Unknown,Unknown / Data Quality,81
2021-10,Attended,Other Practice staff,Video/Online,1 Day,10600
2021-10,Attended,Other Practice staff,Video/Online,15  to 21 Days,7234
2021-10,Attended,Other Practice staff,Video/Online,2 to 7 Days,24957
2021-10,Attended,Other Practice staff,Video/Online,22  to 28 Days,4123
2021-10,Attended,Other Practice staff,Video/Online,8  to 14 Days,17238
2021-10,Attended,Other Practice staff,Video/Online,More than 28 Days,10855
2021-10,Attended,Other Practice staff,Video/Online,Same Day,15735
2021-10,Attended,Other Practice staff,Video/Online,Unknown / Data Quality,21
2021-10,Attended,Unknown,Face-to-Face,1 Day,16402
2021-10,Attended,Unknown,Face-to-Face,15  to 21 Days,2660
2021-10,Attended,Unknown,Face-to-Face,2 to 7 Days,16811
2021-10,Attended,Unknown,Face-to-Face,22  to 28 Days,2069
2021-10,Attended,Unknown,Face-to-Face,8  to 14 Days,6947
2021-10,Attended,Unknown,Face-to-Face,More than 28 Days,2781
2021-10,Attended,Unknown,Face-to-Face,Same Day,105454
2021-10,Attended,Unknown,Face-to-Face,Unknown / Data Quality,54
2021-10,Attended,Unknown,Home Visit,1 Day,2457
2021-10,Attended,Unknown,Home Visit,15  to 21 Days,131
2021-10,Attended,Unknown,Home Visit,2 to 7 Days,1645
2021-10,Attended,Unknown,Home Visit,22  to 28 Days,56
2021-10,Attended,Unknown,Home Visit,8  to 14 Days,232
2021-10,Attended,Unknown,Home Visit,More than 28 Days,20
2021-10,Attended,Unknown,Home Visit,Same Day,10723
2021-10,Attended,Unknown,Home Visit,Unknown / Data Quality,39
2021-10,Attended,Unknown,Telephone,1 Day,13699
2021-10,Attended,Unknown,Telephone,15  to 21 Days,759
2021-10,Attended,Unknown,Telephone,2 to 7 Days,8850
2021-10,Attended,Unknown,Telephone,22  to 28 Days,276
2021-10,Attended,Unknown,Telephone,8  to 14 Days,2143
2021-10,Attended,Unknown,Telephone,More than 28 Days,208
2021-10,Attended,Unknown,Telephone,Same Day,123756
2021-10,Attended,Unknown,Telephone,Unknown / Data Quality,30
2021-10,Attended,Unknown,Unknown,1 Day,51369
2021-10,Attended,Unknown,Unknown,15  to 21 Days,24643
2021-10,Attended,Unknown,Unknown,2 to 7 Days,127442
2021-10,Attended,Unknown,Unknown,22  to 28 Days,11567
2021-10,Attended,Unknown,Unknown,8  to 14 Days,65451
2021-10,Attended,Unknown,Unknown,More than 28 Days,17628
2021-10,Attended,Unknown,Unknown,Same Day,313807
2021-10,Attended,Unknown,Unknown,Unknown / Data Quality,542
2021-10,Attended,Unknown,Video/Online,1 Day,42
2021-10,Attended,Unknown,Video/Online,2 to 7 Days,24
2021-10,Attended,Unknown,Video/Online,Same Day,180
2021-10,DNA,GP,Face-to-Face,1 Day,28421
2021-10,DNA,GP,Face-to-Face,15  to 21 Days,33822
2021-10,DNA,GP,Face-to-Face,2 to 7 Days,94726
2021-10,DNA,GP,Face-to-Face,22  to 28 Days,16745
2021-10,DNA,GP,Face-to-Face,8  to 14 Days,63890
2021-10,DNA,GP,Face-to-Face,More than 28 Days,19422
2021-10,DNA,GP,Face-to-Face,Same Day,61408
2021-10,DNA,GP,Face-to-Face,Unknown / Data Quality,197
2021-10,DNA,GP,Home Visit,1 Day,200
2021-10,DNA,GP,Home Visit,15  to 21 Days,39
2021-10,DNA,GP,Home Visit,2 to 7 Days,392
2021-10,DNA,GP,Home Visit,22  to 28 Days,16
2021-10,DNA,GP,Home Visit,8  to 14 Days,115
2021-10,DNA,GP,Home Visit,More than 28 Days,7
2021-10,DNA,GP,Home Visit,Same Day,1306
2021-10,DNA,GP,Home Visit,Unknown / Data Quality,4
2021-10,DNA,GP,Telephone,1 Day,10997
2021-10,DNA,GP,Telephone,15  to 21 Days,6821
2021-10,DNA,GP,Telephone,2 to 7 Days,24972
2021-10,DNA,GP,Telephone,22  to 28 Days,2977
2021-10,DNA,GP,Telephone,8  to 14 Days,14096
2021-10,DNA,GP,Telephone,More than 28 Days,1021
2021-10,DNA,GP,Telephone,Same Day,48258
2021-10,DNA,GP,Telephone,Unknown / Data Quality,9
2021-10,DNA,GP,Unknown,1 Day,621
2021-10,DNA,GP,Unknown,15  to 21 Days,513
2021-10,DNA,GP,Unknown,2 to 7 Days,1502
2021-10,DNA,GP,Unknown,22  to 28 Days,644
2021-10,DNA,GP,Unknown,8  to 14 Days,871
2021-10,DNA,GP,Unknown,More than 28 Days,361
2021-10,DNA,GP,Unknown,Same Day,2797
2021-10,DNA,GP,Unknown,Unknown / Data Quality,60
2021-10,DNA,GP,Video/Online,1 Day,216
2021-10,DNA,GP,Video/Online,15  to 21 Days,199
2021-10,DNA,GP,Video/Online,2 to 7 Days,1050
2021-10,DNA,GP,Video/Online,22  to 28 Days,159
2021-10,DNA,GP,Video/Online,8  to 14 Days,409
2021-10,DNA,GP,Video/Online,More than 28 Days,182
2021-10,DNA,GP,Video/Online,Same Day,472
2021-10,DNA,Other Practice staff,Face-to-Face,1 Day,60303
2021-10,DNA,Other Practice staff,Face-to-Face,15  to 21 Days,129669
2021-10,DNA,Other Practice staff,Face-to-Face,2 to 7 Days,309760
2021-10,DNA,Other Practice staff,Face-to-Face,22  to 28 Days,73969
2021-10,DNA,Other Practice staff,Face-to-Face,8  to 14 Days,264949
2021-10,DNA,Other Practice staff,Face-to-Face,More than 28 Days,88827
2021-10,DNA,Other Practice staff,Face-to-Face,Same Day,61694
2021-10,DNA,Other Practice staff,Face-to-Face,Unknown / Data Quality,175
2021-10,DNA,Other Practice staff,Home Visit,1 Day,345
2021-10,DNA,Other Practice staff,Home Visit,15  to 21 Days,99
2021-10,DNA,Other Practice staff,Home Visit,2 to 7 Days,633
2021-10,DNA,Other Practice staff,Home Visit,22  to 28 Days,70
2021-10,DNA,Other Practice staff,Home Visit,8  to 14 Days,278
2021-10,DNA,Other Practice staff,Home Visit,More than 28 Days,108
2021-10,DNA,Other Practice staff,Home Visit,Same Day,605
2021-10,DNA,Other Practice staff,Home Visit,Unknown / Data Quality,20
2021-10,DNA,Other Practice staff,Telephone,1 Day,9280
2021-10,DNA,Other Practice staff,Telephone,15  to 21 Days,5464
2021-10,DNA,Other Practice staff,Telephone,2 to 7 Days,21557
2021-10,DNA,Other Practice staff,Telephone,22  to 28 Days,3174
2021-10,DNA,Other Practice staff,Telephone,8  to 14 Days,11500
2021-10,DNA,Other Practice staff,Telephone,More than 28 Days,2046
2021-10,DNA,Other Practice staff,Telephone,Same Day,24758
2021-10,DNA,Other Practice staff,Telephone,Unknown / Data Quality,14
2021-10,DNA,Other Practice staff,Unknown,1 Day,1690
2021-10,DNA,Other Practice staff,Unknown,15  to 21 Days,773
2021-10,DNA,Other Practice staff,Unknown,2 to 7 Days,4201
2021-10,DNA,Other Practice staff,Unknown,22  to 28 Days,690
2021-10,DNA,Other Practice staff,Unknown,8  to 14 Days,2040
2021-10,DNA,Other Practice staff,Unknown,More than 28 Days,837
2021-10,DNA,Other Practice staff,Unknown,Same Day,4538
2021-10,DNA,Other Practice staff,Unknown,Unknown / Data Quality,45
2021-10,DNA,Other Practice staff,Video/Online,1 Day,750
2021-10,DNA,Other Practice staff,Video/Online,15  to 21 Days,687
2021-10,DNA,Other Practice staff,Video/Online,2 to 7 Days,1829
2021-10,DNA,Other Practice staff,Video/Online,22  to 28 Days,377
2021-10,DNA,Other Practice staff,Video/Online,8  to 14 Days,1311
2021-10,DNA,Other Practice staff,Video/Online,More than 28 Days,524
2021-10,DNA,Other Practice staff,Video/Online,Same Day,730
2021-10,DNA,Unknown,Face-to-Face,1 Day,704
2021-10,DNA,Unknown,Face-to-Face,15  to 21 Days,226
2021-10,DNA,Unknown,Face-to-Face,2 to 7 Days,1970
2021-10,DNA,Unknown,Face-to-Face,22  to 28 Days,140
2021-10,DNA,Unknown,Face-to-Face,8  to 14 Days,914
2021-10,DNA,Unknown,Face-to-Face,More than 28 Days,139
2021-10,DNA,Unknown,Face-to-Face,Same Day,1009
2021-10,DNA,Unknown,Home Visit,1 Day,843
2021-10,DNA,Unknown,Home Visit,15  to 21 Days,37
2021-10,DNA,Unknown,Home Visit,2 to 7 Days,496
2021-10,DNA,Unknown,Home Visit,22  to 28 Days,17
2021-10,DNA,Unknown,Home Visit,8  to 14 Days,213
2021-10,DNA,Unknown,Home Visit,More than 28 Days,29
2021-10,DNA,Unknown,Home Visit,Same Day,1726
2021-10,DNA,Unknown,Telephone,1 Day,613
2021-10,DNA,Unknown,Telephone,15  to 21 Days,20
2021-10,DNA,Unknown,Telephone,2 to 7 Days,352
2021-10,DNA,Unknown,Telephone,22  to 28 Days,17
2021-10,DNA,Unknown,Telephone,8  to 14 Days,106
2021-10,DNA,Unknown,Telephone,More than 28 Days,8
2021-10,DNA,Unknown,Telephone,Same Day,2533
2021-10,DNA,Unknown,Unknown,1 Day,1897
2021-10,DNA,Unknown,Unknown,15  to 21 Days,1763
2021-10,DNA,Unknown,Unknown,2 to 7 Days,7322
2021-10,DNA,Unknown,Unknown,22  to 28 Days,907
2021-10,DNA,Unknown,Unknown,8  to 14 Days,5045
2021-10,DNA,Unknown,Unknown,More than 28 Days,1209
2021-10,DNA,Unknown,Unknown,Same Day,2344
2021-10,DNA,Unknown,Unknown,Unknown / Data Quality,2
2021-10,DNA,Unknown,Video/Online,Same Day,5
2021-10,Unknown,GP,Face-to-Face,1 Day,22873
2021-10,Unknown,GP,Face-to-Face,15  to 21 Days,33201
2021-10,Unknown,GP,Face-to-Face,2 to 7 Days,74619
2021-10,Unknown,GP,Face-to-Face,22  to 28 Days,24331
2021-10,Unknown,GP,Face-to-Face,8  to 14 Days,60045
2021-10,Unknown,GP,Face-to-Face,More than 28 Days,43192
2021-10,Unknown,GP,Face-to-Face,Same Day,67633
2021-10,Unknown,GP,Face-to-Face,Unknown / Data Quality,477
2021-10,Unknown,GP,Home Visit,1 Day,2161
2021-10,Unknown,GP,Home Visit,15  to 21 Days,143
2021-10,Unknown,GP,Home Visit,2 to 7 Days,2063
2021-10,Unknown,GP,Home Visit,22  to 28 Days,107
2021-10,Unknown,GP,Home Visit,8  to 14 Days,483
2021-10,Unknown,GP,Home Visit,More than 28 Days,120
2021-10,Unknown,GP,Home Visit,Same Day,8116
2021-10,Unknown,GP,Home Visit,Unknown / Data Quality,80
2021-10,Unknown,GP,Telephone,1 Day,14388
2021-10,Unknown,GP,Telephone,15  to 21 Days,14512
2021-10,Unknown,GP,Telephone,2 to 7 Days,32568
2021-10,Unknown,GP,Telephone,22  to 28 Days,9027
2021-10,Unknown,GP,Telephone,8  to 14 Days,24040
2021-10,Unknown,GP,Telephone,More than 28 Days,6738
2021-10,Unknown,GP,Telephone,Same Day,59716
2021-10,Unknown,GP,Telephone,Unknown / Data Quality,2341
2021-10,Unknown,GP,Unknown,1 Day,864
2021-10,Unknown,GP,Unknown,15  to 21 Days,805
2021-10,Unknown,GP,Unknown,2 to 7 Days,1937
2021-10,Unknown,GP,Unknown,22  to 28 Days,600
2021-10,Unknown,GP,Unknown,8  to 14 Days,1199
2021-10,Unknown,GP,Unknown,More than 28 Days,818
2021-10,Unknown,GP,Unknown,Same Day,2528
2021-10,Unknown,GP,Unknown,Unknown / Data Quality,21
2021-10,Unknown,GP,Video/Online,1 Day,194
2021-10,Unknown,GP,Video/Online,15  to 21 Days,176
2021-10,Unknown,GP,Video/Online,2 to 7 Days,408
2021-10,Unknown,GP,Video/Online,22  to 28 Days,100
2021-10,Unknown,GP,Video/Online,8  to 14 Days,500
2021-10,Unknown,GP,Video/Online,More than 28 Days,195
2021-10,Unknown,GP,Video/Online,Same Day,771
2021-10,Unknown,GP,Video/Online,Unknown / Data Quality,3
2021-10,Unknown,Other Practice staff,Face-to-Face,1 Day,32900
2021-10,Unknown,Other Practice staff,Face-to-Face,15  to 21 Days,101273
2021-10,Unknown,Other Practice staff,Face-to-Face,2 to 7 Days,174052
2021-10,Unknown,Other Practice staff,Face-to-Face,22  to 28 Days,73444
2021-10,Unknown,Other Practice staff,Face-to-Face,8  to 14 Days,183827
2021-10,Unknown,Other Practice staff,Face-to-Face,More than 28 Days,152705
2021-10,Unknown,Other Practice staff,Face-to-Face,Same Day,84474
2021-10,Unknown,Other Practice staff,Face-to-Face,Unknown / Data Quality,1492
2021-10,Unknown,Other Practice staff,Home Visit,1 Day,2596
2021-10,Unknown,Other Practice staff,Home Visit,15  to 21 Days,764
2021-10,Unknown,Other Practice staff,Home Visit,2 to 7 Days,4380
2021-10,Unknown,Other Practice staff,Home Visit,22  to 28 Days,513
2021-10,Unknown,Other Practice staff,Home Visit,8  to 14 Days,1674
2021-10,Unknown,Other Practice staff,Home Visit,More than 28 Days,698
2021-10,Unknown,Other Practice staff,Home Visit,Same Day,6068
2021-10,Unknown,Other Practice staff,Home Visit,Unknown / Data Quality,69
2021-10,Unknown,Other Practice staff,Telephone,1 Day,8641
2021-10,Unknown,Other Practice staff,Telephone,15  to 21 Days,9767
2021-10,Unknown,Other Practice staff,Telephone,2 to 7 Days,23600
2021-10,Unknown,Other Practice staff,Telephone,22  to 28 Days,6162
2021-10,Unknown,Other Practice staff,Telephone,8  to 14 Days,16238
2021-10,Unknown,Other Practice staff,Telephone,More than 28 Days,7125
2021-10,Unknown,Other Practice staff,Telephone,Same Day,32898
2021-10,Unknown,Other Practice staff,Telephone,Unknown / Data Quality,574
2021-10,Unknown,Other Practice staff,Unknown,1 Day,1152
2021-10,Unknown,Other Practice staff,Unknown,15  to 21 Days,3113
2021-10,Unknown,Other Practice staff,Unknown,2 to 7 Days,5734
2021-10,Unknown,Other Practice staff,Unknown,22  to 28 Days,2201
2021-10,Unknown,Other Practice staff,Unknown,8  to 14 Days,5927
2021-10,Unknown,Other Practice staff,Unknown,More than 28 Days,3163
2021-10,Unknown,Other Practice staff,Unknown,Same Day,1964
2021-10,Unknown,Other Practice staff,Unknown,Unknown / Data Quality,2
2021-10,Unknown,Other Practice staff,Video/Online,1 Day,337
2021-10,Unknown,Other Practice staff,Video/Online,15  to 21 Days,556
2021-10,Unknown,Other Practice staff,Video/Online,2 to 7 Days,1248
2021-10,Unknown,Other Practice staff,Video/Online,22  to 28 Days,702
2021-10,Unknown,Other Practice staff,Video/Online,8  to 14 Days,1736
2021-10,Unknown,Other Practice staff,Video/Online,More than 28 Days,956
2021-10,Unknown,Other Practice staff,Video/Online,Same Day,327
2021-10,Unknown,Other Practice staff,Video/Online,Unknown / Data Quality,15
2021-10,Unknown,Unknown,Face-to-Face,1 Day,2625
2021-10,Unknown,Unknown,Face-to-Face,15  to 21 Days,1854
2021-10,Unknown,Unknown,Face-to-Face,2 to 7 Days,6130
2021-10,Unknown,Unknown,Face-to-Face,22  to 28 Days,1761
2021-10,Unknown,Unknown,Face-to-Face,8  to 14 Days,4152
2021-10,Unknown,Unknown,Face-to-Face,More than 28 Days,3694
2021-10,Unknown,Unknown,Face-to-Face,Same Day,15529
2021-10,Unknown,Unknown,Face-to-Face,Unknown / Data Quality,120
2021-10,Unknown,Unknown,Home Visit,1 Day,1041
2021-10,Unknown,Unknown,Home Visit,15  to 21 Days,114
2021-10,Unknown,Unknown,Home Visit,2 to 7 Days,1019
2021-10,Unknown,Unknown,Home Visit,22  to 28 Days,76
2021-10,Unknown,Unknown,Home Visit,8  to 14 Days,148
2021-10,Unknown,Unknown,Home Visit,More than 28 Days,27
2021-10,Unknown,Unknown,Home Visit,Same Day,3988
2021-10,Unknown,Unknown,Home Visit,Unknown / Data Quality,6
2021-10,Unknown,Unknown,Telephone,1 Day,1131
2021-10,Unknown,Unknown,Telephone,15  to 21 Days,162
2021-10,Unknown,Unknown,Telephone,2 to 7 Days,1320
2021-10,Unknown,Unknown,Telephone,22  to 28 Days,112
2021-10,Unknown,Unknown,Telephone,8  to 14 Days,475
2021-10,Unknown,Unknown,Telephone,More than 28 Days,96
2021-10,Unknown,Unknown,Telephone,Same Day,4425
2021-10,Unknown,Unknown,Telephone,Unknown / Data Quality,15
2021-10,Unknown,Unknown,Unknown,1 Day,1801
2021-10,Unknown,Unknown,Unknown,15  to 21 Days,6065
2021-10,Unknown,Unknown,Unknown,2 to 7 Days,10027
2021-10,Unknown,Unknown,Unknown,22  to 28 Days,4558
2021-10,Unknown,Unknown,Unknown,8  to 14 Days,11541
2021-10,Unknown,Unknown,Unknown,More than 28 Days,9616
2021-10,Unknown,Unknown,Unknown,Same Day,2602
2021-10,Unknown,Unknown,Unknown,Unknown / Data Quality,41
2021-10,Unknown,Unknown,Video/Online,1 Day,2
2021-10,Unknown,Unknown,Video/Online,Same Day,5
2021-11,Attended,GP,Face-to-Face,1 Day,661787
2021-11,Attended,GP,Face-to-Face,15  to 21 Days,309758
2021-11,Attended,GP,Face-to-Face,2 to 7 Days,1322906
2021-11,Attended,GP,Face-to-Face,22  to 28 Days,163944
2021-11,Attended,GP,Face-to-Face,8  to 14 Days,633963
2021-11,Attended,GP,Face-to-Face,More than 28 Days,108092
2021-11,Attended,GP,Face-to-Face,Same Day,3796477
2021-11,Attended,GP,Face-to-Face,Unknown / Data Quality,3384
2021-11,Attended,GP,Home Visit,1 Day,8678
2021-11,Attended,GP,Home Visit,15  to 21 Days,408
2021-11,Attended,GP,Home Visit,2 to 7 Days,8933
2021-11,Attended,GP,Home Visit,22  to 28 Days,230
2021-11,Attended,GP,Home Visit,8  to 14 Days,1577
2021-11,Attended,GP,Home Visit,More than 28 Days,461
2021-11,Attended,GP,Home Visit,Same Day,42560
2021-11,Attended,GP,Home Visit,Unknown / Data Quality,682
2021-11,Attended,GP,Telephone,1 Day,521954
2021-11,Attended,GP,Telephone,15  to 21 Days,288503
2021-11,Attended,GP,Telephone,2 to 7 Days,1094458
2021-11,Attended,GP,Telephone,22  to 28 Days,134484
2021-11,Attended,GP,Telephone,8  to 14 Days,591821
2021-11,Attended,GP,Telephone,More than 28 Days,48055
2021-11,Attended,GP,Telephone,Same Day,4093477
2021-11,Attended,GP,Telephone,Unknown / Data Quality,3200
2021-11,Attended,GP,Unknown,1 Day,12362
2021-11,Attended,GP,Unknown,15  to 21 Days,6984
2021-11,Attended,GP,Unknown,2 to 7 Days,23213
2021-11,Attended,GP,Unknown,22  to 28 Days,2988
2021-11,Attended,GP,Unknown,8  to 14 Days,10849
2021-11,Attended,GP,Unknown,More than 28 Days,2295
2021-11,Attended,GP,Unknown,Same Day,87739
2021-11,Attended,GP,Unknown,Unknown / Data Quality,84
2021-11,Attended,GP,Video/Online,1 Day,10646
2021-11,Attended,GP,Video/Online,15  to 21 Days,3650
2021-11,Attended,GP,Video/Online,2 to 7 Days,16091
2021-11,Attended,GP,Video/Online,22  to 28 Days,1429
2021-11,Attended,GP,Video/Online,8  to 14 Days,6302
2021-11,Attended,GP,Video/Online,More than 28 Days,1362
2021-11,Attended,GP,Video/Online,Same Day,31813
2021-11,Attended,GP,Video/Online,Unknown / Data Quality,262
2021-11,Attended,Other Practice staff,Face-to-Face,1 Day,748142
2021-11,Attended,Other Practice staff,Face-to-Face,15  to 21 Days,1117646
2021-11,Attended,Other Practice staff,Face-to-Face,2 to 7 Days,2535757
2021-11,Attended,Other Practice staff,Face-to-Face,22  to 28 Days,615662
2021-11,Attended,Other Practice staff,Face-to-Face,8  to 14 Days,2072953
2021-11,Attended,Other Practice staff,Face-to-Face,More than 28 Days,504548
2021-11,Attended,Other Practice staff,Face-to-Face,Same Day,2198759
2021-11,Attended,Other Practice staff,Face-to-Face,Unknown / Data Quality,3965
2021-11,Attended,Other Practice staff,Home Visit,1 Day,9433
2021-11,Attended,Other Practice staff,Home Visit,15  to 21 Days,2790
2021-11,Attended,Other Practice staff,Home Visit,2 to 7 Days,16095
2021-11,Attended,Other Practice staff,Home Visit,22  to 28 Days,1836
2021-11,Attended,Other Practice staff,Home Visit,8  to 14 Days,6698
2021-11,Attended,Other Practice staff,Home Visit,More than 28 Days,1540
2021-11,Attended,Other Practice staff,Home Visit,Same Day,32628
2021-11,Attended,Other Practice staff,Home Visit,Unknown / Data Quality,516
2021-11,Attended,Other Practice staff,Telephone,1 Day,240012
2021-11,Attended,Other Practice staff,Telephone,15  to 21 Days,120477
2021-11,Attended,Other Practice staff,Telephone,2 to 7 Days,452744
2021-11,Attended,Other Practice staff,Telephone,22  to 28 Days,67995
2021-11,Attended,Other Practice staff,Telephone,8  to 14 Days,232056
2021-11,Attended,Other Practice staff,Telephone,More than 28 Days,46911
2021-11,Attended,Other Practice staff,Telephone,Same Day,1409845
2021-11,Attended,Other Practice staff,Telephone,Unknown / Data Quality,1474
2021-11,Attended,Other Practice staff,Unknown,1 Day,13566
2021-11,Attended,Other Practice staff,Unknown,15  to 21 Days,10584
2021-11,Attended,Other Practice staff,Unknown,2 to 7 Days,33705
2021-11,Attended,Other Practice staff,Unknown,22  to 28 Days,5388
2021-11,Attended,Other Practice staff,Unknown,8  to 14 Days,20876
2021-11,Attended,Other Practice staff,Unknown,More than 28 Days,5196
2021-11,Attended,Other Practice staff,Unknown,Same Day,46116
2021-11,Attended,Other Practice staff,Unknown,Unknown / Data Quality,205
2021-11,Attended,Other Practice staff,Video/Online,1 Day,9818
2021-11,Attended,Other Practice staff,Video/Online,15  to 21 Days,8334
2021-11,Attended,Other Practice staff,Video/Online,2 to 7 Days,17451
2021-11,Attended,Other Practice staff,Video/Online,22  to 28 Days,4246
2021-11,Attended,Other Practice staff,Video/Online,8  to 14 Days,14826
2021-11,Attended,Other Practice staff,Video/Online,More than 28 Days,4394
2021-11,Attended,Other Practice staff,Video/Online,Same Day,15669
2021-11,Attended,Other Practice staff,Video/Online,Unknown / Data Quality,13
2021-11,Attended,Unknown,Face-to-Face,1 Day,17236
2021-11,Attended,Unknown,Face-to-Face,15  to 21 Days,3375
2021-11,Attended,Unknown,Face-to-Face,2 to 7 Days,16940
2021-11,Attended,Unknown,Face-to-Face,22  to 28 Days,1946
2021-11,Attended,Unknown,Face-to-Face,8  to 14 Days,5597
2021-11,Attended,Unknown,Face-to-Face,More than 28 Days,1590
2021-11,Attended,Unknown,Face-to-Face,Same Day,112886
2021-11,Attended,Unknown,Face-to-Face,Unknown / Data Quality,56
2021-11,Attended,Unknown,Home Visit,1 Day,2354
2021-11,Attended,Unknown,Home Visit,15  to 21 Days,55
2021-11,Attended,Unknown,Home Visit,2 to 7 Days,2001
2021-11,Attended,Unknown,Home Visit,22  to 28 Days,47
2021-11,Attended,Unknown,Home Visit,8  to 14 Days,265
2021-11,Attended,Unknown,Home Visit,More than 28 Days,22
2021-11,Attended,Unknown,Home Visit,Same Day,10932
2021-11,Attended,Unknown,Home Visit,Unknown / Data Quality,59
2021-11,Attended,Unknown,Telephone,1 Day,13470
2021-11,Attended,Unknown,Telephone,15  to 21 Days,1003
2021-11,Attended,Unknown,Telephone,2 to 7 Days,9095
2021-11,Attended,Unknown,Telephone,22  to 28 Days,381
2021-11,Attended,Unknown,Telephone,8  to 14 Days,1993
2021-11,Attended,Unknown,Telephone,More than 28 Days,228
2021-11,Attended,Unknown,Telephone,Same Day,128921
2021-11,Attended,Unknown,Telephone,Unknown / Data Quality,9
2021-11,Attended,Unknown,Unknown,1 Day,48440
2021-11,Attended,Unknown,Unknown,15  to 21 Days,30969
2021-11,Attended,Unknown,Unknown,2 to 7 Days,123493
2021-11,Attended,Unknown,Unknown,22  to 28 Days,14661
2021-11,Attended,Unknown,Unknown,8  to 14 Days,68667
2021-11,Attended,Unknown,Unknown,More than 28 Days,11655
2021-11,Attended,Unknown,Unknown,Same Day,325813
2021-11,Attended,Unknown,Unknown,Unknown / Data Quality,619
2021-11,Attended,Unknown,Video/Online,1 Day,44
2021-11,Attended,Unknown,Video/Online,2 to 7 Days,29
2021-11,Attended,Unknown,Video/Online,8  to 14 Days,3
2021-11,Attended,Unknown,Video/Online,Same Day,259
2021-11,DNA,GP,Face-to-Face,1 Day,25790
2021-11,DNA,GP,Face-to-Face,15  to 21 Days,25295
2021-11,DNA,GP,Face-to-Face,2 to 7 Days,74689
2021-11,DNA,GP,Face-to-Face,22  to 28 Days,14110
2021-11,DNA,GP,Face-to-Face,8  to 14 Days,49083
2021-11,DNA,GP,Face-to-Face,More than 28 Days,14244
2021-11,DNA,GP,Face-to-Face,Same Day,62913
2021-11,DNA,GP,Face-to-Face,Unknown / Data Quality,153
2021-11,DNA,GP,Home Visit,1 Day,313
2021-11,DNA,GP,Home Visit,15  to 21 Days,24
2021-11,DNA,GP,Home Visit,2 to 7 Days,544
2021-11,DNA,GP,Home Visit,22  to 28 Days,8
2021-11,DNA,GP,Home Visit,8  to 14 Days,93
2021-11,DNA,GP,Home Visit,More than 28 Days,13
2021-11,DNA,GP,Home Visit,Same Day,1372
2021-11,DNA,GP,Home Visit,Unknown / Data Quality,5
2021-11,DNA,GP,Telephone,1 Day,10858
2021-11,DNA,GP,Telephone,15  to 21 Days,7660
2021-11,DNA,GP,Telephone,2 to 7 Days,25183
2021-11,DNA,GP,Telephone,22  to 28 Days,3547
2021-11,DNA,GP,Telephone,8  to 14 Days,14861
2021-11,DNA,GP,Telephone,More than 28 Days,1130
2021-11,DNA,GP,Telephone,Same Day,49155
2021-11,DNA,GP,Telephone,Unknown / Data Quality,23
2021-11,DNA,GP,Unknown,1 Day,574
2021-11,DNA,GP,Unknown,15  to 21 Days,190
2021-11,DNA,GP,Unknown,2 to 7 Days,812
2021-11,DNA,GP,Unknown,22  to 28 Days,130
2021-11,DNA,GP,Unknown,8  to 14 Days,349
2021-11,DNA,GP,Unknown,More than 28 Days,107
2021-11,DNA,GP,Unknown,Same Day,2589
2021-11,DNA,GP,Unknown,Unknown / Data Quality,47
2021-11,DNA,GP,Video/Online,1 Day,183
2021-11,DNA,GP,Video/Online,15  to 21 Days,256
2021-11,DNA,GP,Video/Online,2 to 7 Days,1035
2021-11,DNA,GP,Video/Online,22  to 28 Days,87
2021-11,DNA,GP,Video/Online,8  to 14 Days,372
2021-11,DNA,GP,Video/Online,More than 28 Days,91
2021-11,DNA,GP,Video/Online,Same Day,471
2021-11,DNA,Other Practice staff,Face-to-Face,1 Day,50020
2021-11,DNA,Other Practice staff,Face-to-Face,15  to 21 Days,139533
2021-11,DNA,Other Practice staff,Face-to-Face,2 to 7 Days,250598
2021-11,DNA,Other Practice staff,Face-to-Face,22  to 28 Days,77668
2021-11,DNA,Other Practice staff,Face-to-Face,8  to 14 Days,246992
2021-11,DNA,Other Practice staff,Face-to-Face,More than 28 Days,69941
2021-11,DNA,Other Practice staff,Face-to-Face,Same Day,61217
2021-11,DNA,Other Practice staff,Face-to-Face,Unknown / Data Quality,142
2021-11,DNA,Other Practice staff,Home Visit,1 Day,427
2021-11,DNA,Other Practice staff,Home Visit,15  to 21 Days,164
2021-11,DNA,Other Practice staff,Home Visit,2 to 7 Days,881
2021-11,DNA,Other Practice staff,Home Visit,22  to 28 Days,115
2021-11,DNA,Other Practice staff,Home Visit,8  to 14 Days,434
2021-11,DNA,Other Practice staff,Home Visit,More than 28 Days,101
2021-11,DNA,Other Practice staff,Home Visit,Same Day,780
2021-11,DNA,Other Practice staff,Home Visit,Unknown / Data Quality,5
2021-11,DNA,Other Practice staff,Telephone,1 Day,9620
2021-11,DNA,Other Practice staff,Telephone,15  to 21 Days,6412
2021-11,DNA,Other Practice staff,Telephone,2 to 7 Days,22811
2021-11,DNA,Other Practice staff,Telephone,22  to 28 Days,3668
2021-11,DNA,Other Practice staff,Telephone,8  to 14 Days,12842
2021-11,DNA,Other Practice staff,Telephone,More than 28 Days,2644
2021-11,DNA,Other Practice staff,Telephone,Same Day,26990
2021-11,DNA,Other Practice staff,Telephone,Unknown / Data Quality,27
2021-11,DNA,Other Practice staff,Unknown,1 Day,1629
2021-11,DNA,Other Practice staff,Unknown,15  to 21 Days,596
2021-11,DNA,Other Practice staff,Unknown,2 to 7 Days,3360
2021-11,DNA,Other Practice staff,Unknown,22  to 28 Days,537
2021-11,DNA,Other Practice staff,Unknown,8  to 14 Days,1457
2021-11,DNA,Other Practice staff,Unknown,More than 28 Days,433
2021-11,DNA,Other Practice staff,Unknown,Same Day,4256
2021-11,DNA,Other Practice staff,Unknown,Unknown / Data Quality,41
2021-11,DNA,Other Practice staff,Video/Online,1 Day,698
2021-11,DNA,Other Practice staff,Video/Online,15  to 21 Days,788
2021-11,DNA,Other Practice staff,Video/Online,2 to 7 Days,1496
2021-11,DNA,Other Practice staff,Video/Online,22  to 28 Days,482
2021-11,DNA,Other Practice staff,Video/Online,8  to 14 Days,1452
2021-11,DNA,Other Practice staff,Video/Online,More than 28 Days,442
2021-11,DNA,Other Practice staff,Video/Online,Same Day,735
2021-11,DNA,Unknown,Face-to-Face,1 Day,614
2021-11,DNA,Unknown,Face-to-Face,15  to 21 Days,567
2021-11,DNA,Unknown,Face-to-Face,2 to 7 Days,1546
2021-11,DNA,Unknown,Face-to-Face,22  to 28 Days,304
2021-11,DNA,Unknown,Face-to-Face,8  to 14 Days,1027
2021-11,DNA,Unknown,Face-to-Face,More than 28 Days,243
2021-11,DNA,Unknown,Face-to-Face,Same Day,1094
2021-11,DNA,Unknown,Face-to-Face,Unknown / Data Quality,1
2021-11,DNA,Unknown,Home Visit,1 Day,701
2021-11,DNA,Unknown,Home Visit,15  to 21 Days,57
2021-11,DNA,Unknown,Home Visit,2 to 7 Days,551
2021-11,DNA,Unknown,Home Visit,22  to 28 Days,19
2021-11,DNA,Unknown,Home Visit,8  to 14 Days,287
2021-11,DNA,Unknown,Home Visit,More than 28 Days,42
2021-11,DNA,Unknown,Home Visit,Same Day,1803
2021-11,DNA,Unknown,Telephone,1 Day,687
2021-11,DNA,Unknown,Telephone,15  to 21 Days,29
2021-11,DNA,Unknown,Telephone,2 to 7 Days,401
2021-11,DNA,Unknown,Telephone,22  to 28 Days,23
2021-11,DNA,Unknown,Telephone,8  to 14 Days,60
2021-11,DNA,Unknown,Telephone,More than 28 Days,19
2021-11,DNA,Unknown,Telephone,Same Day,2927
2021-11,DNA,Unknown,Unknown,1 Day,1697
2021-11,DNA,Unknown,Unknown,15  to 21 Days,2836
2021-11,DNA,Unknown,Unknown,2 to 7 Days,7125
2021-11,DNA,Unknown,Unknown,22  to 28 Days,1628
2021-11,DNA,Unknown,Unknown,8  to 14 Days,5508
2021-11,DNA,Unknown,Unknown,More than 28 Days,1149
2021-11,DNA,Unknown,Unknown,Same Day,2246
2021-11,DNA,Unknown,Unknown,Unknown / Data Quality,1
2021-11,DNA,Unknown,Video/Online,1 Day,1
2021-11,DNA,Unknown,Video/Online,2 to 7 Days,3
2021-11,DNA,Unknown,Video/Online,Same Day,3
2021-11,Unknown,GP,Face-to-Face,1 Day,19593
2021-11,Unknown,GP,Face-to-Face,15  to 21 Days,25782
2021-11,Unknown,GP,Face-to-Face,2 to 7 Days,54130
2021-11,Unknown,GP,Face-to-Face,22  to 28 Days,17452
2021-11,Unknown,GP,Face-to-Face,8  to 14 Days,40551
2021-11,Unknown,GP,Face-to-Face,More than 28 Days,20644
2021-11,Unknown,GP,Face-to-Face,Same Day,72452
2021-11,Unknown,GP,Face-to-Face,Unknown / Data Quality,705
2021-11,Unknown,GP,Home Visit,1 Day,2193
2021-11,Unknown,GP,Home Visit,15  to 21 Days,241
2021-11,Unknown,GP,Home Visit,2 to 7 Days,2664
2021-11,Unknown,GP,Home Visit,22  to 28 Days,100
2021-11,Unknown,GP,Home Visit,8  to 14 Days,720
2021-11,Unknown,GP,Home Visit,More than 28 Days,137
2021-11,Unknown,GP,Home Visit,Same Day,8848
2021-11,Unknown,GP,Home Visit,Unknown / Data Quality,81
2021-11,Unknown,GP,Telephone,1 Day,15100
2021-11,Unknown,GP,Telephone,15  to 21 Days,16360
2021-11,Unknown,GP,Telephone,2 to 7 Days,35603
2021-11,Unknown,GP,Telephone,22  to 28 Days,10288
2021-11,Unknown,GP,Telephone,8  to 14 Days,24346
2021-11,Unknown,GP,Telephone,More than 28 Days,8009
2021-11,Unknown,GP,Telephone,Same Day,59024
2021-11,Unknown,GP,Telephone,Unknown / Data Quality,698
2021-11,Unknown,GP,Unknown,1 Day,783
2021-11,Unknown,GP,Unknown,15  to 21 Days,1426
2021-11,Unknown,GP,Unknown,2 to 7 Days,1674
2021-11,Unknown,GP,Unknown,22  to 28 Days,1125
2021-11,Unknown,GP,Unknown,8  to 14 Days,1004
2021-11,Unknown,GP,Unknown,More than 28 Days,769
2021-11,Unknown,GP,Unknown,Same Day,2273
2021-11,Unknown,GP,Unknown,Unknown / Data Quality,3
2021-11,Unknown,GP,Video/Online,1 Day,261
2021-11,Unknown,GP,Video/Online,15  to 21 Days,139
2021-11,Unknown,GP,Video/Online,2 to 7 Days,345
2021-11,Unknown,GP,Video/Online,22  to 28 Days,96
2021-11,Unknown,GP,Video/Online,8  to 14 Days,260
2021-11,Unknown,GP,Video/Online,More than 28 Days,81
2021-11,Unknown,GP,Video/Online,Same Day,990
2021-11,Unknown,GP,Video/Online,Unknown / Data Quality,7
2021-11,Unknown,Other Practice staff,Face-to-Face,1 Day,25389
2021-11,Unknown,Other Practice staff,Face-to-Face,15  to 21 Days,93563
2021-11,Unknown,Other Practice staff,Face-to-Face,2 to 7 Days,126596
2021-11,Unknown,Other Practice staff,Face-to-Face,22  to 28 Days,64350
2021-11,Unknown,Other Practice staff,Face-to-Face,8  to 14 Days,138155
2021-11,Unknown,Other Practice staff,Face-to-Face,More than 28 Days,89577
2021-11,Unknown,Other Practice staff,Face-to-Face,Same Day,82348
2021-11,Unknown,Other Practice staff,Face-to-Face,Unknown / Data Quality,2173
2021-11,Unknown,Other Practice staff,Home Visit,1 Day,3400
2021-11,Unknown,Other Practice staff,Home Visit,15  to 21 Days,993
2021-11,Unknown,Other Practice staff,Home Visit,2 to 7 Days,5334
2021-11,Unknown,Other Practice staff,Home Visit,22  to 28 Days,498
2021-11,Unknown,Other Practice staff,Home Visit,8  to 14 Days,2228
2021-11,Unknown,Other Practice staff,Home Visit,More than 28 Days,761
2021-11,Unknown,Other Practice staff,Home Visit,Same Day,6624
2021-11,Unknown,Other Practice staff,Home Visit,Unknown / Data Quality,109
2021-11,Unknown,Other Practice staff,Telephone,1 Day,9409
2021-11,Unknown,Other Practice staff,Telephone,15  to 21 Days,10335
2021-11,Unknown,Other Practice staff,Telephone,2 to 7 Days,25078
2021-11,Unknown,Other Practice staff,Telephone,22  to 28 Days,6834
2021-11,Unknown,Other Practice staff,Telephone,8  to 14 Days,17089
2021-11,Unknown,Other Practice staff,Telephone,More than 28 Days,7871
2021-11,Unknown,Other Practice staff,Telephone,Same Day,32876
2021-11,Unknown,Other Practice staff,Telephone,Unknown / Data Quality,335
2021-11,Unknown,Other Practice staff,Unknown,1 Day,1093
2021-11,Unknown,Other Practice staff,Unknown,15  to 21 Days,3739
2021-11,Unknown,Other Practice staff,Unknown,2 to 7 Days,3864
2021-11,Unknown,Other Practice staff,Unknown,22  to 28 Days,2699
2021-11,Unknown,Other Practice staff,Unknown,8  to 14 Days,4422
2021-11,Unknown,Other Practice staff,Unknown,More than 28 Days,2751
2021-11,Unknown,Other Practice staff,Unknown,Same Day,2480
2021-11,Unknown,Other Practice staff,Unknown,Unknown / Data Quality,1
2021-11,Unknown,Other Practice staff,Video/Online,1 Day,76
2021-11,Unknown,Other Practice staff,Video/Online,15  to 21 Days,651
2021-11,Unknown,Other Practice staff,Video/Online,2 to 7 Days,477
2021-11,Unknown,Other Practice staff,Video/Online,22  to 28 Days,348
2021-11,Unknown,Other Practice staff,Video/Online,8  to 14 Days,611
2021-11,Unknown,Other Practice staff,Video/Online,More than 28 Days,528
2021-11,Unknown,Other Practice staff,Video/Online,Same Day,242
2021-11,Unknown,Unknown,Face-to-Face,1 Day,2189
2021-11,Unknown,Unknown,Face-to-Face,15  to 21 Days,2034
2021-11,Unknown,Unknown,Face-to-Face,2 to 7 Days,3746
2021-11,Unknown,Unknown,Face-to-Face,22  to 28 Days,1462
2021-11,Unknown,Unknown,Face-to-Face,8  to 14 Days,2809
2021-11,Unknown,Unknown,Face-to-Face,More than 28 Days,1943
2021-11,Unknown,Unknown,Face-to-Face,Same Day,14452
2021-11,Unknown,Unknown,Face-to-Face,Unknown / Data Quality,149
2021-11,Unknown,Unknown,Home Visit,1 Day,1160
2021-11,Unknown,Unknown,Home Visit,15  to 21 Days,70
2021-11,Unknown,Unknown,Home Visit,2 to 7 Days,1353
2021-11,Unknown,Unknown,Home Visit,22  to 28 Days,92
2021-11,Unknown,Unknown,Home Visit,8  to 14 Days,219
2021-11,Unknown,Unknown,Home Visit,More than 28 Days,82
2021-11,Unknown,Unknown,Home Visit,Same Day,4256
2021-11,Unknown,Unknown,Home Visit,Unknown / Data Quality,17
2021-11,Unknown,Unknown,Telephone,1 Day,1276
2021-11,Unknown,Unknown,Telephone,15  to 21 Days,105
2021-11,Unknown,Unknown,Telephone,2 to 7 Days,1417
2021-11,Unknown,Unknown,Telephone,22  to 28 Days,65
2021-11,Unknown,Unknown,Telephone,8  to 14 Days,343
2021-11,Unknown,Unknown,Telephone,More than 28 Days,93
2021-11,Unknown,Unknown,Telephone,Same Day,4125
2021-11,Unknown,Unknown,Telephone,Unknown / Data Quality,17
2021-11,Unknown,Unknown,Unknown,1 Day,1659
2021-11,Unknown,Unknown,Unknown,15  to 21 Days,6395
2021-11,Unknown,Unknown,Unknown,2 to 7 Days,8178
2021-11,Unknown,Unknown,Unknown,22  to 28 Days,4030
2021-11,Unknown,Unknown,Unknown,8  to 14 Days,9865
2021-11,Unknown,Unknown,Unknown,More than 28 Days,6493
2021-11,Unknown,Unknown,Unknown,Same Day,3085
2021-11,Unknown,Unknown,Unknown,Unknown / Data Quality,35
2021-11,Unknown,Unknown,Video/Online,1 Day,2
2021-11,Unknown,Unknown,Video/Online,2 to 7 Days,2
2021-11,Unknown,Unknown,Video/Online,Same Day,6
2021-12,Attended,GP,Face-to-Face,1 Day,570265
2021-12,Attended,GP,Face-to-Face,15  to 21 Days,232645
2021-12,Attended,GP,Face-to-Face,2 to 7 Days,969526
2021-12,Attended,GP,Face-to-Face,22  to 28 Days,128298
2021-12,Attended,GP,Face-to-Face,8  to 14 Days,472521
2021-12,Attended,GP,Face-to-Face,More than 28 Days,79099
2021-12,Attended,GP,Face-to-Face,Same Day,3368500
2021-12,Attended,GP,Face-to-Face,Unknown / Data Quality,2799
2021-12,Attended,GP,Home Visit,1 Day,8167
2021-12,Attended,GP,Home Visit,15  to 21 Days,396
2021-12,Attended,GP,Home Visit,2 to 7 Days,6797
2021-12,Attended,GP,Home Visit,22  to 28 Days,257
2021-12,Attended,GP,Home Visit,8  to 14 Days,1193
2021-12,Attended,GP,Home Visit,More than 28 Days,399
2021-12,Attended,GP,Home Visit,Same Day,39986
2021-12,Attended,GP,Home Visit,Unknown / Data Quality,397
2021-12,Attended,GP,Telephone,1 Day,466727
2021-12,Attended,GP,Telephone,15  to 21 Days,230160
2021-12,Attended,GP,Telephone,2 to 7 Days,819195
2021-12,Attended,GP,Telephone,22  to 28 Days,113376
2021-12,Attended,GP,Telephone,8  to 14 Days,459004
2021-12,Attended,GP,Telephone,More than 28 Days,42170
2021-12,Attended,GP,Telephone,Same Day,3771471
2021-12,Attended,GP,Telephone,Unknown / Data Quality,2299
2021-12,Attended,GP,Unknown,1 Day,10875
2021-12,Attended,GP,Unknown,15  to 21 Days,4757
2021-12,Attended,GP,Unknown,2 to 7 Days,17177
2021-12,Attended,GP,Unknown,22  to 28 Days,2290
2021-12,Attended,GP,Unknown,8  to 14 Days,8315
2021-12,Attended,GP,Unknown,More than 28 Days,1998
2021-12,Attended,GP,Unknown,Same Day,74751
2021-12,Attended,GP,Unknown,Unknown / Data Quality,86
2021-12,Attended,GP,Video/Online,1 Day,9642
2021-12,Attended,GP,Video/Online,15  to 21 Days,2560
2021-12,Attended,GP,Video/Online,2 to 7 Days,11579
2021-12,Attended,GP,Video/Online,22  to 28 Days,1098
2021-12,Attended,GP,Video/Online,8  to 14 Days,4274
2021-12,Attended,GP,Video/Online,More than 28 Days,671
2021-12,Attended,GP,Video/Online,Same Day,27067
2021-12,Attended,GP,Video/Online,Unknown / Data Quality,128
2021-12,Attended,Other Practice staff,Face-to-Face,1 Day,670788
2021-12,Attended,Other Practice staff,Face-to-Face,15  to 21 Days,813527
2021-12,Attended,Other Practice staff,Face-to-Face,2 to 7 Days,1870274
2021-12,Attended,Other Practice staff,Face-to-Face,22  to 28 Days,477060
2021-12,Attended,Other Practice staff,Face-to-Face,8  to 14 Days,1487631
2021-12,Attended,Other Practice staff,Face-to-Face,More than 28 Days,403534
2021-12,Attended,Other Practice staff,Face-to-Face,Same Day,1921040
2021-12,Attended,Other Practice staff,Face-to-Face,Unknown / Data Quality,2538
2021-12,Attended,Other Practice staff,Home Visit,1 Day,8617
2021-12,Attended,Other Practice staff,Home Visit,15  to 21 Days,2061
2021-12,Attended,Other Practice staff,Home Visit,2 to 7 Days,12861
2021-12,Attended,Other Practice staff,Home Visit,22  to 28 Days,1245
2021-12,Attended,Other Practice staff,Home Visit,8  to 14 Days,5426
2021-12,Attended,Other Practice staff,Home Visit,More than 28 Days,1422
2021-12,Attended,Other Practice staff,Home Visit,Same Day,29136
2021-12,Attended,Other Practice staff,Home Visit,Unknown / Data Quality,440
2021-12,Attended,Other Practice staff,Telephone,1 Day,214986
2021-12,Attended,Other Practice staff,Telephone,15  to 21 Days,105890
2021-12,Attended,Other Practice staff,Telephone,2 to 7 Days,347077
2021-12,Attended,Other Practice staff,Telephone,22  to 28 Days,63912
2021-12,Attended,Other Practice staff,Telephone,8  to 14 Days,184627
2021-12,Attended,Other Practice staff,Telephone,More than 28 Days,43723
2021-12,Attended,Other Practice staff,Telephone,Same Day,1285828
2021-12,Attended,Other Practice staff,Telephone,Unknown / Data Quality,1098
2021-12,Attended,Other Practice staff,Unknown,1 Day,11542
2021-12,Attended,Other Practice staff,Unknown,15  to 21 Days,7219
2021-12,Attended,Other Practice staff,Unknown,2 to 7 Days,23928
2021-12,Attended,Other Practice staff,Unknown,22  to 28 Days,4152
2021-12,Attended,Other Practice staff,Unknown,8  to 14 Days,14613
2021-12,Attended,Other Practice staff,Unknown,More than 28 Days,3528
2021-12,Attended,Other Practice staff,Unknown,Same Day,40576
2021-12,Attended,Other Practice staff,Unknown,Unknown / Data Quality,259
2021-12,Attended,Other Practice staff,Video/Online,1 Day,8003
2021-12,Attended,Other Practice staff,Video/Online,15  to 21 Days,5473
2021-12,Attended,Other Practice staff,Video/Online,2 to 7 Days,12527
2021-12,Attended,Other Practice staff,Video/Online,22  to 28 Days,3133
2021-12,Attended,Other Practice staff,Video/Online,8  to 14 Days,9342
2021-12,Attended,Other Practice staff,Video/Online,More than 28 Days,3070
2021-12,Attended,Other Practice staff,Video/Online,Same Day,15440
2021-12,Attended,Other Practice staff,Video/Online,Unknown / Data Quality,23
2021-12,Attended,Unknown,Face-to-Face,1 Day,14919
2021-12,Attended,Unknown,Face-to-Face,15  to 21 Days,2121
2021-12,Attended,Unknown,Face-to-Face,2 to 7 Days,11639
2021-12,Attended,Unknown,Face-to-Face,22  to 28 Days,1664
2021-12,Attended,Unknown,Face-to-Face,8  to 14 Days,3693
2021-12,Attended,Unknown,Face-to-Face,More than 28 Days,1111
2021-12,Attended,Unknown,Face-to-Face,Same Day,98120
2021-12,Attended,Unknown,Face-to-Face,Unknown / Data Quality,81
2021-12,Attended,Unknown,Home Visit,1 Day,2161
2021-12,Attended,Unknown,Home Visit,15  to 21 Days,58
2021-12,Attended,Unknown,Home Visit,2 to 7 Days,1603
2021-12,Attended,Unknown,Home Visit,22  to 28 Days,44
2021-12,Attended,Unknown,Home Visit,8  to 14 Days,211
2021-12,Attended,Unknown,Home Visit,More than 28 Days,21
2021-12,Attended,Unknown,Home Visit,Same Day,10345
2021-12,Attended,Unknown,Home Visit,Unknown / Data Quality,41
2021-12,Attended,Unknown,Telephone,1 Day,12506
2021-12,Attended,Unknown,Telephone,15  to 21 Days,920
2021-12,Attended,Unknown,Telephone,2 to 7 Days,7403
2021-12,Attended,Unknown,Telephone,22  to 28 Days,599
2021-12,Attended,Unknown,Telephone,8  to 14 Days,1848
2021-12,Attended,Unknown,Telephone,More than 28 Days,278
2021-12,Attended,Unknown,Telephone,Same Day,117916
2021-12,Attended,Unknown,Telephone,Unknown / Data Quality,21
2021-12,Attended,Unknown,Unknown,1 Day,39796
2021-12,Attended,Unknown,Unknown,15  to 21 Days,20542
2021-12,Attended,Unknown,Unknown,2 to 7 Days,87215
2021-12,Attended,Unknown,Unknown,22  to 28 Days,10360
2021-12,Attended,Unknown,Unknown,8  to 14 Days,45630
2021-12,Attended,Unknown,Unknown,More than 28 Days,8512
2021-12,Attended,Unknown,Unknown,Same Day,268471
2021-12,Attended,Unknown,Unknown,Unknown / Data Quality,433
2021-12,Attended,Unknown,Video/Online,1 Day,38
2021-12,Attended,Unknown,Video/Online,2 to 7 Days,15
2021-12,Attended,Unknown,Video/Online,8  to 14 Days,1
2021-12,Attended,Unknown,Video/Online,Same Day,221
2021-12,DNA,GP,Face-to-Face,1 Day,23323
2021-12,DNA,GP,Face-to-Face,15  to 21 Days,19038
2021-12,DNA,GP,Face-to-Face,2 to 7 Days,59413
2021-12,DNA,GP,Face-to-Face,22  to 28 Days,10601
2021-12,DNA,GP,Face-to-Face,8  to 14 Days,37374
2021-12,DNA,GP,Face-to-Face,More than 28 Days,9068
2021-12,DNA,GP,Face-to-Face,Same Day,56204
2021-12,DNA,GP,Face-to-Face,Unknown / Data Quality,224
2021-12,DNA,GP,Home Visit,1 Day,309
2021-12,DNA,GP,Home Visit,15  to 21 Days,19
2021-12,DNA,GP,Home Visit,2 to 7 Days,322
2021-12,DNA,GP,Home Visit,22  to 28 Days,13
2021-12,DNA,GP,Home Visit,8  to 14 Days,103
2021-12,DNA,GP,Home Visit,More than 28 Days,6
2021-12,DNA,GP,Home Visit,Same Day,1242
2021-12,DNA,GP,Home Visit,Unknown / Data Quality,2
2021-12,DNA,GP,Telephone,1 Day,10026
2021-12,DNA,GP,Telephone,15  to 21 Days,6285
2021-12,DNA,GP,Telephone,2 to 7 Days,20210
2021-12,DNA,GP,Telephone,22  to 28 Days,3287
2021-12,DNA,GP,Telephone,8  to 14 Days,12289
2021-12,DNA,GP,Telephone,More than 28 Days,1107
2021-12,DNA,GP,Telephone,Same Day,43702
2021-12,DNA,GP,Telephone,Unknown / Data Quality,13
2021-12,DNA,GP,Unknown,1 Day,551
2021-12,DNA,GP,Unknown,15  to 21 Days,146
2021-12,DNA,GP,Unknown,2 to 7 Days,698
2021-12,DNA,GP,Unknown,22  to 28 Days,105
2021-12,DNA,GP,Unknown,8  to 14 Days,210
2021-12,DNA,GP,Unknown,More than 28 Days,108
2021-12,DNA,GP,Unknown,Same Day,2088
2021-12,DNA,GP,Unknown,Unknown / Data Quality,18
2021-12,DNA,GP,Video/Online,1 Day,205
2021-12,DNA,GP,Video/Online,15  to 21 Days,123
2021-12,DNA,GP,Video/Online,2 to 7 Days,709
2021-12,DNA,GP,Video/Online,22  to 28 Days,47
2021-12,DNA,GP,Video/Online,8  to 14 Days,190
2021-12,DNA,GP,Video/Online,More than 28 Days,37
2021-12,DNA,GP,Video/Online,Same Day,480
2021-12,DNA,GP,Video/Online,Unknown / Data Quality,1
2021-12,DNA,Other Practice staff,Face-to-Face,1 Day,48331
2021-12,DNA,Other Practice staff,Face-to-Face,15  to 21 Days,113585
2021-12,DNA,Other Practice staff,Face-to-Face,2 to 7 Days,209209
2021-12,DNA,Other Practice staff,Face-to-Face,22  to 28 Days,65495
2021-12,DNA,Other Practice staff,Face-to-Face,8  to 14 Days,199073
2021-12,DNA,Other Practice staff,Face-to-Face,More than 28 Days,60809
2021-12,DNA,Other Practice staff,Face-to-Face,Same Day,56715
2021-12,DNA,Other Practice staff,Face-to-Face,Unknown / Data Quality,79
2021-12,DNA,Other Practice staff,Home Visit,1 Day,498
2021-12,DNA,Other Practice staff,Home Visit,15  to 21 Days,123
2021-12,DNA,Other Practice staff,Home Visit,2 to 7 Days,1012
2021-12,DNA,Other Practice staff,Home Visit,22  to 28 Days,64
2021-12,DNA,Other Practice staff,Home Visit,8  to 14 Days,278
2021-12,DNA,Other Practice staff,Home Visit,More than 28 Days,59
2021-12,DNA,Other Practice staff,Home Visit,Same Day,722
2021-12,DNA,Other Practice staff,Home Visit,Unknown / Data Quality,1
2021-12,DNA,Other Practice staff,Telephone,1 Day,8748
2021-12,DNA,Other Practice staff,Telephone,15  to 21 Days,5833
2021-12,DNA,Other Practice staff,Telephone,2 to 7 Days,18246
2021-12,DNA,Other Practice staff,Telephone,22  to 28 Days,3693
2021-12,DNA,Other Practice staff,Telephone,8  to 14 Days,10545
2021-12,DNA,Other Practice staff,Telephone,More than 28 Days,2316
2021-12,DNA,Other Practice staff,Telephone,Same Day,25556
2021-12,DNA,Other Practice staff,Telephone,Unknown / Data Quality,25
2021-12,DNA,Other Practice staff,Unknown,1 Day,1417
2021-12,DNA,Other Practice staff,Unknown,15  to 21 Days,618
2021-12,DNA,Other Practice staff,Unknown,2 to 7 Days,2458
2021-12,DNA,Other Practice staff,Unknown,22  to 28 Days,395
2021-12,DNA,Other Practice staff,Unknown,8  to 14 Days,1052
2021-12,DNA,Other Practice staff,Unknown,More than 28 Days,335
2021-12,DNA,Other Practice staff,Unknown,Same Day,3768
2021-12,DNA,Other Practice staff,Unknown,Unknown / Data Quality,45
2021-12,DNA,Other Practice staff,Video/Online,1 Day,633
2021-12,DNA,Other Practice staff,Video/Online,15  to 21 Days,827
2021-12,DNA,Other Practice staff,Video/Online,2 to 7 Days,1127
2021-12,DNA,Other Practice staff,Video/Online,22  to 28 Days,519
2021-12,DNA,Other Practice staff,Video/Online,8  to 14 Days,1139
2021-12,DNA,Other Practice staff,Video/Online,More than 28 Days,431
2021-12,DNA,Other Practice staff,Video/Online,Same Day,673
2021-12,DNA,Unknown,Face-to-Face,1 Day,502
2021-12,DNA,Unknown,Face-to-Face,15  to 21 Days,235
2021-12,DNA,Unknown,Face-to-Face,2 to 7 Days,1019
2021-12,DNA,Unknown,Face-to-Face,22  to 28 Days,122
2021-12,DNA,Unknown,Face-to-Face,8  to 14 Days,492
2021-12,DNA,Unknown,Face-to-Face,More than 28 Days,106
2021-12,DNA,Unknown,Face-to-Face,Same Day,971
2021-12,DNA,Unknown,Home Visit,1 Day,906
2021-12,DNA,Unknown,Home Visit,15  to 21 Days,98
2021-12,DNA,Unknown,Home Visit,2 to 7 Days,500
2021-12,DNA,Unknown,Home Visit,22  to 28 Days,35
2021-12,DNA,Unknown,Home Visit,8  to 14 Days,189
2021-12,DNA,Unknown,Home Visit,More than 28 Days,28
2021-12,DNA,Unknown,Home Visit,Same Day,1794
2021-12,DNA,Unknown,Telephone,1 Day,838
2021-12,DNA,Unknown,Telephone,15  to 21 Days,28
2021-12,DNA,Unknown,Telephone,2 to 7 Days,375
2021-12,DNA,Unknown,Telephone,22  to 28 Days,35
2021-12,DNA,Unknown,Telephone,8  to 14 Days,97
2021-12,DNA,Unknown,Telephone,More than 28 Days,7
2021-12,DNA,Unknown,Telephone,Same Day,2592
2021-12,DNA,Unknown,Telephone,Unknown / Data Quality,1
2021-12,DNA,Unknown,Unknown,1 Day,1701
2021-12,DNA,Unknown,Unknown,15  to 21 Days,2070
2021-12,DNA,Unknown,Unknown,2 to 7 Days,6204
2021-12,DNA,Unknown,Unknown,22  to 28 Days,996
2021-12,DNA,Unknown,Unknown,8  to 14 Days,4223
2021-12,DNA,Unknown,Unknown,More than 28 Days,924
2021-12,DNA,Unknown,Unknown,Same Day,2180
2021-12,DNA,Unknown,Video/Online,2 to 7 Days,3
2021-12,DNA,Unknown,Video/Online,Same Day,3
2021-12,Unknown,GP,Face-to-Face,1 Day,15928
2021-12,Unknown,GP,Face-to-Face,15  to 21 Days,19603
2021-12,Unknown,GP,Face-to-Face,2 to 7 Days,41732
2021-12,Unknown,GP,Face-to-Face,22  to 28 Days,13076
2021-12,Unknown,GP,Face-to-Face,8  to 14 Days,30782
2021-12,Unknown,GP,Face-to-Face,More than 28 Days,17112
2021-12,Unknown,GP,Face-to-Face,Same Day,62139
2021-12,Unknown,GP,Face-to-Face,Unknown / Data Quality,450
2021-12,Unknown,GP,Home Visit,1 Day,2130
2021-12,Unknown,GP,Home Visit,15  to 21 Days,212
2021-12,Unknown,GP,Home Visit,2 to 7 Days,2396
2021-12,Unknown,GP,Home Visit,22  to 28 Days,149
2021-12,Unknown,GP,Home Visit,8  to 14 Days,710
2021-12,Unknown,GP,Home Visit,More than 28 Days,170
2021-12,Unknown,GP,Home Visit,Same Day,7806
2021-12,Unknown,GP,Home Visit,Unknown / Data Quality,51
2021-12,Unknown,GP,Telephone,1 Day,13368
2021-12,Unknown,GP,Telephone,15  to 21 Days,14104
2021-12,Unknown,GP,Telephone,2 to 7 Days,28510
2021-12,Unknown,GP,Telephone,22  to 28 Days,8914
2021-12,Unknown,GP,Telephone,8  to 14 Days,22675
2021-12,Unknown,GP,Telephone,More than 28 Days,6783
2021-12,Unknown,GP,Telephone,Same Day,50365
2021-12,Unknown,GP,Telephone,Unknown / Data Quality,429
2021-12,Unknown,GP,Unknown,1 Day,580
2021-12,Unknown,GP,Unknown,15  to 21 Days,828
2021-12,Unknown,GP,Unknown,2 to 7 Days,1312
2021-12,Unknown,GP,Unknown,22  to 28 Days,494
2021-12,Unknown,GP,Unknown,8  to 14 Days,1162
2021-12,Unknown,GP,Unknown,More than 28 Days,792
2021-12,Unknown,GP,Unknown,Same Day,2152
2021-12,Unknown,GP,Unknown,Unknown / Data Quality,11
2021-12,Unknown,GP,Video/Online,1 Day,250
2021-12,Unknown,GP,Video/Online,15  to 21 Days,185
2021-12,Unknown,GP,Video/Online,2 to 7 Days,344
2021-12,Unknown,GP,Video/Online,22  to 28 Days,91
2021-12,Unknown,GP,Video/Online,8  to 14 Days,216
2021-12,Unknown,GP,Video/Online,More than 28 Days,74
2021-12,Unknown,GP,Video/Online,Same Day,705
2021-12,Unknown,GP,Video/Online,Unknown / Data Quality,17
2021-12,Unknown,Other Practice staff,Face-to-Face,1 Day,21352
2021-12,Unknown,Other Practice staff,Face-to-Face,15  to 21 Days,74968
2021-12,Unknown,Other Practice staff,Face-to-Face,2 to 7 Days,101834
2021-12,Unknown,Other Practice staff,Face-to-Face,22  to 28 Days,53601
2021-12,Unknown,Other Practice staff,Face-to-Face,8  to 14 Days,112229
2021-12,Unknown,Other Practice staff,Face-to-Face,More than 28 Days,74083
2021-12,Unknown,Other Practice staff,Face-to-Face,Same Day,69591
2021-12,Unknown,Other Practice staff,Face-to-Face,Unknown / Data Quality,1672
2021-12,Unknown,Other Practice staff,Home Visit,1 Day,2921
2021-12,Unknown,Other Practice staff,Home Visit,15  to 21 Days,828
2021-12,Unknown,Other Practice staff,Home Visit,2 to 7 Days,4452
2021-12,Unknown,Other Practice staff,Home Visit,22  to 28 Days,520
2021-12,Unknown,Other Practice staff,Home Visit,8  to 14 Days,1965
2021-12,Unknown,Other Practice staff,Home Visit,More than 28 Days,1390
2021-12,Unknown,Other Practice staff,Home Visit,Same Day,5874
2021-12,Unknown,Other Practice staff,Home Visit,Unknown / Data Quality,75
2021-12,Unknown,Other Practice staff,Telephone,1 Day,7904
2021-12,Unknown,Other Practice staff,Telephone,15  to 21 Days,11013
2021-12,Unknown,Other Practice staff,Telephone,2 to 7 Days,21884
2021-12,Unknown,Other Practice staff,Telephone,22  to 28 Days,7254
2021-12,Unknown,Other Practice staff,Telephone,8  to 14 Days,15957
2021-12,Unknown,Other Practice staff,Telephone,More than 28 Days,8372
2021-12,Unknown,Other Practice staff,Telephone,Same Day,27822
2021-12,Unknown,Other Practice staff,Telephone,Unknown / Data Quality,208
2021-12,Unknown,Other Practice staff,Unknown,1 Day,885
2021-12,Unknown,Other Practice staff,Unknown,15  to 21 Days,2379
2021-12,Unknown,Other Practice staff,Unknown,2 to 7 Days,3785
2021-12,Unknown,Other Practice staff,Unknown,22  to 28 Days,1573
2021-12,Unknown,Other Practice staff,Unknown,8  to 14 Days,3376
2021-12,Unknown,Other Practice staff,Unknown,More than 28 Days,2585
2021-12,Unknown,Other Practice staff,Unknown,Same Day,1854
2021-12,Unknown,Other Practice staff,Unknown,Unknown / Data Quality,3
2021-12,Unknown,Other Practice staff,Video/Online,1 Day,110
2021-12,Unknown,Other Practice staff,Video/Online,15  to 21 Days,286
2021-12,Unknown,Other Practice staff,Video/Online,2 to 7 Days,448
2021-12,Unknown,Other Practice staff,Video/Online,22  to 28 Days,239
2021-12,Unknown,Other Practice staff,Video/Online,8  to 14 Days,454
2021-12,Unknown,Other Practice staff,Video/Online,More than 28 Days,256
2021-12,Unknown,Other Practice staff,Video/Online,Same Day,287
2021-12,Unknown,Other Practice staff,Video/Online,Unknown / Data Quality,3
2021-12,Unknown,Unknown,Face-to-Face,1 Day,2625
2021-12,Unknown,Unknown,Face-to-Face,15  to 21 Days,589
2021-12,Unknown,Unknown,Face-to-Face,2 to 7 Days,3193
2021-12,Unknown,Unknown,Face-to-Face,22  to 28 Days,485
2021-12,Unknown,Unknown,Face-to-Face,8  to 14 Days,1543
2021-12,Unknown,Unknown,Face-to-Face,More than 28 Days,1335
2021-12,Unknown,Unknown,Face-to-Face,Same Day,13085
2021-12,Unknown,Unknown,Face-to-Face,Unknown / Data Quality,69
2021-12,Unknown,Unknown,Home Visit,1 Day,1170
2021-12,Unknown,Unknown,Home Visit,15  to 21 Days,79
2021-12,Unknown,Unknown,Home Visit,2 to 7 Days,1193
2021-12,Unknown,Unknown,Home Visit,22  to 28 Days,104
2021-12,Unknown,Unknown,Home Visit,8  to 14 Days,248
2021-12,Unknown,Unknown,Home Visit,More than 28 Days,232
2021-12,Unknown,Unknown,Home Visit,Same Day,4001
2021-12,Unknown,Unknown,Home Visit,Unknown / Data Quality,6
2021-12,Unknown,Unknown,Telephone,1 Day,876
2021-12,Unknown,Unknown,Telephone,15  to 21 Days,138
2021-12,Unknown,Unknown,Telephone,2 to 7 Days,1040
2021-12,Unknown,Unknown,Telephone,22  to 28 Days,98
2021-12,Unknown,Unknown,Telephone,8  to 14 Days,412
2021-12,Unknown,Unknown,Telephone,More than 28 Days,141
2021-12,Unknown,Unknown,Telephone,Same Day,3123
2021-12,Unknown,Unknown,Telephone,Unknown / Data Quality,12
2021-12,Unknown,Unknown,Unknown,1 Day,1270
2021-12,Unknown,Unknown,Unknown,15  to 21 Days,5441
2021-12,Unknown,Unknown,Unknown,2 to 7 Days,7745
2021-12,Unknown,Unknown,Unknown,22  to 28 Days,3867
2021-12,Unknown,Unknown,Unknown,8  to 14 Days,8316
2021-12,Unknown,Unknown,Unknown,More than 28 Days,5560
2021-12,Unknown,Unknown,Unknown,Same Day,2374
2021-12,Unknown,Unknown,Unknown,Unknown / Data Quality,39
2021-12,Unknown,Unknown,Video/Online,2 to 7 Days,1
2021-12,Unknown,Unknown,Video/Online,Same Day,2
2022-01,Attended,GP,Face-to-Face,1 Day,577043
2022-01,Attended,GP,Face-to-Face,15  to 21 Days,202715
2022-01,Attended,GP,Face-to-Face,2 to 7 Days,1135944
2022-01,Attended,GP,Face-to-Face,22  to 28 Days,120387
2022-01,Attended,GP,Face-to-Face,8  to 14 Days,434820
2022-01,Attended,GP,Face-to-Face,More than 28 Days,109010
2022-01,Attended,GP,Face-to-Face,Same Day,3434364
2022-01,Attended,GP,Face-to-Face,Unknown / Data Quality,2809
2022-01,Attended,GP,Home Visit,1 Day,7798
2022-01,Attended,GP,Home Visit,15  to 21 Days,530
2022-01,Attended,GP,Home Visit,2 to 7 Days,7779
2022-01,Attended,GP,Home Visit,22  to 28 Days,261
2022-01,Attended,GP,Home Visit,8  to 14 Days,1180
2022-01,Attended,GP,Home Visit,More than 28 Days,408
2022-01,Attended,GP,Home Visit,Same Day,38367
2022-01,Attended,GP,Home Visit,Unknown / Data Quality,435
2022-01,Attended,GP,Telephone,1 Day,489199
2022-01,Attended,GP,Telephone,15  to 21 Days,200675
2022-01,Attended,GP,Telephone,2 to 7 Days,1015852
2022-01,Attended,GP,Telephone,22  to 28 Days,114185
2022-01,Attended,GP,Telephone,8  to 14 Days,430035
2022-01,Attended,GP,Telephone,More than 28 Days,70313
2022-01,Attended,GP,Telephone,Same Day,3900091
2022-01,Attended,GP,Telephone,Unknown / Data Quality,3540
2022-01,Attended,GP,Unknown,1 Day,10566
2022-01,Attended,GP,Unknown,15  to 21 Days,3954
2022-01,Attended,GP,Unknown,2 to 7 Days,18517
2022-01,Attended,GP,Unknown,22  to 28 Days,2437
2022-01,Attended,GP,Unknown,8  to 14 Days,7509
2022-01,Attended,GP,Unknown,More than 28 Days,2140
2022-01,Attended,GP,Unknown,Same Day,74449
2022-01,Attended,GP,Unknown,Unknown / Data Quality,53
2022-01,Attended,GP,Video/Online,1 Day,9899
2022-01,Attended,GP,Video/Online,15  to 21 Days,1989
2022-01,Attended,GP,Video/Online,2 to 7 Days,12457
2022-01,Attended,GP,Video/Online,22  to 28 Days,1231
2022-01,Attended,GP,Video/Online,8  to 14 Days,3958
2022-01,Attended,GP,Video/Online,More than 28 Days,776
2022-01,Attended,GP,Video/Online,Same Day,29795
2022-01,Attended,GP,Video/Online,Unknown / Data Quality,160
2022-01,Attended,Other Practice staff,Face-to-Face,1 Day,751645
2022-01,Attended,Other Practice staff,Face-to-Face,15  to 21 Days,588194
2022-01,Attended,Other Practice staff,Face-to-Face,2 to 7 Days,2322604
2022-01,Attended,Other Practice staff,Face-to-Face,22  to 28 Days,391937
2022-01,Attended,Other Practice staff,Face-to-Face,8  to 14 Days,1208041
2022-01,Attended,Other Practice staff,Face-to-Face,More than 28 Days,430099
2022-01,Attended,Other Practice staff,Face-to-Face,Same Day,2076778
2022-01,Attended,Other Practice staff,Face-to-Face,Unknown / Data Quality,2853
2022-01,Attended,Other Practice staff,Home Visit,1 Day,7580
2022-01,Attended,Other Practice staff,Home Visit,15  to 21 Days,1801
2022-01,Attended,Other Practice staff,Home Visit,2 to 7 Days,12854
2022-01,Attended,Other Practice staff,Home Visit,22  to 28 Days,1108
2022-01,Attended,Other Practice staff,Home Visit,8  to 14 Days,4050
2022-01,Attended,Other Practice staff,Home Visit,More than 28 Days,1515
2022-01,Attended,Other Practice staff,Home Visit,Same Day,28861
2022-01,Attended,Other Practice staff,Home Visit,Unknown / Data Quality,450
2022-01,Attended,Other Practice staff,Telephone,1 Day,235672
2022-01,Attended,Other Practice staff,Telephone,15  to 21 Days,86551
2022-01,Attended,Other Practice staff,Telephone,2 to 7 Days,424184
2022-01,Attended,Other Practice staff,Telephone,22  to 28 Days,60730
2022-01,Attended,Other Practice staff,Telephone,8  to 14 Days,160985
2022-01,Attended,Other Practice staff,Telephone,More than 28 Days,60655
2022-01,Attended,Other Practice staff,Telephone,Same Day,1382280
2022-01,Attended,Other Practice staff,Telephone,Unknown / Data Quality,1296
2022-01,Attended,Other Practice staff,Unknown,1 Day,11475
2022-01,Attended,Other Practice staff,Unknown,15  to 21 Days,4771
2022-01,Attended,Other Practice staff,Unknown,2 to 7 Days,28711
2022-01,Attended,Other Practice staff,Unknown,22  to 28 Days,3388
2022-01,Attended,Other Practice staff,Unknown,8  to 14 Days,11536
2022-01,Attended,Other Practice staff,Unknown,More than 28 Days,3955
2022-01,Attended,Other Practice staff,Unknown,Same Day,39213
2022-01,Attended,Other Practice staff,Unknown,Unknown / Data Quality,175
2022-01,Attended,Other Practice staff,Video/Online,1 Day,8823
2022-01,Attended,Other Practice staff,Video/Online,15  to 21 Days,3822
2022-01,Attended,Other Practice staff,Video/Online,2 to 7 Days,15245
2022-01,Attended,Other Practice staff,Video/Online,22  to 28 Days,2652
2022-01,Attended,Other Practice staff,Video/Online,8  to 14 Days,8279
2022-01,Attended,Other Practice staff,Video/Online,More than 28 Days,3052
2022-01,Attended,Other Practice staff,Video/Online,Same Day,18175
2022-01,Attended,Other Practice staff,Video/Online,Unknown / Data Quality,8
2022-01,Attended,Unknown,Face-to-Face,1 Day,15605
2022-01,Attended,Unknown,Face-to-Face,15  to 21 Days,1626
2022-01,Attended,Unknown,Face-to-Face,2 to 7 Days,14067
2022-01,Attended,Unknown,Face-to-Face,22  to 28 Days,1153
2022-01,Attended,Unknown,Face-to-Face,8  to 14 Days,3179
2022-01,Attended,Unknown,Face-to-Face,More than 28 Days,1349
2022-01,Attended,Unknown,Face-to-Face,Same Day,100572
2022-01,Attended,Unknown,Face-to-Face,Unknown / Data Quality,64
2022-01,Attended,Unknown,Home Visit,1 Day,2162
2022-01,Attended,Unknown,Home Visit,15  to 21 Days,57
2022-01,Attended,Unknown,Home Visit,2 to 7 Days,1522
2022-01,Attended,Unknown,Home Visit,22  to 28 Days,46
2022-01,Attended,Unknown,Home Visit,8  to 14 Days,183
2022-01,Attended,Unknown,Home Visit,More than 28 Days,40
2022-01,Attended,Unknown,Home Visit,Same Day,9616
2022-01,Attended,Unknown,Home Visit,Unknown / Data Quality,98
2022-01,Attended,Unknown,Telephone,1 Day,13463
2022-01,Attended,Unknown,Telephone,15  to 21 Days,555
2022-01,Attended,Unknown,Telephone,2 to 7 Days,9395
2022-01,Attended,Unknown,Telephone,22  to 28 Days,384
2022-01,Attended,Unknown,Telephone,8  to 14 Days,1619
2022-01,Attended,Unknown,Telephone,More than 28 Days,404
2022-01,Attended,Unknown,Telephone,Same Day,118783
2022-01,Attended,Unknown,Telephone,Unknown / Data Quality,19
2022-01,Attended,Unknown,Unknown,1 Day,33234
2022-01,Attended,Unknown,Unknown,15  to 21 Days,13601
2022-01,Attended,Unknown,Unknown,2 to 7 Days,70366
2022-01,Attended,Unknown,Unknown,22  to 28 Days,8020
2022-01,Attended,Unknown,Unknown,8  to 14 Days,27385
2022-01,Attended,Unknown,Unknown,More than 28 Days,8325
2022-01,Attended,Unknown,Unknown,Same Day,251240
2022-01,Attended,Unknown,Unknown,Unknown / Data Quality,384
2022-01,Attended,Unknown,Video/Online,1 Day,37
2022-01,Attended,Unknown,Video/Online,2 to 7 Days,22
2022-01,Attended,Unknown,Video/Online,8  to 14 Days,1
2022-01,Attended,Unknown,Video/Online,Same Day,263
2022-01,DNA,GP,Face-to-Face,1 Day,19838
2022-01,DNA,GP,Face-to-Face,15  to 21 Days,15032
2022-01,DNA,GP,Face-to-Face,2 to 7 Days,56156
2022-01,DNA,GP,Face-to-Face,22  to 28 Days,9897
2022-01,DNA,GP,Face-to-Face,8  to 14 Days,27861
2022-01,DNA,GP,Face-to-Face,More than 28 Days,11702
2022-01,DNA,GP,Face-to-Face,Same Day,56472
2022-01,DNA,GP,Face-to-Face,Unknown / Data Quality,127
2022-01,DNA,GP,Home Visit,1 Day,253
2022-01,DNA,GP,Home Visit,15  to 21 Days,37
2022-01,DNA,GP,Home Visit,2 to 7 Days,349
2022-01,DNA,GP,Home Visit,22  to 28 Days,20
2022-01,DNA,GP,Home Visit,8  to 14 Days,73
2022-01,DNA,GP,Home Visit,More than 28 Days,17
2022-01,DNA,GP,Home Visit,Same Day,1351
2022-01,DNA,GP,Home Visit,Unknown / Data Quality,5
2022-01,DNA,GP,Telephone,1 Day,10426
2022-01,DNA,GP,Telephone,15  to 21 Days,5072
2022-01,DNA,GP,Telephone,2 to 7 Days,22121
2022-01,DNA,GP,Telephone,22  to 28 Days,3017
2022-01,DNA,GP,Telephone,8  to 14 Days,10195
2022-01,DNA,GP,Telephone,More than 28 Days,1822
2022-01,DNA,GP,Telephone,Same Day,45638
2022-01,DNA,GP,Telephone,Unknown / Data Quality,10
2022-01,DNA,GP,Unknown,1 Day,453
2022-01,DNA,GP,Unknown,15  to 21 Days,88
2022-01,DNA,GP,Unknown,2 to 7 Days,517
2022-01,DNA,GP,Unknown,22  to 28 Days,72
2022-01,DNA,GP,Unknown,8  to 14 Days,176
2022-01,DNA,GP,Unknown,More than 28 Days,83
2022-01,DNA,GP,Unknown,Same Day,2030
2022-01,DNA,GP,Unknown,Unknown / Data Quality,36
2022-01,DNA,GP,Video/Online,1 Day,228
2022-01,DNA,GP,Video/Online,15  to 21 Days,88
2022-01,DNA,GP,Video/Online,2 to 7 Days,557
2022-01,DNA,GP,Video/Online,22  to 28 Days,52
2022-01,DNA,GP,Video/Online,8  to 14 Days,160
2022-01,DNA,GP,Video/Online,More than 28 Days,32
2022-01,DNA,GP,Video/Online,Same Day,499
2022-01,DNA,Other Practice staff,Face-to-Face,1 Day,45676
2022-01,DNA,Other Practice staff,Face-to-Face,15  to 21 Days,76471
2022-01,DNA,Other Practice staff,Face-to-Face,2 to 7 Days,211474
2022-01,DNA,Other Practice staff,Face-to-Face,22  to 28 Days,52860
2022-01,DNA,Other Practice staff,Face-to-Face,8  to 14 Days,137065
2022-01,DNA,Other Practice staff,Face-to-Face,More than 28 Days,66944
2022-01,DNA,Other Practice staff,Face-to-Face,Same Day,60894
2022-01,DNA,Other Practice staff,Face-to-Face,Unknown / Data Quality,97
2022-01,DNA,Other Practice staff,Home Visit,1 Day,330
2022-01,DNA,Other Practice staff,Home Visit,15  to 21 Days,91
2022-01,DNA,Other Practice staff,Home Visit,2 to 7 Days,674
2022-01,DNA,Other Practice staff,Home Visit,22  to 28 Days,47
2022-01,DNA,Other Practice staff,Home Visit,8  to 14 Days,220
2022-01,DNA,Other Practice staff,Home Visit,More than 28 Days,110
2022-01,DNA,Other Practice staff,Home Visit,Same Day,810
2022-01,DNA,Other Practice staff,Home Visit,Unknown / Data Quality,4
2022-01,DNA,Other Practice staff,Telephone,1 Day,9216
2022-01,DNA,Other Practice staff,Telephone,15  to 21 Days,4770
2022-01,DNA,Other Practice staff,Telephone,2 to 7 Days,20647
2022-01,DNA,Other Practice staff,Telephone,22  to 28 Days,3353
2022-01,DNA,Other Practice staff,Telephone,8  to 14 Days,8448
2022-01,DNA,Other Practice staff,Telephone,More than 28 Days,3337
2022-01,DNA,Other Practice staff,Telephone,Same Day,30274
2022-01,DNA,Other Practice staff,Telephone,Unknown / Data Quality,44
2022-01,DNA,Other Practice staff,Unknown,1 Day,1276
2022-01,DNA,Other Practice staff,Unknown,15  to 21 Days,411
2022-01,DNA,Other Practice staff,Unknown,2 to 7 Days,2554
2022-01,DNA,Other Practice staff,Unknown,22  to 28 Days,229
2022-01,DNA,Other Practice staff,Unknown,8  to 14 Days,795
2022-01,DNA,Other Practice staff,Unknown,More than 28 Days,407
2022-01,DNA,Other Practice staff,Unknown,Same Day,3602
2022-01,DNA,Other Practice staff,Unknown,Unknown / Data Quality,36
2022-01,DNA,Other Practice staff,Video/Online,1 Day,483
2022-01,DNA,Other Practice staff,Video/Online,15  to 21 Days,466
2022-01,DNA,Other Practice staff,Video/Online,2 to 7 Days,1226
2022-01,DNA,Other Practice staff,Video/Online,22  to 28 Days,352
2022-01,DNA,Other Practice staff,Video/Online,8  to 14 Days,902
2022-01,DNA,Other Practice staff,Video/Online,More than 28 Days,515
2022-01,DNA,Other Practice staff,Video/Online,Same Day,925
2022-01,DNA,Unknown,Face-to-Face,1 Day,557
2022-01,DNA,Unknown,Face-to-Face,15  to 21 Days,109
2022-01,DNA,Unknown,Face-to-Face,2 to 7 Days,1081
2022-01,DNA,Unknown,Face-to-Face,22  to 28 Days,109
2022-01,DNA,Unknown,Face-to-Face,8  to 14 Days,319
2022-01,DNA,Unknown,Face-to-Face,More than 28 Days,115
2022-01,DNA,Unknown,Face-to-Face,Same Day,940
2022-01,DNA,Unknown,Face-to-Face,Unknown / Data Quality,1
2022-01,DNA,Unknown,Home Visit,1 Day,775
2022-01,DNA,Unknown,Home Visit,15  to 21 Days,50
2022-01,DNA,Unknown,Home Visit,2 to 7 Days,334
2022-01,DNA,Unknown,Home Visit,22  to 28 Days,31
2022-01,DNA,Unknown,Home Visit,8  to 14 Days,98
2022-01,DNA,Unknown,Home Visit,More than 28 Days,61
2022-01,DNA,Unknown,Home Visit,Same Day,1682
2022-01,DNA,Unknown,Home Visit,Unknown / Data Quality,2
2022-01,DNA,Unknown,Telephone,1 Day,656
2022-01,DNA,Unknown,Telephone,15  to 21 Days,19
2022-01,DNA,Unknown,Telephone,2 to 7 Days,420
2022-01,DNA,Unknown,Telephone,22  to 28 Days,15
2022-01,DNA,Unknown,Telephone,8  to 14 Days,64
2022-01,DNA,Unknown,Telephone,More than 28 Days,40
2022-01,DNA,Unknown,Telephone,Same Day,2495
2022-01,DNA,Unknown,Telephone,Unknown / Data Quality,4
2022-01,DNA,Unknown,Unknown,1 Day,1063
2022-01,DNA,Unknown,Unknown,15  to 21 Days,1217
2022-01,DNA,Unknown,Unknown,2 to 7 Days,3969
2022-01,DNA,Unknown,Unknown,22  to 28 Days,714
2022-01,DNA,Unknown,Unknown,8  to 14 Days,2285
2022-01,DNA,Unknown,Unknown,More than 28 Days,944
2022-01,DNA,Unknown,Unknown,Same Day,2065
2022-01,DNA,Unknown,Video/Online,1 Day,1
2022-01,DNA,Unknown,Video/Online,15  to 21 Days,1
2022-01,DNA,Unknown,Video/Online,2 to 7 Days,3
2022-01,DNA,Unknown,Video/Online,Same Day,4
2022-01,Unknown,GP,Face-to-Face,1 Day,15048
2022-01,Unknown,GP,Face-to-Face,15  to 21 Days,15634
2022-01,Unknown,GP,Face-to-Face,2 to 7 Days,39451
2022-01,Unknown,GP,Face-to-Face,22  to 28 Days,11091
2022-01,Unknown,GP,Face-to-Face,8  to 14 Days,25880
2022-01,Unknown,GP,Face-to-Face,More than 28 Days,17162
2022-01,Unknown,GP,Face-to-Face,Same Day,60657
2022-01,Unknown,GP,Face-to-Face,Unknown / Data Quality,437
2022-01,Unknown,GP,Home Visit,1 Day,1834
2022-01,Unknown,GP,Home Visit,15  to 21 Days,218
2022-01,Unknown,GP,Home Visit,2 to 7 Days,2262
2022-01,Unknown,GP,Home Visit,22  to 28 Days,122
2022-01,Unknown,GP,Home Visit,8  to 14 Days,553
2022-01,Unknown,GP,Home Visit,More than 28 Days,176
2022-01,Unknown,GP,Home Visit,Same Day,7564
2022-01,Unknown,GP,Home Visit,Unknown / Data Quality,70
2022-01,Unknown,GP,Telephone,1 Day,13076
2022-01,Unknown,GP,Telephone,15  to 21 Days,12898
2022-01,Unknown,GP,Telephone,2 to 7 Days,33098
2022-01,Unknown,GP,Telephone,22  to 28 Days,8521
2022-01,Unknown,GP,Telephone,8  to 14 Days,20483
2022-01,Unknown,GP,Telephone,More than 28 Days,8406
2022-01,Unknown,GP,Telephone,Same Day,48158
2022-01,Unknown,GP,Telephone,Unknown / Data Quality,374
2022-01,Unknown,GP,Unknown,1 Day,504
2022-01,Unknown,GP,Unknown,15  to 21 Days,347
2022-01,Unknown,GP,Unknown,2 to 7 Days,1274
2022-01,Unknown,GP,Unknown,22  to 28 Days,274
2022-01,Unknown,GP,Unknown,8  to 14 Days,803
2022-01,Unknown,GP,Unknown,More than 28 Days,848
2022-01,Unknown,GP,Unknown,Same Day,2030
2022-01,Unknown,GP,Unknown,Unknown / Data Quality,7
2022-01,Unknown,GP,Video/Online,1 Day,225
2022-01,Unknown,GP,Video/Online,15  to 21 Days,109
2022-01,Unknown,GP,Video/Online,2 to 7 Days,338
2022-01,Unknown,GP,Video/Online,22  to 28 Days,49
2022-01,Unknown,GP,Video/Online,8  to 14 Days,266
2022-01,Unknown,GP,Video/Online,More than 28 Days,45
2022-01,Unknown,GP,Video/Online,Same Day,736
2022-01,Unknown,GP,Video/Online,Unknown / Data Quality,19
2022-01,Unknown,Other Practice staff,Face-to-Face,1 Day,17890
2022-01,Unknown,Other Practice staff,Face-to-Face,15  to 21 Days,53489
2022-01,Unknown,Other Practice staff,Face-to-Face,2 to 7 Days,91267
2022-01,Unknown,Other Practice staff,Face-to-Face,22  to 28 Days,41503
2022-01,Unknown,Other Practice staff,Face-to-Face,8  to 14 Days,82876
2022-01,Unknown,Other Practice staff,Face-to-Face,More than 28 Days,67068
2022-01,Unknown,Other Practice staff,Face-to-Face,Same Day,67129
2022-01,Unknown,Other Practice staff,Face-to-Face,Unknown / Data Quality,1405
2022-01,Unknown,Other Practice staff,Home Visit,1 Day,2492
2022-01,Unknown,Other Practice staff,Home Visit,15  to 21 Days,687
2022-01,Unknown,Other Practice staff,Home Visit,2 to 7 Days,3293
2022-01,Unknown,Other Practice staff,Home Visit,22  to 28 Days,431
2022-01,Unknown,Other Practice staff,Home Visit,8  to 14 Days,1272
2022-01,Unknown,Other Practice staff,Home Visit,More than 28 Days,714
2022-01,Unknown,Other Practice staff,Home Visit,Same Day,5880
2022-01,Unknown,Other Practice staff,Home Visit,Unknown / Data Quality,47
2022-01,Unknown,Other Practice staff,Telephone,1 Day,8278
2022-01,Unknown,Other Practice staff,Telephone,15  to 21 Days,7626
2022-01,Unknown,Other Practice staff,Telephone,2 to 7 Days,21757
2022-01,Unknown,Other Practice staff,Telephone,22  to 28 Days,6084
2022-01,Unknown,Other Practice staff,Telephone,8  to 14 Days,11753
2022-01,Unknown,Other Practice staff,Telephone,More than 28 Days,9411
2022-01,Unknown,Other Practice staff,Telephone,Same Day,29333
2022-01,Unknown,Other Practice staff,Telephone,Unknown / Data Quality,231
2022-01,Unknown,Other Practice staff,Unknown,1 Day,753
2022-01,Unknown,Other Practice staff,Unknown,15  to 21 Days,1161
2022-01,Unknown,Other Practice staff,Unknown,2 to 7 Days,3695
2022-01,Unknown,Other Practice staff,Unknown,22  to 28 Days,996
2022-01,Unknown,Other Practice staff,Unknown,8  to 14 Days,2288
2022-01,Unknown,Other Practice staff,Unknown,More than 28 Days,2440
2022-01,Unknown,Other Practice staff,Unknown,Same Day,2512
2022-01,Unknown,Other Practice staff,Unknown,Unknown / Data Quality,5
2022-01,Unknown,Other Practice staff,Video/Online,1 Day,134
2022-01,Unknown,Other Practice staff,Video/Online,15  to 21 Days,207
2022-01,Unknown,Other Practice staff,Video/Online,2 to 7 Days,340
2022-01,Unknown,Other Practice staff,Video/Online,22  to 28 Days,173
2022-01,Unknown,Other Practice staff,Video/Online,8  to 14 Days,346
2022-01,Unknown,Other Practice staff,Video/Online,More than 28 Days,206
2022-01,Unknown,Other Practice staff,Video/Online,Same Day,137
2022-01,Unknown,Other Practice staff,Video/Online,Unknown / Data Quality,3
2022-01,Unknown,Unknown,Face-to-Face,1 Day,2432
2022-01,Unknown,Unknown,Face-to-Face,15  to 21 Days,395
2022-01,Unknown,Unknown,Face-to-Face,2 to 7 Days,3236
2022-01,Unknown,Unknown,Face-to-Face,22  to 28 Days,316
2022-01,Unknown,Unknown,Face-to-Face,8  to 14 Days,745
2022-01,Unknown,Unknown,Face-to-Face,More than 28 Days,914
2022-01,Unknown,Unknown,Face-to-Face,Same Day,13556
2022-01,Unknown,Unknown,Face-to-Face,Unknown / Data Quality,98
2022-01,Unknown,Unknown,Home Visit,1 Day,1053
2022-01,Unknown,Unknown,Home Visit,15  to 21 Days,113
2022-01,Unknown,Unknown,Home Visit,2 to 7 Days,1095
2022-01,Unknown,Unknown,Home Visit,22  to 28 Days,63
2022-01,Unknown,Unknown,Home Visit,8  to 14 Days,221
2022-01,Unknown,Unknown,Home Visit,More than 28 Days,45
2022-01,Unknown,Unknown,Home Visit,Same Day,3934
2022-01,Unknown,Unknown,Home Visit,Unknown / Data Quality,18
2022-01,Unknown,Unknown,Telephone,1 Day,1131
2022-01,Unknown,Unknown,Telephone,15  to 21 Days,89
2022-01,Unknown,Unknown,Telephone,2 to 7 Days,1355
2022-01,Unknown,Unknown,Telephone,22  to 28 Days,57
2022-01,Unknown,Unknown,Telephone,8  to 14 Days,228
2022-01,Unknown,Unknown,Telephone,More than 28 Days,77
2022-01,Unknown,Unknown,Telephone,Same Day,3407
2022-01,Unknown,Unknown,Telephone,Unknown / Data Quality,40
2022-01,Unknown,Unknown,Unknown,1 Day,935
2022-01,Unknown,Unknown,Unknown,15  to 21 Days,3811
2022-01,Unknown,Unknown,Unknown,2 to 7 Days,5758
2022-01,Unknown,Unknown,Unknown,22  to 28 Days,2832
2022-01,Unknown,Unknown,Unknown,8  to 14 Days,5593
2022-01,Unknown,Unknown,Unknown,More than 28 Days,4958
2022-01,Unknown,Unknown,Unknown,Same Day,1731
2022-01,Unknown,Unknown,Unknown,Unknown / Data Quality,11
2022-01,Unknown,Unknown,Video/Online,2 to 7 Days,3
2022-01,Unknown,Unknown,Video/Online,Same Day,7
2022-02,Attended,GP,Face-to-Face,1 Day,588884
2022-02,Attended,GP,Face-to-Face,15  to 21 Days,251136
2022-02,Attended,GP,Face-to-Face,2 to 7 Days,1143578
2022-02,Attended,GP,Face-to-Face,22  to 28 Days,116621
2022-02,Attended,GP,Face-to-Face,8  to 14 Days,551209
2022-02,Attended,GP,Face-to-Face,More than 28 Days,59977
2022-02,Attended,GP,Face-to-Face,Same Day,3364146
2022-02,Attended,GP,Face-to-Face,Unknown / Data Quality,3114
2022-02,Attended,GP,Home Visit,1 Day,8322
2022-02,Attended,GP,Home Visit,15  to 21 Days,397
2022-02,Attended,GP,Home Visit,2 to 7 Days,8122
2022-02,Attended,GP,Home Visit,22  to 28 Days,274
2022-02,Attended,GP,Home Visit,8  to 14 Days,1331
2022-02,Attended,GP,Home Visit,More than 28 Days,242
2022-02,Attended,GP,Home Visit,Same Day,37901
2022-02,Attended,GP,Home Visit,Unknown / Data Quality,460
2022-02,Attended,GP,Telephone,1 Day,465785
2022-02,Attended,GP,Telephone,15  to 21 Days,229559
2022-02,Attended,GP,Telephone,2 to 7 Days,958044
2022-02,Attended,GP,Telephone,22  to 28 Days,95758
2022-02,Attended,GP,Telephone,8  to 14 Days,520747
2022-02,Attended,GP,Telephone,More than 28 Days,30660
2022-02,Attended,GP,Telephone,Same Day,3588461
2022-02,Attended,GP,Telephone,Unknown / Data Quality,3873
2022-02,Attended,GP,Unknown,1 Day,11010
2022-02,Attended,GP,Unknown,15  to 21 Days,5046
2022-02,Attended,GP,Unknown,2 to 7 Days,19260
2022-02,Attended,GP,Unknown,22  to 28 Days,1878
2022-02,Attended,GP,Unknown,8  to 14 Days,9615
2022-02,Attended,GP,Unknown,More than 28 Days,954
2022-02,Attended,GP,Unknown,Same Day,70326
2022-02,Attended,GP,Unknown,Unknown / Data Quality,64
2022-02,Attended,GP,Video/Online,1 Day,10468
2022-02,Attended,GP,Video/Online,15  to 21 Days,2035
2022-02,Attended,GP,Video/Online,2 to 7 Days,12938
2022-02,Attended,GP,Video/Online,22  to 28 Days,964
2022-02,Attended,GP,Video/Online,8  to 14 Days,4707
2022-02,Attended,GP,Video/Online,More than 28 Days,505
2022-02,Attended,GP,Video/Online,Same Day,27557
2022-02,Attended,GP,Video/Online,Unknown / Data Quality,116
2022-02,Attended,Other Practice staff,Face-to-Face,1 Day,701634
2022-02,Attended,Other Practice staff,Face-to-Face,15  to 21 Days,690362
2022-02,Attended,Other Practice staff,Face-to-Face,2 to 7 Days,2233687
2022-02,Attended,Other Practice staff,Face-to-Face,22  to 28 Days,395063
2022-02,Attended,Other Practice staff,Face-to-Face,8  to 14 Days,1524621
2022-02,Attended,Other Practice staff,Face-to-Face,More than 28 Days,286425
2022-02,Attended,Other Practice staff,Face-to-Face,Same Day,2014002
2022-02,Attended,Other Practice staff,Face-to-Face,Unknown / Data Quality,3217
2022-02,Attended,Other Practice staff,Home Visit,1 Day,7836
2022-02,Attended,Other Practice staff,Home Visit,15  to 21 Days,2115
2022-02,Attended,Other Practice staff,Home Visit,2 to 7 Days,13062
2022-02,Attended,Other Practice staff,Home Visit,22  to 28 Days,1318
2022-02,Attended,Other Practice staff,Home Visit,8  to 14 Days,5093
2022-02,Attended,Other Practice staff,Home Visit,More than 28 Days,1061
2022-02,Attended,Other Practice staff,Home Visit,Same Day,28407
2022-02,Attended,Other Practice staff,Home Visit,Unknown / Data Quality,369
2022-02,Attended,Other Practice staff,Telephone,1 Day,233657
2022-02,Attended,Other Practice staff,Telephone,15  to 21 Days,97479
2022-02,Attended,Other Practice staff,Telephone,2 to 7 Days,429290
2022-02,Attended,Other Practice staff,Telephone,22  to 28 Days,53173
2022-02,Attended,Other Practice staff,Telephone,8  to 14 Days,203299
2022-02,Attended,Other Practice staff,Telephone,More than 28 Days,33036
2022-02,Attended,Other Practice staff,Telephone,Same Day,1305036
2022-02,Attended,Other Practice staff,Telephone,Unknown / Data Quality,2142
2022-02,Attended,Other Practice staff,Unknown,1 Day,10618
2022-02,Attended,Other Practice staff,Unknown,15  to 21 Days,5370
2022-02,Attended,Other Practice staff,Unknown,2 to 7 Days,26813
2022-02,Attended,Other Practice staff,Unknown,22  to 28 Days,3184
2022-02,Attended,Other Practice staff,Unknown,8  to 14 Days,15152
2022-02,Attended,Other Practice staff,Unknown,More than 28 Days,2629
2022-02,Attended,Other Practice staff,Unknown,Same Day,35468
2022-02,Attended,Other Practice staff,Unknown,Unknown / Data Quality,220
2022-02,Attended,Other Practice staff,Video/Online,1 Day,9219
2022-02,Attended,Other Practice staff,Video/Online,15  to 21 Days,4580
2022-02,Attended,Other Practice staff,Video/Online,2 to 7 Days,13445
2022-02,Attended,Other Practice staff,Video/Online,22  to 28 Days,2514
2022-02,Attended,Other Practice staff,Video/Online,8  to 14 Days,10195
2022-02,Attended,Other Practice staff,Video/Online,More than 28 Days,2053
2022-02,Attended,Other Practice staff,Video/Online,Same Day,16714
2022-02,Attended,Other Practice staff,Video/Online,Unknown / Data Quality,5
2022-02,Attended,Unknown,Face-to-Face,1 Day,15867
2022-02,Attended,Unknown,Face-to-Face,15  to 21 Days,2222
2022-02,Attended,Unknown,Face-to-Face,2 to 7 Days,14562
2022-02,Attended,Unknown,Face-to-Face,22  to 28 Days,1092
2022-02,Attended,Unknown,Face-to-Face,8  to 14 Days,4041
2022-02,Attended,Unknown,Face-to-Face,More than 28 Days,834
2022-02,Attended,Unknown,Face-to-Face,Same Day,99473
2022-02,Attended,Unknown,Face-to-Face,Unknown / Data Quality,81
2022-02,Attended,Unknown,Home Visit,1 Day,2198
2022-02,Attended,Unknown,Home Visit,15  to 21 Days,48
2022-02,Attended,Unknown,Home Visit,2 to 7 Days,1565
2022-02,Attended,Unknown,Home Visit,22  to 28 Days,37
2022-02,Attended,Unknown,Home Visit,8  to 14 Days,264
2022-02,Attended,Unknown,Home Visit,More than 28 Days,34
2022-02,Attended,Unknown,Home Visit,Same Day,9561
2022-02,Attended,Unknown,Home Visit,Unknown / Data Quality,62
2022-02,Attended,Unknown,Telephone,1 Day,14621
2022-02,Attended,Unknown,Telephone,15  to 21 Days,620
2022-02,Attended,Unknown,Telephone,2 to 7 Days,9767
2022-02,Attended,Unknown,Telephone,22  to 28 Days,298
2022-02,Attended,Unknown,Telephone,8  to 14 Days,2249
2022-02,Attended,Unknown,Telephone,More than 28 Days,196
2022-02,Attended,Unknown,Telephone,Same Day,117181
2022-02,Attended,Unknown,Telephone,Unknown / Data Quality,10
2022-02,Attended,Unknown,Unknown,1 Day,35627
2022-02,Attended,Unknown,Unknown,15  to 21 Days,14196
2022-02,Attended,Unknown,Unknown,2 to 7 Days,70882
2022-02,Attended,Unknown,Unknown,22  to 28 Days,6914
2022-02,Attended,Unknown,Unknown,8  to 14 Days,32307
2022-02,Attended,Unknown,Unknown,More than 28 Days,4927
2022-02,Attended,Unknown,Unknown,Same Day,255574
2022-02,Attended,Unknown,Unknown,Unknown / Data Quality,535
2022-02,Attended,Unknown,Video/Online,1 Day,33
2022-02,Attended,Unknown,Video/Online,15  to 21 Days,1
2022-02,Attended,Unknown,Video/Online,2 to 7 Days,25
2022-02,Attended,Unknown,Video/Online,8  to 14 Days,10
2022-02,Attended,Unknown,Video/Online,Same Day,123
2022-02,DNA,GP,Face-to-Face,1 Day,20986
2022-02,DNA,GP,Face-to-Face,15  to 21 Days,18289
2022-02,DNA,GP,Face-to-Face,2 to 7 Days,58898
2022-02,DNA,GP,Face-to-Face,22  to 28 Days,9242
2022-02,DNA,GP,Face-to-Face,8  to 14 Days,36757
2022-02,DNA,GP,Face-to-Face,More than 28 Days,6730
2022-02,DNA,GP,Face-to-Face,Same Day,55712
2022-02,DNA,GP,Face-to-Face,Unknown / Data Quality,186
2022-02,DNA,GP,Home Visit,1 Day,234
2022-02,DNA,GP,Home Visit,15  to 21 Days,20
2022-02,DNA,GP,Home Visit,2 to 7 Days,392
2022-02,DNA,GP,Home Visit,22  to 28 Days,17
2022-02,DNA,GP,Home Visit,8  to 14 Days,112
2022-02,DNA,GP,Home Visit,More than 28 Days,5
2022-02,DNA,GP,Home Visit,Same Day,1181
2022-02,DNA,GP,Home Visit,Unknown / Data Quality,2
2022-02,DNA,GP,Telephone,1 Day,9754
2022-02,DNA,GP,Telephone,15  to 21 Days,5740
2022-02,DNA,GP,Telephone,2 to 7 Days,21521
2022-02,DNA,GP,Telephone,22  to 28 Days,2413
2022-02,DNA,GP,Telephone,8  to 14 Days,13029
2022-02,DNA,GP,Telephone,More than 28 Days,756
2022-02,DNA,GP,Telephone,Same Day,43345
2022-02,DNA,GP,Telephone,Unknown / Data Quality,9
2022-02,DNA,GP,Unknown,1 Day,412
2022-02,DNA,GP,Unknown,15  to 21 Days,186
2022-02,DNA,GP,Unknown,2 to 7 Days,513
2022-02,DNA,GP,Unknown,22  to 28 Days,82
2022-02,DNA,GP,Unknown,8  to 14 Days,226
2022-02,DNA,GP,Unknown,More than 28 Days,44
2022-02,DNA,GP,Unknown,Same Day,1850
2022-02,DNA,GP,Unknown,Unknown / Data Quality,38
2022-02,DNA,GP,Video/Online,1 Day,178
2022-02,DNA,GP,Video/Online,15  to 21 Days,95
2022-02,DNA,GP,Video/Online,2 to 7 Days,549
2022-02,DNA,GP,Video/Online,22  to 28 Days,38
2022-02,DNA,GP,Video/Online,8  to 14 Days,203
2022-02,DNA,GP,Video/Online,More than 28 Days,27
2022-02,DNA,GP,Video/Online,Same Day,390
2022-02,DNA,Other Practice staff,Face-to-Face,1 Day,41903
2022-02,DNA,Other Practice staff,Face-to-Face,15  to 21 Days,84123
2022-02,DNA,Other Practice staff,Face-to-Face,2 to 7 Days,205288
2022-02,DNA,Other Practice staff,Face-to-Face,22  to 28 Days,47175
2022-02,DNA,Other Practice staff,Face-to-Face,8  to 14 Days,173585
2022-02,DNA,Other Practice staff,Face-to-Face,More than 28 Days,39539
2022-02,DNA,Other Practice staff,Face-to-Face,Same Day,56370
2022-02,DNA,Other Practice staff,Face-to-Face,Unknown / Data Quality,169
2022-02,DNA,Other Practice staff,Home Visit,1 Day,285
2022-02,DNA,Other Practice staff,Home Visit,15  to 21 Days,122
2022-02,DNA,Other Practice staff,Home Visit,2 to 7 Days,647
2022-02,DNA,Other Practice staff,Home Visit,22  to 28 Days,60
2022-02,DNA,Other Practice staff,Home Visit,8  to 14 Days,210
2022-02,DNA,Other Practice staff,Home Visit,More than 28 Days,49
2022-02,DNA,Other Practice staff,Home Visit,Same Day,659
2022-02,DNA,Other Practice staff,Home Visit,Unknown / Data Quality,1
2022-02,DNA,Other Practice staff,Telephone,1 Day,9087
2022-02,DNA,Other Practice staff,Telephone,15  to 21 Days,5399
2022-02,DNA,Other Practice staff,Telephone,2 to 7 Days,21290
2022-02,DNA,Other Practice staff,Telephone,22  to 28 Days,2710
2022-02,DNA,Other Practice staff,Telephone,8  to 14 Days,11232
2022-02,DNA,Other Practice staff,Telephone,More than 28 Days,1679
2022-02,DNA,Other Practice staff,Telephone,Same Day,28177
2022-02,DNA,Other Practice staff,Telephone,Unknown / Data Quality,41
2022-02,DNA,Other Practice staff,Unknown,1 Day,1113
2022-02,DNA,Other Practice staff,Unknown,15  to 21 Days,318
2022-02,DNA,Other Practice staff,Unknown,2 to 7 Days,1970
2022-02,DNA,Other Practice staff,Unknown,22  to 28 Days,247
2022-02,DNA,Other Practice staff,Unknown,8  to 14 Days,1004
2022-02,DNA,Other Practice staff,Unknown,More than 28 Days,277
2022-02,DNA,Other Practice staff,Unknown,Same Day,2998
2022-02,DNA,Other Practice staff,Unknown,Unknown / Data Quality,132
2022-02,DNA,Other Practice staff,Video/Online,1 Day,501
2022-02,DNA,Other Practice staff,Video/Online,15  to 21 Days,562
2022-02,DNA,Other Practice staff,Video/Online,2 to 7 Days,1058
2022-02,DNA,Other Practice staff,Video/Online,22  to 28 Days,265
2022-02,DNA,Other Practice staff,Video/Online,8  to 14 Days,1129
2022-02,DNA,Other Practice staff,Video/Online,More than 28 Days,218
2022-02,DNA,Other Practice staff,Video/Online,Same Day,911
2022-02,DNA,Unknown,Face-to-Face,1 Day,623
2022-02,DNA,Unknown,Face-to-Face,15  to 21 Days,195
2022-02,DNA,Unknown,Face-to-Face,2 to 7 Days,1304
2022-02,DNA,Unknown,Face-to-Face,22  to 28 Days,100
2022-02,DNA,Unknown,Face-to-Face,8  to 14 Days,490
2022-02,DNA,Unknown,Face-to-Face,More than 28 Days,59
2022-02,DNA,Unknown,Face-to-Face,Same Day,1175
2022-02,DNA,Unknown,Home Visit,1 Day,374
2022-02,DNA,Unknown,Home Visit,15  to 21 Days,118
2022-02,DNA,Unknown,Home Visit,2 to 7 Days,291
2022-02,DNA,Unknown,Home Visit,22  to 28 Days,32
2022-02,DNA,Unknown,Home Visit,8  to 14 Days,104
2022-02,DNA,Unknown,Home Visit,More than 28 Days,38
2022-02,DNA,Unknown,Home Visit,Same Day,1119
2022-02,DNA,Unknown,Home Visit,Unknown / Data Quality,1
2022-02,DNA,Unknown,Telephone,1 Day,651
2022-02,DNA,Unknown,Telephone,15  to 21 Days,19
2022-02,DNA,Unknown,Telephone,2 to 7 Days,485
2022-02,DNA,Unknown,Telephone,22  to 28 Days,16
2022-02,DNA,Unknown,Telephone,8  to 14 Days,83
2022-02,DNA,Unknown,Telephone,More than 28 Days,12
2022-02,DNA,Unknown,Telephone,Same Day,2439
2022-02,DNA,Unknown,Unknown,1 Day,1037
2022-02,DNA,Unknown,Unknown,15  to 21 Days,1186
2022-02,DNA,Unknown,Unknown,2 to 7 Days,3564
2022-02,DNA,Unknown,Unknown,22  to 28 Days,625
2022-02,DNA,Unknown,Unknown,8  to 14 Days,2437
2022-02,DNA,Unknown,Unknown,More than 28 Days,547
2022-02,DNA,Unknown,Unknown,Same Day,2039
2022-02,DNA,Unknown,Video/Online,2 to 7 Days,5
2022-02,DNA,Unknown,Video/Online,8  to 14 Days,1
2022-02,DNA,Unknown,Video/Online,Same Day,1
2022-02,Unknown,GP,Face-to-Face,1 Day,16457
2022-02,Unknown,GP,Face-to-Face,15  to 21 Days,17973
2022-02,Unknown,GP,Face-to-Face,2 to 7 Days,38704
2022-02,Unknown,GP,Face-to-Face,22  to 28 Days,11281
2022-02,Unknown,GP,Face-to-Face,8  to 14 Days,29322
2022-02,Unknown,GP,Face-to-Face,More than 28 Days,11073
2022-02,Unknown,GP,Face-to-Face,Same Day,61453
2022-02,Unknown,GP,Face-to-Face,Unknown / Data Quality,733
2022-02,Unknown,GP,Home Visit,1 Day,1989
2022-02,Unknown,GP,Home Visit,15  to 21 Days,193
2022-02,Unknown,GP,Home Visit,2 to 7 Days,2273
2022-02,Unknown,GP,Home Visit,22  to 28 Days,89
2022-02,Unknown,GP,Home Visit,8  to 14 Days,573
2022-02,Unknown,GP,Home Visit,More than 28 Days,93
2022-02,Unknown,GP,Home Visit,Same Day,7659
2022-02,Unknown,GP,Home Visit,Unknown / Data Quality,146
2022-02,Unknown,GP,Telephone,1 Day,13674
2022-02,Unknown,GP,Telephone,15  to 21 Days,13659
2022-02,Unknown,GP,Telephone,2 to 7 Days,30139
2022-02,Unknown,GP,Telephone,22  to 28 Days,8064
2022-02,Unknown,GP,Telephone,8  to 14 Days,22656
2022-02,Unknown,GP,Telephone,More than 28 Days,5559
2022-02,Unknown,GP,Telephone,Same Day,47847
2022-02,Unknown,GP,Telephone,Unknown / Data Quality,295
2022-02,Unknown,GP,Unknown,1 Day,580
2022-02,Unknown,GP,Unknown,15  to 21 Days,638
2022-02,Unknown,GP,Unknown,2 to 7 Days,1376
2022-02,Unknown,GP,Unknown,22  to 28 Days,533
2022-02,Unknown,GP,Unknown,8  to 14 Days,1034
2022-02,Unknown,GP,Unknown,More than 28 Days,345
2022-02,Unknown,GP,Unknown,Same Day,1867
2022-02,Unknown,GP,Unknown,Unknown / Data Quality,2
2022-02,Unknown,GP,Video/Online,1 Day,326
2022-02,Unknown,GP,Video/Online,15  to 21 Days,110
2022-02,Unknown,GP,Video/Online,2 to 7 Days,296
2022-02,Unknown,GP,Video/Online,22  to 28 Days,87
2022-02,Unknown,GP,Video/Online,8  to 14 Days,181
2022-02,Unknown,GP,Video/Online,More than 28 Days,56
2022-02,Unknown,GP,Video/Online,Same Day,635
2022-02,Unknown,GP,Video/Online,Unknown / Data Quality,11
2022-02,Unknown,Other Practice staff,Face-to-Face,1 Day,18706
2022-02,Unknown,Other Practice staff,Face-to-Face,15  to 21 Days,54826
2022-02,Unknown,Other Practice staff,Face-to-Face,2 to 7 Days,80686
2022-02,Unknown,Other Practice staff,Face-to-Face,22  to 28 Days,38279
2022-02,Unknown,Other Practice staff,Face-to-Face,8  to 14 Days,89224
2022-02,Unknown,Other Practice staff,Face-to-Face,More than 28 Days,47772
2022-02,Unknown,Other Practice staff,Face-to-Face,Same Day,65964
2022-02,Unknown,Other Practice staff,Face-to-Face,Unknown / Data Quality,1807
2022-02,Unknown,Other Practice staff,Home Visit,1 Day,2169
2022-02,Unknown,Other Practice staff,Home Visit,15  to 21 Days,535
2022-02,Unknown,Other Practice staff,Home Visit,2 to 7 Days,3240
2022-02,Unknown,Other Practice staff,Home Visit,22  to 28 Days,379
2022-02,Unknown,Other Practice staff,Home Visit,8  to 14 Days,1318
2022-02,Unknown,Other Practice staff,Home Visit,More than 28 Days,355
2022-02,Unknown,Other Practice staff,Home Visit,Same Day,5439
2022-02,Unknown,Other Practice staff,Home Visit,Unknown / Data Quality,66
2022-02,Unknown,Other Practice staff,Telephone,1 Day,8630
2022-02,Unknown,Other Practice staff,Telephone,15  to 21 Days,8029
2022-02,Unknown,Other Practice staff,Telephone,2 to 7 Days,21375
2022-02,Unknown,Other Practice staff,Telephone,22  to 28 Days,5701
2022-02,Unknown,Other Practice staff,Telephone,8  to 14 Days,13938
2022-02,Unknown,Other Practice staff,Telephone,More than 28 Days,5854
2022-02,Unknown,Other Practice staff,Telephone,Same Day,28152
2022-02,Unknown,Other Practice staff,Telephone,Unknown / Data Quality,228
2022-02,Unknown,Other Practice staff,Unknown,1 Day,819
2022-02,Unknown,Other Practice staff,Unknown,15  to 21 Days,1387
2022-02,Unknown,Other Practice staff,Unknown,2 to 7 Days,3358
2022-02,Unknown,Other Practice staff,Unknown,22  to 28 Days,1115
2022-02,Unknown,Other Practice staff,Unknown,8  to 14 Days,3019
2022-02,Unknown,Other Practice staff,Unknown,More than 28 Days,1353
2022-02,Unknown,Other Practice staff,Unknown,Same Day,1692
2022-02,Unknown,Other Practice staff,Unknown,Unknown / Data Quality,1
2022-02,Unknown,Other Practice staff,Video/Online,1 Day,64
2022-02,Unknown,Other Practice staff,Video/Online,15  to 21 Days,182
2022-02,Unknown,Other Practice staff,Video/Online,2 to 7 Days,294
2022-02,Unknown,Other Practice staff,Video/Online,22  to 28 Days,137
2022-02,Unknown,Other Practice staff,Video/Online,8  to 14 Days,309
2022-02,Unknown,Other Practice staff,Video/Online,More than 28 Days,218
2022-02,Unknown,Other Practice staff,Video/Online,Same Day,147
2022-02,Unknown,Other Practice staff,Video/Online,Unknown / Data Quality,3
2022-02,Unknown,Unknown,Face-to-Face,1 Day,2157
2022-02,Unknown,Unknown,Face-to-Face,15  to 21 Days,481
2022-02,Unknown,Unknown,Face-to-Face,2 to 7 Days,2972
2022-02,Unknown,Unknown,Face-to-Face,22  to 28 Days,373
2022-02,Unknown,Unknown,Face-to-Face,8  to 14 Days,1097
2022-02,Unknown,Unknown,Face-to-Face,More than 28 Days,515
2022-02,Unknown,Unknown,Face-to-Face,Same Day,12532
2022-02,Unknown,Unknown,Face-to-Face,Unknown / Data Quality,92
2022-02,Unknown,Unknown,Home Visit,1 Day,994
2022-02,Unknown,Unknown,Home Visit,15  to 21 Days,111
2022-02,Unknown,Unknown,Home Visit,2 to 7 Days,1023
2022-02,Unknown,Unknown,Home Visit,22  to 28 Days,106
2022-02,Unknown,Unknown,Home Visit,8  to 14 Days,190
2022-02,Unknown,Unknown,Home Visit,More than 28 Days,67
2022-02,Unknown,Unknown,Home Visit,Same Day,3768
2022-02,Unknown,Unknown,Home Visit,Unknown / Data Quality,7
2022-02,Unknown,Unknown,Telephone,1 Day,1169
2022-02,Unknown,Unknown,Telephone,15  to 21 Days,98
2022-02,Unknown,Unknown,Telephone,2 to 7 Days,1289
2022-02,Unknown,Unknown,Telephone,22  to 28 Days,48
2022-02,Unknown,Unknown,Telephone,8  to 14 Days,420
2022-02,Unknown,Unknown,Telephone,More than 28 Days,43
2022-02,Unknown,Unknown,Telephone,Same Day,3461
2022-02,Unknown,Unknown,Telephone,Unknown / Data Quality,7
2022-02,Unknown,Unknown,Unknown,1 Day,1151
2022-02,Unknown,Unknown,Unknown,15  to 21 Days,3608
2022-02,Unknown,Unknown,Unknown,2 to 7 Days,5226
2022-02,Unknown,Unknown,Unknown,22  to 28 Days,2592
2022-02,Unknown,Unknown,Unknown,8  to 14 Days,5528
2022-02,Unknown,Unknown,Unknown,More than 28 Days,3467
2022-02,Unknown,Unknown,Unknown,Same Day,1961
2022-02,Unknown,Unknown,Unknown,Unknown / Data Quality,26
2022-02,Unknown,Unknown,Video/Online,Same Day,4
2022-03,Attended,GP,Face-to-Face,1 Day,714879
2022-03,Attended,GP,Face-to-Face,15  to 21 Days,334324
2022-03,Attended,GP,Face-to-Face,2 to 7 Days,1323053
2022-03,Attended,GP,Face-to-Face,22  to 28 Days,181957
2022-03,Attended,GP,Face-to-Face,8  to 14 Days,651185
2022-03,Attended,GP,Face-to-Face,More than 28 Days,104924
2022-03,Attended,GP,Face-to-Face,Same Day,3987928
2022-03,Attended,GP,Face-to-Face,Unknown / Data Quality,3616
2022-03,Attended,GP,Home Visit,1 Day,10409
2022-03,Attended,GP,Home Visit,15  to 21 Days,618
2022-03,Attended,GP,Home Visit,2 to 7 Days,8971
2022-03,Attended,GP,Home Visit,22  to 28 Days,327
2022-03,Attended,GP,Home Visit,8  to 14 Days,1541
2022-03,Attended,GP,Home Visit,More than 28 Days,522
2022-03,Attended,GP,Home Visit,Same Day,45341
2022-03,Attended,GP,Home Visit,Unknown / Data Quality,383
2022-03,Attended,GP,Telephone,1 Day,543378
2022-03,Attended,GP,Telephone,15  to 21 Days,296422
2022-03,Attended,GP,Telephone,2 to 7 Days,1052585
2022-03,Attended,GP,Telephone,22  to 28 Days,145419
2022-03,Attended,GP,Telephone,8  to 14 Days,580305
2022-03,Attended,GP,Telephone,More than 28 Days,54891
2022-03,Attended,GP,Telephone,Same Day,4067970
2022-03,Attended,GP,Telephone,Unknown / Data Quality,3939
2022-03,Attended,GP,Unknown,1 Day,12450
2022-03,Attended,GP,Unknown,15  to 21 Days,6001
2022-03,Attended,GP,Unknown,2 to 7 Days,19726
2022-03,Attended,GP,Unknown,22  to 28 Days,2833
2022-03,Attended,GP,Unknown,8  to 14 Days,9287
2022-03,Attended,GP,Unknown,More than 28 Days,1488
2022-03,Attended,GP,Unknown,Same Day,76652
2022-03,Attended,GP,Unknown,Unknown / Data Quality,74
2022-03,Attended,GP,Video/Online,1 Day,11348
2022-03,Attended,GP,Video/Online,15  to 21 Days,2791
2022-03,Attended,GP,Video/Online,2 to 7 Days,15284
2022-03,Attended,GP,Video/Online,22  to 28 Days,1548
2022-03,Attended,GP,Video/Online,8  to 14 Days,6029
2022-03,Attended,GP,Video/Online,More than 28 Days,1015
2022-03,Attended,GP,Video/Online,Same Day,31613
2022-03,Attended,GP,Video/Online,Unknown / Data Quality,143
2022-03,Attended,Other Practice staff,Face-to-Face,1 Day,836449
2022-03,Attended,Other Practice staff,Face-to-Face,15  to 21 Days,836108
2022-03,Attended,Other Practice staff,Face-to-Face,2 to 7 Days,2440009
2022-03,Attended,Other Practice staff,Face-to-Face,22  to 28 Days,510342
2022-03,Attended,Other Practice staff,Face-to-Face,8  to 14 Days,1714355
2022-03,Attended,Other Practice staff,Face-to-Face,More than 28 Days,401944
2022-03,Attended,Other Practice staff,Face-to-Face,Same Day,2337262
2022-03,Attended,Other Practice staff,Face-to-Face,Unknown / Data Quality,4560
2022-03,Attended,Other Practice staff,Home Visit,1 Day,9218
2022-03,Attended,Other Practice staff,Home Visit,15  to 21 Days,2650
2022-03,Attended,Other Practice staff,Home Visit,2 to 7 Days,14413
2022-03,Attended,Other Practice staff,Home Visit,22  to 28 Days,1677
2022-03,Attended,Other Practice staff,Home Visit,8  to 14 Days,5868
2022-03,Attended,Other Practice staff,Home Visit,More than 28 Days,1558
2022-03,Attended,Other Practice staff,Home Visit,Same Day,33774
2022-03,Attended,Other Practice staff,Home Visit,Unknown / Data Quality,532
2022-03,Attended,Other Practice staff,Telephone,1 Day,273650
2022-03,Attended,Other Practice staff,Telephone,15  to 21 Days,117776
2022-03,Attended,Other Practice staff,Telephone,2 to 7 Days,466032
2022-03,Attended,Other Practice staff,Telephone,22  to 28 Days,73025
2022-03,Attended,Other Practice staff,Telephone,8  to 14 Days,225471
2022-03,Attended,Other Practice staff,Telephone,More than 28 Days,51547
2022-03,Attended,Other Practice staff,Telephone,Same Day,1464469
2022-03,Attended,Other Practice staff,Telephone,Unknown / Data Quality,1543
2022-03,Attended,Other Practice staff,Unknown,1 Day,11944
2022-03,Attended,Other Practice staff,Unknown,15  to 21 Days,6826
2022-03,Attended,Other Practice staff,Unknown,2 to 7 Days,27418
2022-03,Attended,Other Practice staff,Unknown,22  to 28 Days,4142
2022-03,Attended,Other Practice staff,Unknown,8  to 14 Days,17716
2022-03,Attended,Other Practice staff,Unknown,More than 28 Days,3275
2022-03,Attended,Other Practice staff,Unknown,Same Day,41829
2022-03,Attended,Other Practice staff,Unknown,Unknown / Data Quality,481
2022-03,Attended,Other Practice staff,Video/Online,1 Day,11423
2022-03,Attended,Other Practice staff,Video/Online,15  to 21 Days,5886
2022-03,Attended,Other Practice staff,Video/Online,2 to 7 Days,14401
2022-03,Attended,Other Practice staff,Video/Online,22  to 28 Days,3158
2022-03,Attended,Other Practice staff,Video/Online,8  to 14 Days,11219
2022-03,Attended,Other Practice staff,Video/Online,More than 28 Days,2795
2022-03,Attended,Other Practice staff,Video/Online,Same Day,21849
2022-03,Attended,Other Practice staff,Video/Online,Unknown / Data Quality,11
2022-03,Attended,Unknown,Face-to-Face,1 Day,19910
2022-03,Attended,Unknown,Face-to-Face,15  to 21 Days,2416
2022-03,Attended,Unknown,Face-to-Face,2 to 7 Days,16009
2022-03,Attended,Unknown,Face-to-Face,22  to 28 Days,1724
2022-03,Attended,Unknown,Face-to-Face,8  to 14 Days,5026
2022-03,Attended,Unknown,Face-to-Face,More than 28 Days,1092
2022-03,Attended,Unknown,Face-to-Face,Same Day,115518
2022-03,Attended,Unknown,Face-to-Face,Unknown / Data Quality,82
2022-03,Attended,Unknown,Home Visit,1 Day,2809
2022-03,Attended,Unknown,Home Visit,15  to 21 Days,69
2022-03,Attended,Unknown,Home Visit,2 to 7 Days,1806
2022-03,Attended,Unknown,Home Visit,22  to 28 Days,49
2022-03,Attended,Unknown,Home Visit,8  to 14 Days,238
2022-03,Attended,Unknown,Home Visit,More than 28 Days,25
2022-03,Attended,Unknown,Home Visit,Same Day,10905
2022-03,Attended,Unknown,Home Visit,Unknown / Data Quality,45
2022-03,Attended,Unknown,Telephone,1 Day,18057
2022-03,Attended,Unknown,Telephone,15  to 21 Days,1111
2022-03,Attended,Unknown,Telephone,2 to 7 Days,11236
2022-03,Attended,Unknown,Telephone,22  to 28 Days,415
2022-03,Attended,Unknown,Telephone,8  to 14 Days,2401
2022-03,Attended,Unknown,Telephone,More than 28 Days,302
2022-03,Attended,Unknown,Telephone,Same Day,133531
2022-03,Attended,Unknown,Telephone,Unknown / Data Quality,5
2022-03,Attended,Unknown,Unknown,1 Day,42261
2022-03,Attended,Unknown,Unknown,15  to 21 Days,17250
2022-03,Attended,Unknown,Unknown,2 to 7 Days,81922
2022-03,Attended,Unknown,Unknown,22  to 28 Days,9707
2022-03,Attended,Unknown,Unknown,8  to 14 Days,37527
2022-03,Attended,Unknown,Unknown,More than 28 Days,7476
2022-03,Attended,Unknown,Unknown,Same Day,302128
2022-03,Attended,Unknown,Unknown,Unknown / Data Quality,553
2022-03,Attended,Unknown,Video/Online,1 Day,34
2022-03,Attended,Unknown,Video/Online,2 to 7 Days,22
2022-03,Attended,Unknown,Video/Online,8  to 14 Days,6
2022-03,Attended,Unknown,Video/Online,Same Day,241
2022-03,DNA,GP,Face-to-Face,1 Day,26283
2022-03,DNA,GP,Face-to-Face,15  to 21 Days,25045
2022-03,DNA,GP,Face-to-Face,2 to 7 Days,70626
2022-03,DNA,GP,Face-to-Face,22  to 28 Days,13913
2022-03,DNA,GP,Face-to-Face,8  to 14 Days,44999
2022-03,DNA,GP,Face-to-Face,More than 28 Days,11646
2022-03,DNA,GP,Face-to-Face,Same Day,67396
2022-03,DNA,GP,Face-to-Face,Unknown / Data Quality,173
2022-03,DNA,GP,Home Visit,1 Day,226
2022-03,DNA,GP,Home Visit,15  to 21 Days,26
2022-03,DNA,GP,Home Visit,2 to 7 Days,405
2022-03,DNA,GP,Home Visit,22  to 28 Days,17
2022-03,DNA,GP,Home Visit,8  to 14 Days,80
2022-03,DNA,GP,Home Visit,More than 28 Days,22
2022-03,DNA,GP,Home Visit,Same Day,1110
2022-03,DNA,GP,Home Visit,Unknown / Data Quality,1
2022-03,DNA,GP,Telephone,1 Day,11609
2022-03,DNA,GP,Telephone,15  to 21 Days,7783
2022-03,DNA,GP,Telephone,2 to 7 Days,24381
2022-03,DNA,GP,Telephone,22  to 28 Days,3784
2022-03,DNA,GP,Telephone,8  to 14 Days,14627
2022-03,DNA,GP,Telephone,More than 28 Days,1371
2022-03,DNA,GP,Telephone,Same Day,51359
2022-03,DNA,GP,Telephone,Unknown / Data Quality,51
2022-03,DNA,GP,Unknown,1 Day,314
2022-03,DNA,GP,Unknown,15  to 21 Days,266
2022-03,DNA,GP,Unknown,2 to 7 Days,589
2022-03,DNA,GP,Unknown,22  to 28 Days,159
2022-03,DNA,GP,Unknown,8  to 14 Days,274
2022-03,DNA,GP,Unknown,More than 28 Days,95
2022-03,DNA,GP,Unknown,Same Day,2109
2022-03,DNA,GP,Unknown,Unknown / Data Quality,27
2022-03,DNA,GP,Video/Online,1 Day,193
2022-03,DNA,GP,Video/Online,15  to 21 Days,141
2022-03,DNA,GP,Video/Online,2 to 7 Days,610
2022-03,DNA,GP,Video/Online,22  to 28 Days,68
2022-03,DNA,GP,Video/Online,8  to 14 Days,253
2022-03,DNA,GP,Video/Online,More than 28 Days,60
2022-03,DNA,GP,Video/Online,Same Day,493
2022-03,DNA,Other Practice staff,Face-to-Face,1 Day,51033
2022-03,DNA,Other Practice staff,Face-to-Face,15  to 21 Days,104923
2022-03,DNA,Other Practice staff,Face-to-Face,2 to 7 Days,227498
2022-03,DNA,Other Practice staff,Face-to-Face,22  to 28 Days,63022
2022-03,DNA,Other Practice staff,Face-to-Face,8  to 14 Days,197880
2022-03,DNA,Other Practice staff,Face-to-Face,More than 28 Days,58417
2022-03,DNA,Other Practice staff,Face-to-Face,Same Day,67860
2022-03,DNA,Other Practice staff,Face-to-Face,Unknown / Data Quality,154
2022-03,DNA,Other Practice staff,Home Visit,1 Day,411
2022-03,DNA,Other Practice staff,Home Visit,15  to 21 Days,148
2022-03,DNA,Other Practice staff,Home Visit,2 to 7 Days,748
2022-03,DNA,Other Practice staff,Home Visit,22  to 28 Days,136
2022-03,DNA,Other Practice staff,Home Visit,8  to 14 Days,368
2022-03,DNA,Other Practice staff,Home Visit,More than 28 Days,108
2022-03,DNA,Other Practice staff,Home Visit,Same Day,839
2022-03,DNA,Other Practice staff,Home Visit,Unknown / Data Quality,11
2022-03,DNA,Other Practice staff,Telephone,1 Day,10959
2022-03,DNA,Other Practice staff,Telephone,15  to 21 Days,6534
2022-03,DNA,Other Practice staff,Telephone,2 to 7 Days,23823
2022-03,DNA,Other Practice staff,Telephone,22  to 28 Days,4021
2022-03,DNA,Other Practice staff,Telephone,8  to 14 Days,12516
2022-03,DNA,Other Practice staff,Telephone,More than 28 Days,2775
2022-03,DNA,Other Practice staff,Telephone,Same Day,32563
2022-03,DNA,Other Practice staff,Telephone,Unknown / Data Quality,51
2022-03,DNA,Other Practice staff,Unknown,1 Day,1091
2022-03,DNA,Other Practice staff,Unknown,15  to 21 Days,419
2022-03,DNA,Other Practice staff,Unknown,2 to 7 Days,1922
2022-03,DNA,Other Practice staff,Unknown,22  to 28 Days,325
2022-03,DNA,Other Practice staff,Unknown,8  to 14 Days,1271
2022-03,DNA,Other Practice staff,Unknown,More than 28 Days,337
2022-03,DNA,Other Practice staff,Unknown,Same Day,3303
2022-03,DNA,Other Practice staff,Unknown,Unknown / Data Quality,102
2022-03,DNA,Other Practice staff,Video/Online,1 Day,666
2022-03,DNA,Other Practice staff,Video/Online,15  to 21 Days,709
2022-03,DNA,Other Practice staff,Video/Online,2 to 7 Days,1109
2022-03,DNA,Other Practice staff,Video/Online,22  to 28 Days,407
2022-03,DNA,Other Practice staff,Video/Online,8  to 14 Days,1168
2022-03,DNA,Other Practice staff,Video/Online,More than 28 Days,326
2022-03,DNA,Other Practice staff,Video/Online,Same Day,985
2022-03,DNA,Unknown,Face-to-Face,1 Day,645
2022-03,DNA,Unknown,Face-to-Face,15  to 21 Days,289
2022-03,DNA,Unknown,Face-to-Face,2 to 7 Days,1420
2022-03,DNA,Unknown,Face-to-Face,22  to 28 Days,166
2022-03,DNA,Unknown,Face-to-Face,8  to 14 Days,560
2022-03,DNA,Unknown,Face-to-Face,More than 28 Days,108
2022-03,DNA,Unknown,Face-to-Face,Same Day,1321
2022-03,DNA,Unknown,Face-to-Face,Unknown / Data Quality,2
2022-03,DNA,Unknown,Home Visit,1 Day,373
2022-03,DNA,Unknown,Home Visit,15  to 21 Days,48
2022-03,DNA,Unknown,Home Visit,2 to 7 Days,219
2022-03,DNA,Unknown,Home Visit,22  to 28 Days,37
2022-03,DNA,Unknown,Home Visit,8  to 14 Days,84
2022-03,DNA,Unknown,Home Visit,More than 28 Days,37
2022-03,DNA,Unknown,Home Visit,Same Day,927
2022-03,DNA,Unknown,Home Visit,Unknown / Data Quality,1
2022-03,DNA,Unknown,Telephone,1 Day,892
2022-03,DNA,Unknown,Telephone,15  to 21 Days,44
2022-03,DNA,Unknown,Telephone,2 to 7 Days,509
2022-03,DNA,Unknown,Telephone,22  to 28 Days,17
2022-03,DNA,Unknown,Telephone,8  to 14 Days,108
2022-03,DNA,Unknown,Telephone,More than 28 Days,14
2022-03,DNA,Unknown,Telephone,Same Day,2859
2022-03,DNA,Unknown,Telephone,Unknown / Data Quality,3
2022-03,DNA,Unknown,Unknown,1 Day,1123
2022-03,DNA,Unknown,Unknown,15  to 21 Days,1470
2022-03,DNA,Unknown,Unknown,2 to 7 Days,4101
2022-03,DNA,Unknown,Unknown,22  to 28 Days,837
2022-03,DNA,Unknown,Unknown,8  to 14 Days,2761
2022-03,DNA,Unknown,Unknown,More than 28 Days,805
2022-03,DNA,Unknown,Unknown,Same Day,2305
2022-03,DNA,Unknown,Unknown,Unknown / Data Quality,1
2022-03,DNA,Unknown,Video/Online,2 to 7 Days,2
2022-03,DNA,Unknown,Video/Online,8  to 14 Days,1
2022-03,DNA,Unknown,Video/Online,Same Day,8
2022-03,Unknown,GP,Face-to-Face,1 Day,19735
2022-03,Unknown,GP,Face-to-Face,15  to 21 Days,23578
2022-03,Unknown,GP,Face-to-Face,2 to 7 Days,48112
2022-03,Unknown,GP,Face-to-Face,22  to 28 Days,16330
2022-03,Unknown,GP,Face-to-Face,8  to 14 Days,35500
2022-03,Unknown,GP,Face-to-Face,More than 28 Days,18282
2022-03,Unknown,GP,Face-to-Face,Same Day,71250
2022-03,Unknown,GP,Face-to-Face,Unknown / Data Quality,755
2022-03,Unknown,GP,Home Visit,1 Day,2458
2022-03,Unknown,GP,Home Visit,15  to 21 Days,220
2022-03,Unknown,GP,Home Visit,2 to 7 Days,2477
2022-03,Unknown,GP,Home Visit,22  to 28 Days,129
2022-03,Unknown,GP,Home Visit,8  to 14 Days,781
2022-03,Unknown,GP,Home Visit,More than 28 Days,184
2022-03,Unknown,GP,Home Visit,Same Day,8707
2022-03,Unknown,GP,Home Visit,Unknown / Data Quality,189
2022-03,Unknown,GP,Telephone,1 Day,15901
2022-03,Unknown,GP,Telephone,15  to 21 Days,16833
2022-03,Unknown,GP,Telephone,2 to 7 Days,35129
2022-03,Unknown,GP,Telephone,22  to 28 Days,11084
2022-03,Unknown,GP,Telephone,8  to 14 Days,26179
2022-03,Unknown,GP,Telephone,More than 28 Days,7581
2022-03,Unknown,GP,Telephone,Same Day,55873
2022-03,Unknown,GP,Telephone,Unknown / Data Quality,280
2022-03,Unknown,GP,Unknown,1 Day,606
2022-03,Unknown,GP,Unknown,15  to 21 Days,833
2022-03,Unknown,GP,Unknown,2 to 7 Days,1537
2022-03,Unknown,GP,Unknown,22  to 28 Days,734
2022-03,Unknown,GP,Unknown,8  to 14 Days,1319
2022-03,Unknown,GP,Unknown,More than 28 Days,661
2022-03,Unknown,GP,Unknown,Same Day,1853
2022-03,Unknown,GP,Unknown,Unknown / Data Quality,1
2022-03,Unknown,GP,Video/Online,1 Day,243
2022-03,Unknown,GP,Video/Online,15  to 21 Days,186
2022-03,Unknown,GP,Video/Online,2 to 7 Days,210
2022-03,Unknown,GP,Video/Online,22  to 28 Days,113
2022-03,Unknown,GP,Video/Online,8  to 14 Days,205
2022-03,Unknown,GP,Video/Online,More than 28 Days,70
2022-03,Unknown,GP,Video/Online,Same Day,763
2022-03,Unknown,GP,Video/Online,Unknown / Data Quality,6
2022-03,Unknown,Other Practice staff,Face-to-Face,1 Day,24470
2022-03,Unknown,Other Practice staff,Face-to-Face,15  to 21 Days,67595
2022-03,Unknown,Other Practice staff,Face-to-Face,2 to 7 Days,96091
2022-03,Unknown,Other Practice staff,Face-to-Face,22  to 28 Days,50458
2022-03,Unknown,Other Practice staff,Face-to-Face,8  to 14 Days,107919
2022-03,Unknown,Other Practice staff,Face-to-Face,More than 28 Days,66393
2022-03,Unknown,Other Practice staff,Face-to-Face,Same Day,78248
2022-03,Unknown,Other Practice staff,Face-to-Face,Unknown / Data Quality,2320
2022-03,Unknown,Other Practice staff,Home Visit,1 Day,2922
2022-03,Unknown,Other Practice staff,Home Visit,15  to 21 Days,774
2022-03,Unknown,Other Practice staff,Home Visit,2 to 7 Days,3594
2022-03,Unknown,Other Practice staff,Home Visit,22  to 28 Days,385
2022-03,Unknown,Other Practice staff,Home Visit,8  to 14 Days,1699
2022-03,Unknown,Other Practice staff,Home Visit,More than 28 Days,513
2022-03,Unknown,Other Practice staff,Home Visit,Same Day,6125
2022-03,Unknown,Other Practice staff,Home Visit,Unknown / Data Quality,83
2022-03,Unknown,Other Practice staff,Telephone,1 Day,10449
2022-03,Unknown,Other Practice staff,Telephone,15  to 21 Days,9850
2022-03,Unknown,Other Practice staff,Telephone,2 to 7 Days,24358
2022-03,Unknown,Other Practice staff,Telephone,22  to 28 Days,7542
2022-03,Unknown,Other Practice staff,Telephone,8  to 14 Days,15822
2022-03,Unknown,Other Practice staff,Telephone,More than 28 Days,8759
2022-03,Unknown,Other Practice staff,Telephone,Same Day,33306
2022-03,Unknown,Other Practice staff,Telephone,Unknown / Data Quality,255
2022-03,Unknown,Other Practice staff,Unknown,1 Day,818
2022-03,Unknown,Other Practice staff,Unknown,15  to 21 Days,1700
2022-03,Unknown,Other Practice staff,Unknown,2 to 7 Days,3229
2022-03,Unknown,Other Practice staff,Unknown,22  to 28 Days,1193
2022-03,Unknown,Other Practice staff,Unknown,8  to 14 Days,3622
2022-03,Unknown,Other Practice staff,Unknown,More than 28 Days,1693
2022-03,Unknown,Other Practice staff,Unknown,Same Day,2105
2022-03,Unknown,Other Practice staff,Unknown,Unknown / Data Quality,1
2022-03,Unknown,Other Practice staff,Video/Online,1 Day,101
2022-03,Unknown,Other Practice staff,Video/Online,15  to 21 Days,320
2022-03,Unknown,Other Practice staff,Video/Online,2 to 7 Days,401
2022-03,Unknown,Other Practice staff,Video/Online,22  to 28 Days,254
2022-03,Unknown,Other Practice staff,Video/Online,8  to 14 Days,505
2022-03,Unknown,Other Practice staff,Video/Online,More than 28 Days,251
2022-03,Unknown,Other Practice staff,Video/Online,Same Day,149
2022-03,Unknown,Other Practice staff,Video/Online,Unknown / Data Quality,1
2022-03,Unknown,Unknown,Face-to-Face,1 Day,2625
2022-03,Unknown,Unknown,Face-to-Face,15  to 21 Days,557
2022-03,Unknown,Unknown,Face-to-Face,2 to 7 Days,3139
2022-03,Unknown,Unknown,Face-to-Face,22  to 28 Days,453
2022-03,Unknown,Unknown,Face-to-Face,8  to 14 Days,1247
2022-03,Unknown,Unknown,Face-to-Face,More than 28 Days,708
2022-03,Unknown,Unknown,Face-to-Face,Same Day,14937
2022-03,Unknown,Unknown,Face-to-Face,Unknown / Data Quality,111
2022-03,Unknown,Unknown,Home Visit,1 Day,1140
2022-03,Unknown,Unknown,Home Visit,15  to 21 Days,125
2022-03,Unknown,Unknown,Home Visit,2 to 7 Days,1165
2022-03,Unknown,Unknown,Home Visit,22  to 28 Days,81
2022-03,Unknown,Unknown,Home Visit,8  to 14 Days,246
2022-03,Unknown,Unknown,Home Visit,More than 28 Days,58
2022-03,Unknown,Unknown,Home Visit,Same Day,4612
2022-03,Unknown,Unknown,Home Visit,Unknown / Data Quality,8
2022-03,Unknown,Unknown,Telephone,1 Day,1292
2022-03,Unknown,Unknown,Telephone,15  to 21 Days,118
2022-03,Unknown,Unknown,Telephone,2 to 7 Days,1235
2022-03,Unknown,Unknown,Telephone,22  to 28 Days,66
2022-03,Unknown,Unknown,Telephone,8  to 14 Days,199
2022-03,Unknown,Unknown,Telephone,More than 28 Days,84
2022-03,Unknown,Unknown,Telephone,Same Day,4614
2022-03,Unknown,Unknown,Telephone,Unknown / Data Quality,22
2022-03,Unknown,Unknown,Unknown,1 Day,1393
2022-03,Unknown,Unknown,Unknown,15  to 21 Days,4563
2022-03,Unknown,Unknown,Unknown,2 to 7 Days,6363
2022-03,Unknown,Unknown,Unknown,22  to 28 Days,3529
2022-03,Unknown,Unknown,Unknown,8  to 14 Days,7206
2022-03,Unknown,Unknown,Unknown,More than 28 Days,5394
2022-03,Unknown,Unknown,Unknown,Same Day,2230
2022-03,Unknown,Unknown,Unknown,Unknown / Data Quality,27
2022-03,Unknown,Unknown,Video/Online,8  to 14 Days,11
2022-03,Unknown,Unknown,Video/Online,Same Day,1
2022-04,Attended,GP,Face-to-Face,1 Day,541772
2022-04,Attended,GP,Face-to-Face,15  to 21 Days,296975
2022-04,Attended,GP,Face-to-Face,2 to 7 Days,955115
2022-04,Attended,GP,Face-to-Face,22  to 28 Days,175510
2022-04,Attended,GP,Face-to-Face,8  to 14 Days,492822
2022-04,Attended,GP,Face-to-Face,More than 28 Days,116913
2022-04,Attended,GP,Face-to-Face,Same Day,3293003
2022-04,Attended,GP,Face-to-Face,Unknown / Data Quality,3059
2022-04,Attended,GP,Home Visit,1 Day,8287
2022-04,Attended,GP,Home Visit,15  to 21 Days,498
2022-04,Attended,GP,Home Visit,2 to 7 Days,7116
2022-04,Attended,GP,Home Visit,22  to 28 Days,261
2022-04,Attended,GP,Home Visit,8  to 14 Days,1340
2022-04,Attended,GP,Home Visit,More than 28 Days,296
2022-04,Attended,GP,Home Visit,Same Day,39401
2022-04,Attended,GP,Home Visit,Unknown / Data Quality,403
2022-04,Attended,GP,Telephone,1 Day,397192
2022-04,Attended,GP,Telephone,15  to 21 Days,242168
2022-04,Attended,GP,Telephone,2 to 7 Days,722968
2022-04,Attended,GP,Telephone,22  to 28 Days,133761
2022-04,Attended,GP,Telephone,8  to 14 Days,409552
2022-04,Attended,GP,Telephone,More than 28 Days,65345
2022-04,Attended,GP,Telephone,Same Day,3204316
2022-04,Attended,GP,Telephone,Unknown / Data Quality,2590
2022-04,Attended,GP,Unknown,1 Day,8397
2022-04,Attended,GP,Unknown,15  to 21 Days,4793
2022-04,Attended,GP,Unknown,2 to 7 Days,13465
2022-04,Attended,GP,Unknown,22  to 28 Days,2808
2022-04,Attended,GP,Unknown,8  to 14 Days,7353
2022-04,Attended,GP,Unknown,More than 28 Days,1724
2022-04,Attended,GP,Unknown,Same Day,58875
2022-04,Attended,GP,Unknown,Unknown / Data Quality,63
2022-04,Attended,GP,Video/Online,1 Day,8676
2022-04,Attended,GP,Video/Online,15  to 21 Days,3040
2022-04,Attended,GP,Video/Online,2 to 7 Days,12394
2022-04,Attended,GP,Video/Online,22  to 28 Days,1514
2022-04,Attended,GP,Video/Online,8  to 14 Days,4781
2022-04,Attended,GP,Video/Online,More than 28 Days,997
2022-04,Attended,GP,Video/Online,Same Day,25158
2022-04,Attended,GP,Video/Online,Unknown / Data Quality,78
2022-04,Attended,Other Practice staff,Face-to-Face,1 Day,670449
2022-04,Attended,Other Practice staff,Face-to-Face,15  to 21 Days,785912
2022-04,Attended,Other Practice staff,Face-to-Face,2 to 7 Days,1888378
2022-04,Attended,Other Practice staff,Face-to-Face,22  to 28 Days,458221
2022-04,Attended,Other Practice staff,Face-to-Face,8  to 14 Days,1371697
2022-04,Attended,Other Practice staff,Face-to-Face,More than 28 Days,411628
2022-04,Attended,Other Practice staff,Face-to-Face,Same Day,1996329
2022-04,Attended,Other Practice staff,Face-to-Face,Unknown / Data Quality,3050
2022-04,Attended,Other Practice staff,Home Visit,1 Day,7894
2022-04,Attended,Other Practice staff,Home Visit,15  to 21 Days,2348
2022-04,Attended,Other Practice staff,Home Visit,2 to 7 Days,12369
2022-04,Attended,Other Practice staff,Home Visit,22  to 28 Days,1296
2022-04,Attended,Other Practice staff,Home Visit,8  to 14 Days,4875
2022-04,Attended,Other Practice staff,Home Visit,More than 28 Days,1530
2022-04,Attended,Other Practice staff,Home Visit,Same Day,30761
2022-04,Attended,Other Practice staff,Home Visit,Unknown / Data Quality,670
2022-04,Attended,Other Practice staff,Telephone,1 Day,216664
2022-04,Attended,Other Practice staff,Telephone,15  to 21 Days,106910
2022-04,Attended,Other Practice staff,Telephone,2 to 7 Days,359676
2022-04,Attended,Other Practice staff,Telephone,22  to 28 Days,63329
2022-04,Attended,Other Practice staff,Telephone,8  to 14 Days,179303
2022-04,Attended,Other Practice staff,Telephone,More than 28 Days,48089
2022-04,Attended,Other Practice staff,Telephone,Same Day,1203158
2022-04,Attended,Other Practice staff,Telephone,Unknown / Data Quality,877
2022-04,Attended,Other Practice staff,Unknown,1 Day,8474
2022-04,Attended,Other Practice staff,Unknown,15  to 21 Days,6389
2022-04,Attended,Other Practice staff,Unknown,2 to 7 Days,19939
2022-04,Attended,Other Practice staff,Unknown,22  to 28 Days,3484
2022-04,Attended,Other Practice staff,Unknown,8  to 14 Days,13120
2022-04,Attended,Other Practice staff,Unknown,More than 28 Days,3410
2022-04,Attended,Other Practice staff,Unknown,Same Day,32648
2022-04,Attended,Other Practice staff,Unknown,Unknown / Data Quality,177
2022-04,Attended,Other Practice staff,Video/Online,1 Day,9648
2022-04,Attended,Other Practice staff,Video/Online,15  to 21 Days,5431
2022-04,Attended,Other Practice staff,Video/Online,2 to 7 Days,11256
2022-04,Attended,Other Practice staff,Video/Online,22  to 28 Days,2947
2022-04,Attended,Other Practice staff,Video/Online,8  to 14 Days,9141
2022-04,Attended,Other Practice staff,Video/Online,More than 28 Days,2667
2022-04,Attended,Other Practice staff,Video/Online,Same Day,19414
2022-04,Attended,Other Practice staff,Video/Online,Unknown / Data Quality,7
2022-04,Attended,Unknown,Face-to-Face,1 Day,16111
2022-04,Attended,Unknown,Face-to-Face,15  to 21 Days,2381
2022-04,Attended,Unknown,Face-to-Face,2 to 7 Days,13467
2022-04,Attended,Unknown,Face-to-Face,22  to 28 Days,1374
2022-04,Attended,Unknown,Face-to-Face,8  to 14 Days,3949
2022-04,Attended,Unknown,Face-to-Face,More than 28 Days,1049
2022-04,Attended,Unknown,Face-to-Face,Same Day,95301
2022-04,Attended,Unknown,Face-to-Face,Unknown / Data Quality,96
2022-04,Attended,Unknown,Home Visit,1 Day,2199
2022-04,Attended,Unknown,Home Visit,15  to 21 Days,60
2022-04,Attended,Unknown,Home Visit,2 to 7 Days,1447
2022-04,Attended,Unknown,Home Visit,22  to 28 Days,45
2022-04,Attended,Unknown,Home Visit,8  to 14 Days,250
2022-04,Attended,Unknown,Home Visit,More than 28 Days,9
2022-04,Attended,Unknown,Home Visit,Same Day,10012
2022-04,Attended,Unknown,Home Visit,Unknown / Data Quality,49
2022-04,Attended,Unknown,Telephone,1 Day,13206
2022-04,Attended,Unknown,Telephone,15  to 21 Days,834
2022-04,Attended,Unknown,Telephone,2 to 7 Days,8865
2022-04,Attended,Unknown,Telephone,22  to 28 Days,340
2022-04,Attended,Unknown,Telephone,8  to 14 Days,2378
2022-04,Attended,Unknown,Telephone,More than 28 Days,185
2022-04,Attended,Unknown,Telephone,Same Day,114010
2022-04,Attended,Unknown,Telephone,Unknown / Data Quality,5
2022-04,Attended,Unknown,Unknown,1 Day,34379
2022-04,Attended,Unknown,Unknown,15  to 21 Days,16982
2022-04,Attended,Unknown,Unknown,2 to 7 Days,64473
2022-04,Attended,Unknown,Unknown,22  to 28 Days,9071
2022-04,Attended,Unknown,Unknown,8  to 14 Days,32253
2022-04,Attended,Unknown,Unknown,More than 28 Days,8093
2022-04,Attended,Unknown,Unknown,Same Day,255031
2022-04,Attended,Unknown,Unknown,Unknown / Data Quality,511
2022-04,Attended,Unknown,Video/Online,1 Day,58
2022-04,Attended,Unknown,Video/Online,2 to 7 Days,31
2022-04,Attended,Unknown,Video/Online,8  to 14 Days,13
2022-04,Attended,Unknown,Video/Online,More than 28 Days,1
2022-04,Attended,Unknown,Video/Online,Same Day,218
2022-04,DNA,GP,Face-to-Face,1 Day,19581
2022-04,DNA,GP,Face-to-Face,15  to 21 Days,22920
2022-04,DNA,GP,Face-to-Face,2 to 7 Days,50160
2022-04,DNA,GP,Face-to-Face,22  to 28 Days,14405
2022-04,DNA,GP,Face-to-Face,8  to 14 Days,35000
2022-04,DNA,GP,Face-to-Face,More than 28 Days,12068
2022-04,DNA,GP,Face-to-Face,Same Day,52761
2022-04,DNA,GP,Face-to-Face,Unknown / Data Quality,121
2022-04,DNA,GP,Home Visit,1 Day,212
2022-04,DNA,GP,Home Visit,15  to 21 Days,27
2022-04,DNA,GP,Home Visit,2 to 7 Days,379
2022-04,DNA,GP,Home Visit,22  to 28 Days,17
2022-04,DNA,GP,Home Visit,8  to 14 Days,120
2022-04,DNA,GP,Home Visit,More than 28 Days,13
2022-04,DNA,GP,Home Visit,Same Day,903
2022-04,DNA,GP,Home Visit,Unknown / Data Quality,2
2022-04,DNA,GP,Telephone,1 Day,8723
2022-04,DNA,GP,Telephone,15  to 21 Days,6584
2022-04,DNA,GP,Telephone,2 to 7 Days,17393
2022-04,DNA,GP,Telephone,22  to 28 Days,3676
2022-04,DNA,GP,Telephone,8  to 14 Days,11021
2022-04,DNA,GP,Telephone,More than 28 Days,1689
2022-04,DNA,GP,Telephone,Same Day,42600
2022-04,DNA,GP,Telephone,Unknown / Data Quality,15
2022-04,DNA,GP,Unknown,1 Day,286
2022-04,DNA,GP,Unknown,15  to 21 Days,158
2022-04,DNA,GP,Unknown,2 to 7 Days,474
2022-04,DNA,GP,Unknown,22  to 28 Days,111
2022-04,DNA,GP,Unknown,8  to 14 Days,193
2022-04,DNA,GP,Unknown,More than 28 Days,145
2022-04,DNA,GP,Unknown,Same Day,1534
2022-04,DNA,GP,Unknown,Unknown / Data Quality,11
2022-04,DNA,GP,Video/Online,1 Day,121
2022-04,DNA,GP,Video/Online,15  to 21 Days,171
2022-04,DNA,GP,Video/Online,2 to 7 Days,547
2022-04,DNA,GP,Video/Online,22  to 28 Days,66
2022-04,DNA,GP,Video/Online,8  to 14 Days,232
2022-04,DNA,GP,Video/Online,More than 28 Days,71
2022-04,DNA,GP,Video/Online,Same Day,340
2022-04,DNA,Other Practice staff,Face-to-Face,1 Day,38851
2022-04,DNA,Other Practice staff,Face-to-Face,15  to 21 Days,97412
2022-04,DNA,Other Practice staff,Face-to-Face,2 to 7 Days,167717
2022-04,DNA,Other Practice staff,Face-to-Face,22  to 28 Days,57929
2022-04,DNA,Other Practice staff,Face-to-Face,8  to 14 Days,157754
2022-04,DNA,Other Practice staff,Face-to-Face,More than 28 Days,57834
2022-04,DNA,Other Practice staff,Face-to-Face,Same Day,53337
2022-04,DNA,Other Practice staff,Face-to-Face,Unknown / Data Quality,103
2022-04,DNA,Other Practice staff,Home Visit,1 Day,347
2022-04,DNA,Other Practice staff,Home Visit,15  to 21 Days,148
2022-04,DNA,Other Practice staff,Home Visit,2 to 7 Days,598
2022-04,DNA,Other Practice staff,Home Visit,22  to 28 Days,82
2022-04,DNA,Other Practice staff,Home Visit,8  to 14 Days,311
2022-04,DNA,Other Practice staff,Home Visit,More than 28 Days,116
2022-04,DNA,Other Practice staff,Home Visit,Same Day,682
2022-04,DNA,Other Practice staff,Home Visit,Unknown / Data Quality,8
2022-04,DNA,Other Practice staff,Telephone,1 Day,8494
2022-04,DNA,Other Practice staff,Telephone,15  to 21 Days,6043
2022-04,DNA,Other Practice staff,Telephone,2 to 7 Days,18647
2022-04,DNA,Other Practice staff,Telephone,22  to 28 Days,3597
2022-04,DNA,Other Practice staff,Telephone,8  to 14 Days,10127
2022-04,DNA,Other Practice staff,Telephone,More than 28 Days,2564
2022-04,DNA,Other Practice staff,Telephone,Same Day,24598
2022-04,DNA,Other Practice staff,Telephone,Unknown / Data Quality,40
2022-04,DNA,Other Practice staff,Unknown,1 Day,694
2022-04,DNA,Other Practice staff,Unknown,15  to 21 Days,353
2022-04,DNA,Other Practice staff,Unknown,2 to 7 Days,1381
2022-04,DNA,Other Practice staff,Unknown,22  to 28 Days,187
2022-04,DNA,Other Practice staff,Unknown,8  to 14 Days,844
2022-04,DNA,Other Practice staff,Unknown,More than 28 Days,458
2022-04,DNA,Other Practice staff,Unknown,Same Day,2485
2022-04,DNA,Other Practice staff,Unknown,Unknown / Data Quality,48
2022-04,DNA,Other Practice staff,Video/Online,1 Day,582
2022-04,DNA,Other Practice staff,Video/Online,15  to 21 Days,615
2022-04,DNA,Other Practice staff,Video/Online,2 to 7 Days,943
2022-04,DNA,Other Practice staff,Video/Online,22  to 28 Days,313
2022-04,DNA,Other Practice staff,Video/Online,8  to 14 Days,974
2022-04,DNA,Other Practice staff,Video/Online,More than 28 Days,335
2022-04,DNA,Other Practice staff,Video/Online,Same Day,661
2022-04,DNA,Unknown,Face-to-Face,1 Day,444
2022-04,DNA,Unknown,Face-to-Face,15  to 21 Days,291
2022-04,DNA,Unknown,Face-to-Face,2 to 7 Days,1134
2022-04,DNA,Unknown,Face-to-Face,22  to 28 Days,193
2022-04,DNA,Unknown,Face-to-Face,8  to 14 Days,433
2022-04,DNA,Unknown,Face-to-Face,More than 28 Days,95
2022-04,DNA,Unknown,Face-to-Face,Same Day,1154
2022-04,DNA,Unknown,Home Visit,1 Day,200
2022-04,DNA,Unknown,Home Visit,15  to 21 Days,48
2022-04,DNA,Unknown,Home Visit,2 to 7 Days,165
2022-04,DNA,Unknown,Home Visit,22  to 28 Days,25
2022-04,DNA,Unknown,Home Visit,8  to 14 Days,69
2022-04,DNA,Unknown,Home Visit,More than 28 Days,28
2022-04,DNA,Unknown,Home Visit,Same Day,731
2022-04,DNA,Unknown,Home Visit,Unknown / Data Quality,1
2022-04,DNA,Unknown,Telephone,1 Day,682
2022-04,DNA,Unknown,Telephone,15  to 21 Days,38
2022-04,DNA,Unknown,Telephone,2 to 7 Days,403
2022-04,DNA,Unknown,Telephone,22  to 28 Days,23
2022-04,DNA,Unknown,Telephone,8  to 14 Days,125
2022-04,DNA,Unknown,Telephone,More than 28 Days,5
2022-04,DNA,Unknown,Telephone,Same Day,2596
2022-04,DNA,Unknown,Unknown,1 Day,897
2022-04,DNA,Unknown,Unknown,15  to 21 Days,1252
2022-04,DNA,Unknown,Unknown,2 to 7 Days,2951
2022-04,DNA,Unknown,Unknown,22  to 28 Days,706
2022-04,DNA,Unknown,Unknown,8  to 14 Days,2193
2022-04,DNA,Unknown,Unknown,More than 28 Days,742
2022-04,DNA,Unknown,Unknown,Same Day,1751
2022-04,DNA,Unknown,Unknown,Unknown / Data Quality,1
2022-04,DNA,Unknown,Video/Online,1 Day,1
2022-04,DNA,Unknown,Video/Online,8  to 14 Days,4
2022-04,DNA,Unknown,Video/Online,Same Day,7
2022-04,Unknown,GP,Face-to-Face,1 Day,15105
2022-04,Unknown,GP,Face-to-Face,15  to 21 Days,19813
2022-04,Unknown,GP,Face-to-Face,2 to 7 Days,35158
2022-04,Unknown,GP,Face-to-Face,22  to 28 Days,13586
2022-04,Unknown,GP,Face-to-Face,8  to 14 Days,27302
2022-04,Unknown,GP,Face-to-Face,More than 28 Days,16520
2022-04,Unknown,GP,Face-to-Face,Same Day,56803
2022-04,Unknown,GP,Face-to-Face,Unknown / Data Quality,587
2022-04,Unknown,GP,Home Visit,1 Day,1660
2022-04,Unknown,GP,Home Visit,15  to 21 Days,318
2022-04,Unknown,GP,Home Visit,2 to 7 Days,1979
2022-04,Unknown,GP,Home Visit,22  to 28 Days,148
2022-04,Unknown,GP,Home Visit,8  to 14 Days,684
2022-04,Unknown,GP,Home Visit,More than 28 Days,102
2022-04,Unknown,GP,Home Visit,Same Day,7379
2022-04,Unknown,GP,Home Visit,Unknown / Data Quality,173
2022-04,Unknown,GP,Telephone,1 Day,12234
2022-04,Unknown,GP,Telephone,15  to 21 Days,13921
2022-04,Unknown,GP,Telephone,2 to 7 Days,24401
2022-04,Unknown,GP,Telephone,22  to 28 Days,8919
2022-04,Unknown,GP,Telephone,8  to 14 Days,19556
2022-04,Unknown,GP,Telephone,More than 28 Days,7450
2022-04,Unknown,GP,Telephone,Same Day,44732
2022-04,Unknown,GP,Telephone,Unknown / Data Quality,308
2022-04,Unknown,GP,Unknown,1 Day,388
2022-04,Unknown,GP,Unknown,15  to 21 Days,864
2022-04,Unknown,GP,Unknown,2 to 7 Days,1108
2022-04,Unknown,GP,Unknown,22  to 28 Days,811
2022-04,Unknown,GP,Unknown,8  to 14 Days,723
2022-04,Unknown,GP,Unknown,More than 28 Days,607
2022-04,Unknown,GP,Unknown,Same Day,1637
2022-04,Unknown,GP,Unknown,Unknown / Data Quality,3
2022-04,Unknown,GP,Video/Online,1 Day,175
2022-04,Unknown,GP,Video/Online,15  to 21 Days,130
2022-04,Unknown,GP,Video/Online,2 to 7 Days,142
2022-04,Unknown,GP,Video/Online,22  to 28 Days,89
2022-04,Unknown,GP,Video/Online,8  to 14 Days,119
2022-04,Unknown,GP,Video/Online,More than 28 Days,60
2022-04,Unknown,GP,Video/Online,Same Day,698
2022-04,Unknown,GP,Video/Online,Unknown / Data Quality,21
2022-04,Unknown,Other Practice staff,Face-to-Face,1 Day,17946
2022-04,Unknown,Other Practice staff,Face-to-Face,15  to 21 Days,57729
2022-04,Unknown,Other Practice staff,Face-to-Face,2 to 7 Days,74308
2022-04,Unknown,Other Practice staff,Face-to-Face,22  to 28 Days,40801
2022-04,Unknown,Other Practice staff,Face-to-Face,8  to 14 Days,84377
2022-04,Unknown,Other Practice staff,Face-to-Face,More than 28 Days,61384
2022-04,Unknown,Other Practice staff,Face-to-Face,Same Day,67329
2022-04,Unknown,Other Practice staff,Face-to-Face,Unknown / Data Quality,1261
2022-04,Unknown,Other Practice staff,Home Visit,1 Day,2488
2022-04,Unknown,Other Practice staff,Home Visit,15  to 21 Days,667
2022-04,Unknown,Other Practice staff,Home Visit,2 to 7 Days,3437
2022-04,Unknown,Other Practice staff,Home Visit,22  to 28 Days,424
2022-04,Unknown,Other Practice staff,Home Visit,8  to 14 Days,1384
2022-04,Unknown,Other Practice staff,Home Visit,More than 28 Days,535
2022-04,Unknown,Other Practice staff,Home Visit,Same Day,5247
2022-04,Unknown,Other Practice staff,Home Visit,Unknown / Data Quality,255
2022-04,Unknown,Other Practice staff,Telephone,1 Day,7804
2022-04,Unknown,Other Practice staff,Telephone,15  to 21 Days,8149
2022-04,Unknown,Other Practice staff,Telephone,2 to 7 Days,18978
2022-04,Unknown,Other Practice staff,Telephone,22  to 28 Days,5771
2022-04,Unknown,Other Practice staff,Telephone,8  to 14 Days,12481
2022-04,Unknown,Other Practice staff,Telephone,More than 28 Days,8008
2022-04,Unknown,Other Practice staff,Telephone,Same Day,26602
2022-04,Unknown,Other Practice staff,Telephone,Unknown / Data Quality,155
2022-04,Unknown,Other Practice staff,Unknown,1 Day,788
2022-04,Unknown,Other Practice staff,Unknown,15  to 21 Days,1690
2022-04,Unknown,Other Practice staff,Unknown,2 to 7 Days,2685
2022-04,Unknown,Other Practice staff,Unknown,22  to 28 Days,1095
2022-04,Unknown,Other Practice staff,Unknown,8  to 14 Days,2558
2022-04,Unknown,Other Practice staff,Unknown,More than 28 Days,1698
2022-04,Unknown,Other Practice staff,Unknown,Same Day,2285
2022-04,Unknown,Other Practice staff,Video/Online,1 Day,42
2022-04,Unknown,Other Practice staff,Video/Online,15  to 21 Days,240
2022-04,Unknown,Other Practice staff,Video/Online,2 to 7 Days,252
2022-04,Unknown,Other Practice staff,Video/Online,22  to 28 Days,176
2022-04,Unknown,Other Practice staff,Video/Online,8  to 14 Days,253
2022-04,Unknown,Other Practice staff,Video/Online,More than 28 Days,285
2022-04,Unknown,Other Practice staff,Video/Online,Same Day,164
2022-04,Unknown,Other Practice staff,Video/Online,Unknown / Data Quality,3
2022-04,Unknown,Unknown,Face-to-Face,1 Day,2100
2022-04,Unknown,Unknown,Face-to-Face,15  to 21 Days,373
2022-04,Unknown,Unknown,Face-to-Face,2 to 7 Days,3144
2022-04,Unknown,Unknown,Face-to-Face,22  to 28 Days,315
2022-04,Unknown,Unknown,Face-to-Face,8  to 14 Days,915
2022-04,Unknown,Unknown,Face-to-Face,More than 28 Days,662
2022-04,Unknown,Unknown,Face-to-Face,Same Day,12300
2022-04,Unknown,Unknown,Face-to-Face,Unknown / Data Quality,111
2022-04,Unknown,Unknown,Home Visit,1 Day,960
2022-04,Unknown,Unknown,Home Visit,15  to 21 Days,95
2022-04,Unknown,Unknown,Home Visit,2 to 7 Days,900
2022-04,Unknown,Unknown,Home Visit,22  to 28 Days,65
2022-04,Unknown,Unknown,Home Visit,8  to 14 Days,227
2022-04,Unknown,Unknown,Home Visit,More than 28 Days,61
2022-04,Unknown,Unknown,Home Visit,Same Day,3755
2022-04,Unknown,Unknown,Home Visit,Unknown / Data Quality,12
2022-04,Unknown,Unknown,Telephone,1 Day,988
2022-04,Unknown,Unknown,Telephone,15  to 21 Days,76
2022-04,Unknown,Unknown,Telephone,2 to 7 Days,1102
2022-04,Unknown,Unknown,Telephone,22  to 28 Days,73
2022-04,Unknown,Unknown,Telephone,8  to 14 Days,229
2022-04,Unknown,Unknown,Telephone,More than 28 Days,97
2022-04,Unknown,Unknown,Telephone,Same Day,3538
2022-04,Unknown,Unknown,Telephone,Unknown / Data Quality,14
2022-04,Unknown,Unknown,Unknown,1 Day,1142
2022-04,Unknown,Unknown,Unknown,15  to 21 Days,4183
2022-04,Unknown,Unknown,Unknown,2 to 7 Days,4660
2022-04,Unknown,Unknown,Unknown,22  to 28 Days,2952
2022-04,Unknown,Unknown,Unknown,8  to 14 Days,5463
2022-04,Unknown,Unknown,Unknown,More than 28 Days,4673
2022-04,Unknown,Unknown,Unknown,Same Day,2049
2022-04,Unknown,Unknown,Unknown,Unknown / Data Quality,48
2022-04,Unknown,Unknown,Video/Online,Same Day,1
2022-05,Attended,GP,Face-to-Face,1 Day,608136
2022-05,Attended,GP,Face-to-Face,15  to 21 Days,338309
2022-05,Attended,GP,Face-to-Face,2 to 7 Days,1225586
2022-05,Attended,GP,Face-to-Face,22  to 28 Days,200677
2022-05,Attended,GP,Face-to-Face,8  to 14 Days,659153
2022-05,Attended,GP,Face-to-Face,More than 28 Days,140271
2022-05,Attended,GP,Face-to-Face,Same Day,3857963
2022-05,Attended,GP,Face-to-Face,Unknown / Data Quality,3448
2022-05,Attended,GP,Home Visit,1 Day,9588
2022-05,Attended,GP,Home Visit,15  to 21 Days,542
2022-05,Attended,GP,Home Visit,2 to 7 Days,9185
2022-05,Attended,GP,Home Visit,22  to 28 Days,328
2022-05,Attended,GP,Home Visit,8  to 14 Days,1773
2022-05,Attended,GP,Home Visit,More than 28 Days,453
2022-05,Attended,GP,Home Visit,Same Day,45091
2022-05,Attended,GP,Home Visit,Unknown / Data Quality,513
2022-05,Attended,GP,Telephone,1 Day,424297
2022-05,Attended,GP,Telephone,15  to 21 Days,255514
2022-05,Attended,GP,Telephone,2 to 7 Days,860269
2022-05,Attended,GP,Telephone,22  to 28 Days,139848
2022-05,Attended,GP,Telephone,8  to 14 Days,504833
2022-05,Attended,GP,Telephone,More than 28 Days,71352
2022-05,Attended,GP,Telephone,Same Day,3525672
2022-05,Attended,GP,Telephone,Unknown / Data Quality,3433
2022-05,Attended,GP,Unknown,1 Day,8538
2022-05,Attended,GP,Unknown,15  to 21 Days,5405
2022-05,Attended,GP,Unknown,2 to 7 Days,14763
2022-05,Attended,GP,Unknown,22  to 28 Days,2784
2022-05,Attended,GP,Unknown,8  to 14 Days,8803
2022-05,Attended,GP,Unknown,More than 28 Days,2288
2022-05,Attended,GP,Unknown,Same Day,62572
2022-05,Attended,GP,Unknown,Unknown / Data Quality,40
2022-05,Attended,GP,Video/Online,1 Day,10231
2022-05,Attended,GP,Video/Online,15  to 21 Days,3694
2022-05,Attended,GP,Video/Online,2 to 7 Days,14910
2022-05,Attended,GP,Video/Online,22  to 28 Days,2372
2022-05,Attended,GP,Video/Online,8  to 14 Days,6647
2022-05,Attended,GP,Video/Online,More than 28 Days,1349
2022-05,Attended,GP,Video/Online,Same Day,26447
2022-05,Attended,GP,Video/Online,Unknown / Data Quality,106
2022-05,Attended,Other Practice staff,Face-to-Face,1 Day,715673
2022-05,Attended,Other Practice staff,Face-to-Face,15  to 21 Days,805016
2022-05,Attended,Other Practice staff,Face-to-Face,2 to 7 Days,2341478
2022-05,Attended,Other Practice staff,Face-to-Face,22  to 28 Days,483656
2022-05,Attended,Other Practice staff,Face-to-Face,8  to 14 Days,1755796
2022-05,Attended,Other Practice staff,Face-to-Face,More than 28 Days,444423
2022-05,Attended,Other Practice staff,Face-to-Face,Same Day,2291397
2022-05,Attended,Other Practice staff,Face-to-Face,Unknown / Data Quality,4335
2022-05,Attended,Other Practice staff,Home Visit,1 Day,8874
2022-05,Attended,Other Practice staff,Home Visit,15  to 21 Days,2499
2022-05,Attended,Other Practice staff,Home Visit,2 to 7 Days,16320
2022-05,Attended,Other Practice staff,Home Visit,22  to 28 Days,1398
2022-05,Attended,Other Practice staff,Home Visit,8  to 14 Days,6421
2022-05,Attended,Other Practice staff,Home Visit,More than 28 Days,1551
2022-05,Attended,Other Practice staff,Home Visit,Same Day,34595
2022-05,Attended,Other Practice staff,Home Visit,Unknown / Data Quality,599
2022-05,Attended,Other Practice staff,Telephone,1 Day,235411
2022-05,Attended,Other Practice staff,Telephone,15  to 21 Days,105011
2022-05,Attended,Other Practice staff,Telephone,2 to 7 Days,429466
2022-05,Attended,Other Practice staff,Telephone,22  to 28 Days,65142
2022-05,Attended,Other Practice staff,Telephone,8  to 14 Days,220373
2022-05,Attended,Other Practice staff,Telephone,More than 28 Days,50326
2022-05,Attended,Other Practice staff,Telephone,Same Day,1306795
2022-05,Attended,Other Practice staff,Telephone,Unknown / Data Quality,1613
2022-05,Attended,Other Practice staff,Unknown,1 Day,7561
2022-05,Attended,Other Practice staff,Unknown,15  to 21 Days,6349
2022-05,Attended,Other Practice staff,Unknown,2 to 7 Days,20324
2022-05,Attended,Other Practice staff,Unknown,22  to 28 Days,3166
2022-05,Attended,Other Practice staff,Unknown,8  to 14 Days,14515
2022-05,Attended,Other Practice staff,Unknown,More than 28 Days,3268
2022-05,Attended,Other Practice staff,Unknown,Same Day,30429
2022-05,Attended,Other Practice staff,Unknown,Unknown / Data Quality,235
2022-05,Attended,Other Practice staff,Video/Online,1 Day,10065
2022-05,Attended,Other Practice staff,Video/Online,15  to 21 Days,5877
2022-05,Attended,Other Practice staff,Video/Online,2 to 7 Days,14163
2022-05,Attended,Other Practice staff,Video/Online,22  to 28 Days,3439
2022-05,Attended,Other Practice staff,Video/Online,8  to 14 Days,10817
2022-05,Attended,Other Practice staff,Video/Online,More than 28 Days,3011
2022-05,Attended,Other Practice staff,Video/Online,Same Day,19919
2022-05,Attended,Other Practice staff,Video/Online,Unknown / Data Quality,11
2022-05,Attended,Unknown,Face-to-Face,1 Day,17986
2022-05,Attended,Unknown,Face-to-Face,15  to 21 Days,2531
2022-05,Attended,Unknown,Face-to-Face,2 to 7 Days,16561
2022-05,Attended,Unknown,Face-to-Face,22  to 28 Days,1729
2022-05,Attended,Unknown,Face-to-Face,8  to 14 Days,5608
2022-05,Attended,Unknown,Face-to-Face,More than 28 Days,1245
2022-05,Attended,Unknown,Face-to-Face,Same Day,107160
2022-05,Attended,Unknown,Face-to-Face,Unknown / Data Quality,205
2022-05,Attended,Unknown,Home Visit,1 Day,2466
2022-05,Attended,Unknown,Home Visit,15  to 21 Days,51
2022-05,Attended,Unknown,Home Visit,2 to 7 Days,1841
2022-05,Attended,Unknown,Home Visit,22  to 28 Days,67
2022-05,Attended,Unknown,Home Visit,8  to 14 Days,195
2022-05,Attended,Unknown,Home Visit,More than 28 Days,11
2022-05,Attended,Unknown,Home Visit,Same Day,10690
2022-05,Attended,Unknown,Home Visit,Unknown / Data Quality,40
2022-05,Attended,Unknown,Telephone,1 Day,13998
2022-05,Attended,Unknown,Telephone,15  to 21 Days,874
2022-05,Attended,Unknown,Telephone,2 to 7 Days,11388
2022-05,Attended,Unknown,Telephone,22  to 28 Days,469
2022-05,Attended,Unknown,Telephone,8  to 14 Days,2963
2022-05,Attended,Unknown,Telephone,More than 28 Days,254
2022-05,Attended,Unknown,Telephone,Same Day,125877
2022-05,Attended,Unknown,Telephone,Unknown / Data Quality,11
2022-05,Attended,Unknown,Unknown,1 Day,36880
2022-05,Attended,Unknown,Unknown,15  to 21 Days,16495
2022-05,Attended,Unknown,Unknown,2 to 7 Days,78567
2022-05,Attended,Unknown,Unknown,22  to 28 Days,8743
2022-05,Attended,Unknown,Unknown,8  to 14 Days,36968
2022-05,Attended,Unknown,Unknown,More than 28 Days,8072
2022-05,Attended,Unknown,Unknown,Same Day,284533
2022-05,Attended,Unknown,Unknown,Unknown / Data Quality,668
2022-05,Attended,Unknown,Video/Online,1 Day,51
2022-05,Attended,Unknown,Video/Online,15  to 21 Days,5
2022-05,Attended,Unknown,Video/Online,2 to 7 Days,27
2022-05,Attended,Unknown,Video/Online,22  to 28 Days,1
2022-05,Attended,Unknown,Video/Online,8  to 14 Days,21
2022-05,Attended,Unknown,Video/Online,More than 28 Days,2
2022-05,Attended,Unknown,Video/Online,Same Day,239
2022-05,DNA,GP,Face-to-Face,1 Day,22080
2022-05,DNA,GP,Face-to-Face,15  to 21 Days,25168
2022-05,DNA,GP,Face-to-Face,2 to 7 Days,66024
2022-05,DNA,GP,Face-to-Face,22  to 28 Days,15974
2022-05,DNA,GP,Face-to-Face,8  to 14 Days,46058
2022-05,DNA,GP,Face-to-Face,More than 28 Days,14724
2022-05,DNA,GP,Face-to-Face,Same Day,63302
2022-05,DNA,GP,Face-to-Face,Unknown / Data Quality,141
2022-05,DNA,GP,Home Visit,1 Day,230
2022-05,DNA,GP,Home Visit,15  to 21 Days,56
2022-05,DNA,GP,Home Visit,2 to 7 Days,356
2022-05,DNA,GP,Home Visit,22  to 28 Days,27
2022-05,DNA,GP,Home Visit,8  to 14 Days,116
2022-05,DNA,GP,Home Visit,More than 28 Days,15
2022-05,DNA,GP,Home Visit,Same Day,1017
2022-05,DNA,GP,Home Visit,Unknown / Data Quality,2
2022-05,DNA,GP,Telephone,1 Day,9489
2022-05,DNA,GP,Telephone,15  to 21 Days,6904
2022-05,DNA,GP,Telephone,2 to 7 Days,20947
2022-05,DNA,GP,Telephone,22  to 28 Days,3770
2022-05,DNA,GP,Telephone,8  to 14 Days,13303
2022-05,DNA,GP,Telephone,More than 28 Days,1702
2022-05,DNA,GP,Telephone,Same Day,48876
2022-05,DNA,GP,Telephone,Unknown / Data Quality,15
2022-05,DNA,GP,Unknown,1 Day,214
2022-05,DNA,GP,Unknown,15  to 21 Days,148
2022-05,DNA,GP,Unknown,2 to 7 Days,385
2022-05,DNA,GP,Unknown,22  to 28 Days,104
2022-05,DNA,GP,Unknown,8  to 14 Days,213
2022-05,DNA,GP,Unknown,More than 28 Days,120
2022-05,DNA,GP,Unknown,Same Day,1319
2022-05,DNA,GP,Unknown,Unknown / Data Quality,12
2022-05,DNA,GP,Video/Online,1 Day,167
2022-05,DNA,GP,Video/Online,15  to 21 Days,197
2022-05,DNA,GP,Video/Online,2 to 7 Days,716
2022-05,DNA,GP,Video/Online,22  to 28 Days,125
2022-05,DNA,GP,Video/Online,8  to 14 Days,310
2022-05,DNA,GP,Video/Online,More than 28 Days,92
2022-05,DNA,GP,Video/Online,Same Day,423
2022-05,DNA,Other Practice staff,Face-to-Face,1 Day,40427
2022-05,DNA,Other Practice staff,Face-to-Face,15  to 21 Days,92378
2022-05,DNA,Other Practice staff,Face-to-Face,2 to 7 Days,206361
2022-05,DNA,Other Practice staff,Face-to-Face,22  to 28 Days,57129
2022-05,DNA,Other Practice staff,Face-to-Face,8  to 14 Days,192752
2022-05,DNA,Other Practice staff,Face-to-Face,More than 28 Days,59711
2022-05,DNA,Other Practice staff,Face-to-Face,Same Day,61590
2022-05,DNA,Other Practice staff,Face-to-Face,Unknown / Data Quality,156
2022-05,DNA,Other Practice staff,Home Visit,1 Day,401
2022-05,DNA,Other Practice staff,Home Visit,15  to 21 Days,247
2022-05,DNA,Other Practice staff,Home Visit,2 to 7 Days,1123
2022-05,DNA,Other Practice staff,Home Visit,22  to 28 Days,117
2022-05,DNA,Other Practice staff,Home Visit,8  to 14 Days,452
2022-05,DNA,Other Practice staff,Home Visit,More than 28 Days,145
2022-05,DNA,Other Practice staff,Home Visit,Same Day,908
2022-05,DNA,Other Practice staff,Home Visit,Unknown / Data Quality,5
2022-05,DNA,Other Practice staff,Telephone,1 Day,9331
2022-05,DNA,Other Practice staff,Telephone,15  to 21 Days,5580
2022-05,DNA,Other Practice staff,Telephone,2 to 7 Days,22818
2022-05,DNA,Other Practice staff,Telephone,22  to 28 Days,3651
2022-05,DNA,Other Practice staff,Telephone,8  to 14 Days,12057
2022-05,DNA,Other Practice staff,Telephone,More than 28 Days,2941
2022-05,DNA,Other Practice staff,Telephone,Same Day,28094
2022-05,DNA,Other Practice staff,Telephone,Unknown / Data Quality,54
2022-05,DNA,Other Practice staff,Unknown,1 Day,614
2022-05,DNA,Other Practice staff,Unknown,15  to 21 Days,333
2022-05,DNA,Other Practice staff,Unknown,2 to 7 Days,1370
2022-05,DNA,Other Practice staff,Unknown,22  to 28 Days,212
2022-05,DNA,Other Practice staff,Unknown,8  to 14 Days,798
2022-05,DNA,Other Practice staff,Unknown,More than 28 Days,321
2022-05,DNA,Other Practice staff,Unknown,Same Day,2021
2022-05,DNA,Other Practice staff,Unknown,Unknown / Data Quality,23
2022-05,DNA,Other Practice staff,Video/Online,1 Day,635
2022-05,DNA,Other Practice staff,Video/Online,15  to 21 Days,554
2022-05,DNA,Other Practice staff,Video/Online,2 to 7 Days,1061
2022-05,DNA,Other Practice staff,Video/Online,22  to 28 Days,386
2022-05,DNA,Other Practice staff,Video/Online,8  to 14 Days,977
2022-05,DNA,Other Practice staff,Video/Online,More than 28 Days,310
2022-05,DNA,Other Practice staff,Video/Online,Same Day,840
2022-05,DNA,Unknown,Face-to-Face,1 Day,659
2022-05,DNA,Unknown,Face-to-Face,15  to 21 Days,254
2022-05,DNA,Unknown,Face-to-Face,2 to 7 Days,1442
2022-05,DNA,Unknown,Face-to-Face,22  to 28 Days,136
2022-05,DNA,Unknown,Face-to-Face,8  to 14 Days,556
2022-05,DNA,Unknown,Face-to-Face,More than 28 Days,109
2022-05,DNA,Unknown,Face-to-Face,Same Day,1389
2022-05,DNA,Unknown,Face-to-Face,Unknown / Data Quality,1
2022-05,DNA,Unknown,Home Visit,1 Day,308
2022-05,DNA,Unknown,Home Visit,15  to 21 Days,14
2022-05,DNA,Unknown,Home Visit,2 to 7 Days,181
2022-05,DNA,Unknown,Home Visit,22  to 28 Days,11
2022-05,DNA,Unknown,Home Visit,8  to 14 Days,65
2022-05,DNA,Unknown,Home Visit,More than 28 Days,8
2022-05,DNA,Unknown,Home Visit,Same Day,835
2022-05,DNA,Unknown,Telephone,1 Day,604
2022-05,DNA,Unknown,Telephone,15  to 21 Days,49
2022-05,DNA,Unknown,Telephone,2 to 7 Days,438
2022-05,DNA,Unknown,Telephone,22  to 28 Days,23
2022-05,DNA,Unknown,Telephone,8  to 14 Days,156
2022-05,DNA,Unknown,Telephone,More than 28 Days,4
2022-05,DNA,Unknown,Telephone,Same Day,2746
2022-05,DNA,Unknown,Telephone,Unknown / Data Quality,1
2022-05,DNA,Unknown,Unknown,1 Day,955
2022-05,DNA,Unknown,Unknown,15  to 21 Days,1266
2022-05,DNA,Unknown,Unknown,2 to 7 Days,3692
2022-05,DNA,Unknown,Unknown,22  to 28 Days,740
2022-05,DNA,Unknown,Unknown,8  to 14 Days,2597
2022-05,DNA,Unknown,Unknown,More than 28 Days,741
2022-05,DNA,Unknown,Unknown,Same Day,2063
2022-05,DNA,Unknown,Unknown,Unknown / Data Quality,4
2022-05,DNA,Unknown,Video/Online,1 Day,1
2022-05,DNA,Unknown,Video/Online,22  to 28 Days,3
2022-05,DNA,Unknown,Video/Online,8  to 14 Days,5
2022-05,DNA,Unknown,Video/Online,Same Day,2
2022-05,Unknown,GP,Face-to-Face,1 Day,16897
2022-05,Unknown,GP,Face-to-Face,15  to 21 Days,19751
2022-05,Unknown,GP,Face-to-Face,2 to 7 Days,37885
2022-05,Unknown,GP,Face-to-Face,22  to 28 Days,14525
2022-05,Unknown,GP,Face-to-Face,8  to 14 Days,28592
2022-05,Unknown,GP,Face-to-Face,More than 28 Days,17799
2022-05,Unknown,GP,Face-to-Face,Same Day,65646
2022-05,Unknown,GP,Face-to-Face,Unknown / Data Quality,622
2022-05,Unknown,GP,Home Visit,1 Day,2148
2022-05,Unknown,GP,Home Visit,15  to 21 Days,239
2022-05,Unknown,GP,Home Visit,2 to 7 Days,2398
2022-05,Unknown,GP,Home Visit,22  to 28 Days,136
2022-05,Unknown,GP,Home Visit,8  to 14 Days,896
2022-05,Unknown,GP,Home Visit,More than 28 Days,262
2022-05,Unknown,GP,Home Visit,Same Day,8564
2022-05,Unknown,GP,Home Visit,Unknown / Data Quality,162
2022-05,Unknown,GP,Telephone,1 Day,13131
2022-05,Unknown,GP,Telephone,15  to 21 Days,13300
2022-05,Unknown,GP,Telephone,2 to 7 Days,26299
2022-05,Unknown,GP,Telephone,22  to 28 Days,9189
2022-05,Unknown,GP,Telephone,8  to 14 Days,20269
2022-05,Unknown,GP,Telephone,More than 28 Days,8244
2022-05,Unknown,GP,Telephone,Same Day,50849
2022-05,Unknown,GP,Telephone,Unknown / Data Quality,232
2022-05,Unknown,GP,Unknown,1 Day,377
2022-05,Unknown,GP,Unknown,15  to 21 Days,1115
2022-05,Unknown,GP,Unknown,2 to 7 Days,1121
2022-05,Unknown,GP,Unknown,22  to 28 Days,829
2022-05,Unknown,GP,Unknown,8  to 14 Days,1003
2022-05,Unknown,GP,Unknown,More than 28 Days,573
2022-05,Unknown,GP,Unknown,Same Day,1863
2022-05,Unknown,GP,Unknown,Unknown / Data Quality,3
2022-05,Unknown,GP,Video/Online,1 Day,159
2022-05,Unknown,GP,Video/Online,15  to 21 Days,163
2022-05,Unknown,GP,Video/Online,2 to 7 Days,417
2022-05,Unknown,GP,Video/Online,22  to 28 Days,104
2022-05,Unknown,GP,Video/Online,8  to 14 Days,213
2022-05,Unknown,GP,Video/Online,More than 28 Days,99
2022-05,Unknown,GP,Video/Online,Same Day,697
2022-05,Unknown,GP,Video/Online,Unknown / Data Quality,29
2022-05,Unknown,Other Practice staff,Face-to-Face,1 Day,18731
2022-05,Unknown,Other Practice staff,Face-to-Face,15  to 21 Days,50033
2022-05,Unknown,Other Practice staff,Face-to-Face,2 to 7 Days,73978
2022-05,Unknown,Other Practice staff,Face-to-Face,22  to 28 Days,37974
2022-05,Unknown,Other Practice staff,Face-to-Face,8  to 14 Days,83117
2022-05,Unknown,Other Practice staff,Face-to-Face,More than 28 Days,58855
2022-05,Unknown,Other Practice staff,Face-to-Face,Same Day,74350
2022-05,Unknown,Other Practice staff,Face-to-Face,Unknown / Data Quality,1966
2022-05,Unknown,Other Practice staff,Home Visit,1 Day,2580
2022-05,Unknown,Other Practice staff,Home Visit,15  to 21 Days,834
2022-05,Unknown,Other Practice staff,Home Visit,2 to 7 Days,4042
2022-05,Unknown,Other Practice staff,Home Visit,22  to 28 Days,412
2022-05,Unknown,Other Practice staff,Home Visit,8  to 14 Days,1467
2022-05,Unknown,Other Practice staff,Home Visit,More than 28 Days,676
2022-05,Unknown,Other Practice staff,Home Visit,Same Day,5901
2022-05,Unknown,Other Practice staff,Home Visit,Unknown / Data Quality,116
2022-05,Unknown,Other Practice staff,Telephone,1 Day,9106
2022-05,Unknown,Other Practice staff,Telephone,15  to 21 Days,7947
2022-05,Unknown,Other Practice staff,Telephone,2 to 7 Days,22018
2022-05,Unknown,Other Practice staff,Telephone,22  to 28 Days,4992
2022-05,Unknown,Other Practice staff,Telephone,8  to 14 Days,13226
2022-05,Unknown,Other Practice staff,Telephone,More than 28 Days,6406
2022-05,Unknown,Other Practice staff,Telephone,Same Day,28906
2022-05,Unknown,Other Practice staff,Telephone,Unknown / Data Quality,352
2022-05,Unknown,Other Practice staff,Unknown,1 Day,650
2022-05,Unknown,Other Practice staff,Unknown,15  to 21 Days,1586
2022-05,Unknown,Other Practice staff,Unknown,2 to 7 Days,3000
2022-05,Unknown,Other Practice staff,Unknown,22  to 28 Days,1378
2022-05,Unknown,Other Practice staff,Unknown,8  to 14 Days,2886
2022-05,Unknown,Other Practice staff,Unknown,More than 28 Days,1649
2022-05,Unknown,Other Practice staff,Unknown,Same Day,1755
2022-05,Unknown,Other Practice staff,Unknown,Unknown / Data Quality,2
2022-05,Unknown,Other Practice staff,Video/Online,1 Day,309
2022-05,Unknown,Other Practice staff,Video/Online,15  to 21 Days,196
2022-05,Unknown,Other Practice staff,Video/Online,2 to 7 Days,421
2022-05,Unknown,Other Practice staff,Video/Online,22  to 28 Days,147
2022-05,Unknown,Other Practice staff,Video/Online,8  to 14 Days,295
2022-05,Unknown,Other Practice staff,Video/Online,More than 28 Days,226
2022-05,Unknown,Other Practice staff,Video/Online,Same Day,121
2022-05,Unknown,Unknown,Face-to-Face,1 Day,2382
2022-05,Unknown,Unknown,Face-to-Face,15  to 21 Days,483
2022-05,Unknown,Unknown,Face-to-Face,2 to 7 Days,3497
2022-05,Unknown,Unknown,Face-to-Face,22  to 28 Days,405
2022-05,Unknown,Unknown,Face-to-Face,8  to 14 Days,885
2022-05,Unknown,Unknown,Face-to-Face,More than 28 Days,732
2022-05,Unknown,Unknown,Face-to-Face,Same Day,13161
2022-05,Unknown,Unknown,Face-to-Face,Unknown / Data Quality,200
2022-05,Unknown,Unknown,Home Visit,1 Day,1017
2022-05,Unknown,Unknown,Home Visit,15  to 21 Days,111
2022-05,Unknown,Unknown,Home Visit,2 to 7 Days,1100
2022-05,Unknown,Unknown,Home Visit,22  to 28 Days,99
2022-05,Unknown,Unknown,Home Visit,8  to 14 Days,298
2022-05,Unknown,Unknown,Home Visit,More than 28 Days,61
2022-05,Unknown,Unknown,Home Visit,Same Day,4094
2022-05,Unknown,Unknown,Home Visit,Unknown / Data Quality,38
2022-05,Unknown,Unknown,Telephone,1 Day,862
2022-05,Unknown,Unknown,Telephone,15  to 21 Days,133
2022-05,Unknown,Unknown,Telephone,2 to 7 Days,1115
2022-05,Unknown,Unknown,Telephone,22  to 28 Days,61
2022-05,Unknown,Unknown,Telephone,8  to 14 Days,235
2022-05,Unknown,Unknown,Telephone,More than 28 Days,78
2022-05,Unknown,Unknown,Telephone,Same Day,3974
2022-05,Unknown,Unknown,Telephone,Unknown / Data Quality,15
2022-05,Unknown,Unknown,Unknown,1 Day,1150
2022-05,Unknown,Unknown,Unknown,15  to 21 Days,3370
2022-05,Unknown,Unknown,Unknown,2 to 7 Days,4770
2022-05,Unknown,Unknown,Unknown,22  to 28 Days,2850
2022-05,Unknown,Unknown,Unknown,8  to 14 Days,5422
2022-05,Unknown,Unknown,Unknown,More than 28 Days,4920
2022-05,Unknown,Unknown,Unknown,Same Day,1891
2022-05,Unknown,Unknown,Unknown,Unknown / Data Quality,58
2022-05,Unknown,Unknown,Video/Online,1 Day,1
2022-05,Unknown,Unknown,Video/Online,2 to 7 Days,1
2022-05,Unknown,Unknown,Video/Online,Same Day,3
2022-06,Attended,GP,Face-to-Face,1 Day,591109
2022-06,Attended,GP,Face-to-Face,15  to 21 Days,343795
2022-06,Attended,GP,Face-to-Face,2 to 7 Days,1057125
2022-06,Attended,GP,Face-to-Face,22  to 28 Days,226870
2022-06,Attended,GP,Face-to-Face,8  to 14 Days,583654
2022-06,Attended,GP,Face-to-Face,More than 28 Days,171380
2022-06,Attended,GP,Face-to-Face,Same Day,3697275
2022-06,Attended,GP,Face-to-Face,Unknown / Data Quality,3856
2022-06,Attended,GP,Home Visit,1 Day,9476
2022-06,Attended,GP,Home Visit,15  to 21 Days,578
2022-06,Attended,GP,Home Visit,2 to 7 Days,8504
2022-06,Attended,GP,Home Visit,22  to 28 Days,325
2022-06,Attended,GP,Home Visit,8  to 14 Days,1733
2022-06,Attended,GP,Home Visit,More than 28 Days,474
2022-06,Attended,GP,Home Visit,Same Day,42491
2022-06,Attended,GP,Home Visit,Unknown / Data Quality,680
2022-06,Attended,GP,Telephone,1 Day,403494
2022-06,Attended,GP,Telephone,15  to 21 Days,242799
2022-06,Attended,GP,Telephone,2 to 7 Days,722163
2022-06,Attended,GP,Telephone,22  to 28 Days,149061
2022-06,Attended,GP,Telephone,8  to 14 Days,423145
2022-06,Attended,GP,Telephone,More than 28 Days,85193
2022-06,Attended,GP,Telephone,Same Day,3253448
2022-06,Attended,GP,Telephone,Unknown / Data Quality,4227
2022-06,Attended,GP,Unknown,1 Day,8296
2022-06,Attended,GP,Unknown,15  to 21 Days,5378
2022-06,Attended,GP,Unknown,2 to 7 Days,11044
2022-06,Attended,GP,Unknown,22  to 28 Days,2878
2022-06,Attended,GP,Unknown,8  to 14 Days,6760
2022-06,Attended,GP,Unknown,More than 28 Days,2511
2022-06,Attended,GP,Unknown,Same Day,58415
2022-06,Attended,GP,Unknown,Unknown / Data Quality,145
2022-06,Attended,GP,Video/Online,1 Day,10498
2022-06,Attended,GP,Video/Online,15  to 21 Days,3260
2022-06,Attended,GP,Video/Online,2 to 7 Days,13598
2022-06,Attended,GP,Video/Online,22  to 28 Days,2511
2022-06,Attended,GP,Video/Online,8  to 14 Days,5685
2022-06,Attended,GP,Video/Online,More than 28 Days,2102
2022-06,Attended,GP,Video/Online,Same Day,24794
2022-06,Attended,GP,Video/Online,Unknown / Data Quality,52
2022-06,Attended,Other Practice staff,Face-to-Face,1 Day,690509
2022-06,Attended,Other Practice staff,Face-to-Face,15  to 21 Days,907791
2022-06,Attended,Other Practice staff,Face-to-Face,2 to 7 Days,1949097
2022-06,Attended,Other Practice staff,Face-to-Face,22  to 28 Days,558588
2022-06,Attended,Other Practice staff,Face-to-Face,8  to 14 Days,1561754
2022-06,Attended,Other Practice staff,Face-to-Face,More than 28 Days,511079
2022-06,Attended,Other Practice staff,Face-to-Face,Same Day,2157603
2022-06,Attended,Other Practice staff,Face-to-Face,Unknown / Data Quality,4816
2022-06,Attended,Other Practice staff,Home Visit,1 Day,8612
2022-06,Attended,Other Practice staff,Home Visit,15  to 21 Days,2678
2022-06,Attended,Other Practice staff,Home Visit,2 to 7 Days,13184
2022-06,Attended,Other Practice staff,Home Visit,22  to 28 Days,1810
2022-06,Attended,Other Practice staff,Home Visit,8  to 14 Days,5820
2022-06,Attended,Other Practice staff,Home Visit,More than 28 Days,1862
2022-06,Attended,Other Practice staff,Home Visit,Same Day,32640
2022-06,Attended,Other Practice staff,Home Visit,Unknown / Data Quality,664
2022-06,Attended,Other Practice staff,Telephone,1 Day,224732
2022-06,Attended,Other Practice staff,Telephone,15  to 21 Days,112536
2022-06,Attended,Other Practice staff,Telephone,2 to 7 Days,369541
2022-06,Attended,Other Practice staff,Telephone,22  to 28 Days,72721
2022-06,Attended,Other Practice staff,Telephone,8  to 14 Days,196013
2022-06,Attended,Other Practice staff,Telephone,More than 28 Days,60072
2022-06,Attended,Other Practice staff,Telephone,Same Day,1198479
2022-06,Attended,Other Practice staff,Telephone,Unknown / Data Quality,1619
2022-06,Attended,Other Practice staff,Unknown,1 Day,7011
2022-06,Attended,Other Practice staff,Unknown,15  to 21 Days,6734
2022-06,Attended,Other Practice staff,Unknown,2 to 7 Days,16342
2022-06,Attended,Other Practice staff,Unknown,22  to 28 Days,3983
2022-06,Attended,Other Practice staff,Unknown,8  to 14 Days,11984
2022-06,Attended,Other Practice staff,Unknown,More than 28 Days,3389
2022-06,Attended,Other Practice staff,Unknown,Same Day,27163
2022-06,Attended,Other Practice staff,Unknown,Unknown / Data Quality,245
2022-06,Attended,Other Practice staff,Video/Online,1 Day,10748
2022-06,Attended,Other Practice staff,Video/Online,15  to 21 Days,6895
2022-06,Attended,Other Practice staff,Video/Online,2 to 7 Days,11891
2022-06,Attended,Other Practice staff,Video/Online,22  to 28 Days,4326
2022-06,Attended,Other Practice staff,Video/Online,8  to 14 Days,9623
2022-06,Attended,Other Practice staff,Video/Online,More than 28 Days,3773
2022-06,Attended,Other Practice staff,Video/Online,Same Day,16385
2022-06,Attended,Other Practice staff,Video/Online,Unknown / Data Quality,16
2022-06,Attended,Unknown,Face-to-Face,1 Day,18057
2022-06,Attended,Unknown,Face-to-Face,15  to 21 Days,3078
2022-06,Attended,Unknown,Face-to-Face,2 to 7 Days,14338
2022-06,Attended,Unknown,Face-to-Face,22  to 28 Days,1853
2022-06,Attended,Unknown,Face-to-Face,8  to 14 Days,4904
2022-06,Attended,Unknown,Face-to-Face,More than 28 Days,1623
2022-06,Attended,Unknown,Face-to-Face,Same Day,102938
2022-06,Attended,Unknown,Face-to-Face,Unknown / Data Quality,183
2022-06,Attended,Unknown,Home Visit,1 Day,2378
2022-06,Attended,Unknown,Home Visit,15  to 21 Days,80
2022-06,Attended,Unknown,Home Visit,2 to 7 Days,1496
2022-06,Attended,Unknown,Home Visit,22  to 28 Days,69
2022-06,Attended,Unknown,Home Visit,8  to 14 Days,252
2022-06,Attended,Unknown,Home Visit,More than 28 Days,31
2022-06,Attended,Unknown,Home Visit,Same Day,10205
2022-06,Attended,Unknown,Home Visit,Unknown / Data Quality,32
2022-06,Attended,Unknown,Telephone,1 Day,12836
2022-06,Attended,Unknown,Telephone,15  to 21 Days,968
2022-06,Attended,Unknown,Telephone,2 to 7 Days,8573
2022-06,Attended,Unknown,Telephone,22  to 28 Days,546
2022-06,Attended,Unknown,Telephone,8  to 14 Days,2283
2022-06,Attended,Unknown,Telephone,More than 28 Days,326
2022-06,Attended,Unknown,Telephone,Same Day,114528
2022-06,Attended,Unknown,Telephone,Unknown / Data Quality,12
2022-06,Attended,Unknown,Unknown,1 Day,35488
2022-06,Attended,Unknown,Unknown,15  to 21 Days,18015
2022-06,Attended,Unknown,Unknown,2 to 7 Days,68609
2022-06,Attended,Unknown,Unknown,22  to 28 Days,10400
2022-06,Attended,Unknown,Unknown,8  to 14 Days,35219
2022-06,Attended,Unknown,Unknown,More than 28 Days,9346
2022-06,Attended,Unknown,Unknown,Same Day,267448
2022-06,Attended,Unknown,Unknown,Unknown / Data Quality,568
2022-06,Attended,Unknown,Video/Online,1 Day,37
2022-06,Attended,Unknown,Video/Online,15  to 21 Days,7
2022-06,Attended,Unknown,Video/Online,2 to 7 Days,37
2022-06,Attended,Unknown,Video/Online,22  to 28 Days,2
2022-06,Attended,Unknown,Video/Online,8  to 14 Days,19
2022-06,Attended,Unknown,Video/Online,More than 28 Days,2
2022-06,Attended,Unknown,Video/Online,Same Day,278
2022-06,DNA,GP,Face-to-Face,1 Day,22345
2022-06,DNA,GP,Face-to-Face,15  to 21 Days,27075
2022-06,DNA,GP,Face-to-Face,2 to 7 Days,58304
2022-06,DNA,GP,Face-to-Face,22  to 28 Days,18773
2022-06,DNA,GP,Face-to-Face,8  to 14 Days,43141
2022-06,DNA,GP,Face-to-Face,More than 28 Days,18056
2022-06,DNA,GP,Face-to-Face,Same Day,62113
2022-06,DNA,GP,Face-to-Face,Unknown / Data Quality,181
2022-06,DNA,GP,Home Visit,1 Day,167
2022-06,DNA,GP,Home Visit,15  to 21 Days,52
2022-06,DNA,GP,Home Visit,2 to 7 Days,327
2022-06,DNA,GP,Home Visit,22  to 28 Days,25
2022-06,DNA,GP,Home Visit,8  to 14 Days,104
2022-06,DNA,GP,Home Visit,More than 28 Days,15
2022-06,DNA,GP,Home Visit,Same Day,907
2022-06,DNA,GP,Home Visit,Unknown / Data Quality,2
2022-06,DNA,GP,Telephone,1 Day,9138
2022-06,DNA,GP,Telephone,15  to 21 Days,6791
2022-06,DNA,GP,Telephone,2 to 7 Days,17725
2022-06,DNA,GP,Telephone,22  to 28 Days,4403
2022-06,DNA,GP,Telephone,8  to 14 Days,11561
2022-06,DNA,GP,Telephone,More than 28 Days,2100
2022-06,DNA,GP,Telephone,Same Day,47323
2022-06,DNA,GP,Telephone,Unknown / Data Quality,8
2022-06,DNA,GP,Unknown,1 Day,250
2022-06,DNA,GP,Unknown,15  to 21 Days,113
2022-06,DNA,GP,Unknown,2 to 7 Days,369
2022-06,DNA,GP,Unknown,22  to 28 Days,72
2022-06,DNA,GP,Unknown,8  to 14 Days,206
2022-06,DNA,GP,Unknown,More than 28 Days,141
2022-06,DNA,GP,Unknown,Same Day,947
2022-06,DNA,GP,Unknown,Unknown / Data Quality,2
2022-06,DNA,GP,Video/Online,1 Day,120
2022-06,DNA,GP,Video/Online,15  to 21 Days,197
2022-06,DNA,GP,Video/Online,2 to 7 Days,635
2022-06,DNA,GP,Video/Online,22  to 28 Days,140
2022-06,DNA,GP,Video/Online,8  to 14 Days,254
2022-06,DNA,GP,Video/Online,More than 28 Days,134
2022-06,DNA,GP,Video/Online,Same Day,477
2022-06,DNA,Other Practice staff,Face-to-Face,1 Day,40294
2022-06,DNA,Other Practice staff,Face-to-Face,15  to 21 Days,108858
2022-06,DNA,Other Practice staff,Face-to-Face,2 to 7 Days,172892
2022-06,DNA,Other Practice staff,Face-to-Face,22  to 28 Days,68314
2022-06,DNA,Other Practice staff,Face-to-Face,8  to 14 Days,174995
2022-06,DNA,Other Practice staff,Face-to-Face,More than 28 Days,68596
2022-06,DNA,Other Practice staff,Face-to-Face,Same Day,59906
2022-06,DNA,Other Practice staff,Face-to-Face,Unknown / Data Quality,88
2022-06,DNA,Other Practice staff,Home Visit,1 Day,364
2022-06,DNA,Other Practice staff,Home Visit,15  to 21 Days,234
2022-06,DNA,Other Practice staff,Home Visit,2 to 7 Days,694
2022-06,DNA,Other Practice staff,Home Visit,22  to 28 Days,130
2022-06,DNA,Other Practice staff,Home Visit,8  to 14 Days,449
2022-06,DNA,Other Practice staff,Home Visit,More than 28 Days,139
2022-06,DNA,Other Practice staff,Home Visit,Same Day,933
2022-06,DNA,Other Practice staff,Home Visit,Unknown / Data Quality,5
2022-06,DNA,Other Practice staff,Telephone,1 Day,9677
2022-06,DNA,Other Practice staff,Telephone,15  to 21 Days,6379
2022-06,DNA,Other Practice staff,Telephone,2 to 7 Days,20572
2022-06,DNA,Other Practice staff,Telephone,22  to 28 Days,4097
2022-06,DNA,Other Practice staff,Telephone,8  to 14 Days,11752
2022-06,DNA,Other Practice staff,Telephone,More than 28 Days,3310
2022-06,DNA,Other Practice staff,Telephone,Same Day,27054
2022-06,DNA,Other Practice staff,Telephone,Unknown / Data Quality,46
2022-06,DNA,Other Practice staff,Unknown,1 Day,529
2022-06,DNA,Other Practice staff,Unknown,15  to 21 Days,315
2022-06,DNA,Other Practice staff,Unknown,2 to 7 Days,1198
2022-06,DNA,Other Practice staff,Unknown,22  to 28 Days,251
2022-06,DNA,Other Practice staff,Unknown,8  to 14 Days,569
2022-06,DNA,Other Practice staff,Unknown,More than 28 Days,358
2022-06,DNA,Other Practice staff,Unknown,Same Day,1513
2022-06,DNA,Other Practice staff,Unknown,Unknown / Data Quality,7
2022-06,DNA,Other Practice staff,Video/Online,1 Day,659
2022-06,DNA,Other Practice staff,Video/Online,15  to 21 Days,621
2022-06,DNA,Other Practice staff,Video/Online,2 to 7 Days,939
2022-06,DNA,Other Practice staff,Video/Online,22  to 28 Days,410
2022-06,DNA,Other Practice staff,Video/Online,8  to 14 Days,939
2022-06,DNA,Other Practice staff,Video/Online,More than 28 Days,396
2022-06,DNA,Other Practice staff,Video/Online,Same Day,622
2022-06,DNA,Unknown,Face-to-Face,1 Day,628
2022-06,DNA,Unknown,Face-to-Face,15  to 21 Days,323
2022-06,DNA,Unknown,Face-to-Face,2 to 7 Days,1217
2022-06,DNA,Unknown,Face-to-Face,22  to 28 Days,177
2022-06,DNA,Unknown,Face-to-Face,8  to 14 Days,569
2022-06,DNA,Unknown,Face-to-Face,More than 28 Days,119
2022-06,DNA,Unknown,Face-to-Face,Same Day,1165
2022-06,DNA,Unknown,Face-to-Face,Unknown / Data Quality,1
2022-06,DNA,Unknown,Home Visit,1 Day,271
2022-06,DNA,Unknown,Home Visit,15  to 21 Days,17
2022-06,DNA,Unknown,Home Visit,2 to 7 Days,145
2022-06,DNA,Unknown,Home Visit,22  to 28 Days,10
2022-06,DNA,Unknown,Home Visit,8  to 14 Days,51
2022-06,DNA,Unknown,Home Visit,More than 28 Days,15
2022-06,DNA,Unknown,Home Visit,Same Day,747
2022-06,DNA,Unknown,Telephone,1 Day,596
2022-06,DNA,Unknown,Telephone,15  to 21 Days,49
2022-06,DNA,Unknown,Telephone,2 to 7 Days,347
2022-06,DNA,Unknown,Telephone,22  to 28 Days,32
2022-06,DNA,Unknown,Telephone,8  to 14 Days,115
2022-06,DNA,Unknown,Telephone,More than 28 Days,14
2022-06,DNA,Unknown,Telephone,Same Day,2535
2022-06,DNA,Unknown,Telephone,Unknown / Data Quality,2
2022-06,DNA,Unknown,Unknown,1 Day,953
2022-06,DNA,Unknown,Unknown,15  to 21 Days,1377
2022-06,DNA,Unknown,Unknown,2 to 7 Days,3287
2022-06,DNA,Unknown,Unknown,22  to 28 Days,900
2022-06,DNA,Unknown,Unknown,8  to 14 Days,2554
2022-06,DNA,Unknown,Unknown,More than 28 Days,935
2022-06,DNA,Unknown,Unknown,Same Day,1978
2022-06,DNA,Unknown,Unknown,Unknown / Data Quality,4
2022-06,DNA,Unknown,Video/Online,22  to 28 Days,1
2022-06,DNA,Unknown,Video/Online,8  to 14 Days,3
2022-06,DNA,Unknown,Video/Online,Same Day,2
2022-06,Unknown,GP,Face-to-Face,1 Day,17153
2022-06,Unknown,GP,Face-to-Face,15  to 21 Days,20502
2022-06,Unknown,GP,Face-to-Face,2 to 7 Days,33875
2022-06,Unknown,GP,Face-to-Face,22  to 28 Days,16307
2022-06,Unknown,GP,Face-to-Face,8  to 14 Days,27643
2022-06,Unknown,GP,Face-to-Face,More than 28 Days,21347
2022-06,Unknown,GP,Face-to-Face,Same Day,60897
2022-06,Unknown,GP,Face-to-Face,Unknown / Data Quality,742
2022-06,Unknown,GP,Home Visit,1 Day,2036
2022-06,Unknown,GP,Home Visit,15  to 21 Days,296
2022-06,Unknown,GP,Home Visit,2 to 7 Days,2008
2022-06,Unknown,GP,Home Visit,22  to 28 Days,161
2022-06,Unknown,GP,Home Visit,8  to 14 Days,712
2022-06,Unknown,GP,Home Visit,More than 28 Days,352
2022-06,Unknown,GP,Home Visit,Same Day,7595
2022-06,Unknown,GP,Home Visit,Unknown / Data Quality,205
2022-06,Unknown,GP,Telephone,1 Day,12909
2022-06,Unknown,GP,Telephone,15  to 21 Days,12569
2022-06,Unknown,GP,Telephone,2 to 7 Days,22673
2022-06,Unknown,GP,Telephone,22  to 28 Days,9552
2022-06,Unknown,GP,Telephone,8  to 14 Days,18600
2022-06,Unknown,GP,Telephone,More than 28 Days,9034
2022-06,Unknown,GP,Telephone,Same Day,49764
2022-06,Unknown,GP,Telephone,Unknown / Data Quality,230
2022-06,Unknown,GP,Unknown,1 Day,344
2022-06,Unknown,GP,Unknown,15  to 21 Days,729
2022-06,Unknown,GP,Unknown,2 to 7 Days,841
2022-06,Unknown,GP,Unknown,22  to 28 Days,644
2022-06,Unknown,GP,Unknown,8  to 14 Days,633
2022-06,Unknown,GP,Unknown,More than 28 Days,736
2022-06,Unknown,GP,Unknown,Same Day,1572
2022-06,Unknown,GP,Unknown,Unknown / Data Quality,2
2022-06,Unknown,GP,Video/Online,1 Day,122
2022-06,Unknown,GP,Video/Online,15  to 21 Days,126
2022-06,Unknown,GP,Video/Online,2 to 7 Days,198
2022-06,Unknown,GP,Video/Online,22  to 28 Days,65
2022-06,Unknown,GP,Video/Online,8  to 14 Days,158
2022-06,Unknown,GP,Video/Online,More than 28 Days,125
2022-06,Unknown,GP,Video/Online,Same Day,489
2022-06,Unknown,GP,Video/Online,Unknown / Data Quality,8
2022-06,Unknown,Other Practice staff,Face-to-Face,1 Day,18367
2022-06,Unknown,Other Practice staff,Face-to-Face,15  to 21 Days,57710
2022-06,Unknown,Other Practice staff,Face-to-Face,2 to 7 Days,67299
2022-06,Unknown,Other Practice staff,Face-to-Face,22  to 28 Days,44473
2022-06,Unknown,Other Practice staff,Face-to-Face,8  to 14 Days,81246
2022-06,Unknown,Other Practice staff,Face-to-Face,More than 28 Days,69174
2022-06,Unknown,Other Practice staff,Face-to-Face,Same Day,70153
2022-06,Unknown,Other Practice staff,Face-to-Face,Unknown / Data Quality,1792
2022-06,Unknown,Other Practice staff,Home Visit,1 Day,2527
2022-06,Unknown,Other Practice staff,Home Visit,15  to 21 Days,723
2022-06,Unknown,Other Practice staff,Home Visit,2 to 7 Days,3335
2022-06,Unknown,Other Practice staff,Home Visit,22  to 28 Days,584
2022-06,Unknown,Other Practice staff,Home Visit,8  to 14 Days,1571
2022-06,Unknown,Other Practice staff,Home Visit,More than 28 Days,724
2022-06,Unknown,Other Practice staff,Home Visit,Same Day,5288
2022-06,Unknown,Other Practice staff,Home Visit,Unknown / Data Quality,72
2022-06,Unknown,Other Practice staff,Telephone,1 Day,8459
2022-06,Unknown,Other Practice staff,Telephone,15  to 21 Days,8322
2022-06,Unknown,Other Practice staff,Telephone,2 to 7 Days,19031
2022-06,Unknown,Other Practice staff,Telephone,22  to 28 Days,6268
2022-06,Unknown,Other Practice staff,Telephone,8  to 14 Days,13066
2022-06,Unknown,Other Practice staff,Telephone,More than 28 Days,8201
2022-06,Unknown,Other Practice staff,Telephone,Same Day,28671
2022-06,Unknown,Other Practice staff,Telephone,Unknown / Data Quality,411
2022-06,Unknown,Other Practice staff,Unknown,1 Day,461
2022-06,Unknown,Other Practice staff,Unknown,15  to 21 Days,1175
2022-06,Unknown,Other Practice staff,Unknown,2 to 7 Days,1919
2022-06,Unknown,Other Practice staff,Unknown,22  to 28 Days,920
2022-06,Unknown,Other Practice staff,Unknown,8  to 14 Days,1952
2022-06,Unknown,Other Practice staff,Unknown,More than 28 Days,1807
2022-06,Unknown,Other Practice staff,Unknown,Same Day,2106
2022-06,Unknown,Other Practice staff,Video/Online,1 Day,89
2022-06,Unknown,Other Practice staff,Video/Online,15  to 21 Days,315
2022-06,Unknown,Other Practice staff,Video/Online,2 to 7 Days,230
2022-06,Unknown,Other Practice staff,Video/Online,22  to 28 Days,199
2022-06,Unknown,Other Practice staff,Video/Online,8  to 14 Days,346
2022-06,Unknown,Other Practice staff,Video/Online,More than 28 Days,271
2022-06,Unknown,Other Practice staff,Video/Online,Same Day,143
2022-06,Unknown,Other Practice staff,Video/Online,Unknown / Data Quality,3
2022-06,Unknown,Unknown,Face-to-Face,1 Day,2527
2022-06,Unknown,Unknown,Face-to-Face,15  to 21 Days,457
2022-06,Unknown,Unknown,Face-to-Face,2 to 7 Days,3111
2022-06,Unknown,Unknown,Face-to-Face,22  to 28 Days,417
2022-06,Unknown,Unknown,Face-to-Face,8  to 14 Days,1014
2022-06,Unknown,Unknown,Face-to-Face,More than 28 Days,782
2022-06,Unknown,Unknown,Face-to-Face,Same Day,12217
2022-06,Unknown,Unknown,Face-to-Face,Unknown / Data Quality,246
2022-06,Unknown,Unknown,Home Visit,1 Day,889
2022-06,Unknown,Unknown,Home Visit,15  to 21 Days,155
2022-06,Unknown,Unknown,Home Visit,2 to 7 Days,953
2022-06,Unknown,Unknown,Home Visit,22  to 28 Days,136
2022-06,Unknown,Unknown,Home Visit,8  to 14 Days,345
2022-06,Unknown,Unknown,Home Visit,More than 28 Days,90
2022-06,Unknown,Unknown,Home Visit,Same Day,3614
2022-06,Unknown,Unknown,Home Visit,Unknown / Data Quality,13
2022-06,Unknown,Unknown,Telephone,1 Day,1071
2022-06,Unknown,Unknown,Telephone,15  to 21 Days,112
2022-06,Unknown,Unknown,Telephone,2 to 7 Days,983
2022-06,Unknown,Unknown,Telephone,22  to 28 Days,59
2022-06,Unknown,Unknown,Telephone,8  to 14 Days,211
2022-06,Unknown,Unknown,Telephone,More than 28 Days,75
2022-06,Unknown,Unknown,Telephone,Same Day,3718
2022-06,Unknown,Unknown,Telephone,Unknown / Data Quality,11
2022-06,Unknown,Unknown,Unknown,1 Day,1018
2022-06,Unknown,Unknown,Unknown,15  to 21 Days,3918
2022-06,Unknown,Unknown,Unknown,2 to 7 Days,4895
2022-06,Unknown,Unknown,Unknown,22  to 28 Days,3013
2022-06,Unknown,Unknown,Unknown,8  to 14 Days,5493
2022-06,Unknown,Unknown,Unknown,More than 28 Days,5075
2022-06,Unknown,Unknown,Unknown,Same Day,1889
2022-06,Unknown,Unknown,Unknown,Unknown / Data Quality,51
2022-06,Unknown,Unknown,Video/Online,2 to 7 Days,1
